student_id,Curso,Semestre,Nota Curso,n_asistencias,asistio
017fa3271c12e0358caa0b3a,Cálculo Diferencial,2025-2,,0,False
01c00cf8e4ca011bb5fd33a8,Cálculo Diferencial,2025-2,3.75,0,False
021c8ee196052cbdf6918d8d,Cálculo Diferencial,2025-2,4.54,4,True
02630362cdcfe8de2f79f265,Cálculo Diferencial,2025-2,4.2,0,False
073a35b3bf7f280c07e7dd3d,Cálculo Diferencial,2025-2,2.17,0,False
08ceb6ea0254509bed5f396c,Cálculo Diferencial,2025-2,,0,False
08e75ce9f0737a412ded9c50,Cálculo Diferencial,2025-2,,0,False
08fd3e843c90cdafd41340b2,Cálculo Diferencial,2025-2,,0,False
0902e858993ef33d4f2e2412,Cálculo Diferencial,2025-2,3.04,2,True
098144f597221d497467c536,Cálculo Diferencial,2025-2,3.01,0,False
0aa843497e8ac3c1080001d3,Cálculo Diferencial,2025-2,,1,True
0c9550d05cef6c0040c586ad,Cálculo Diferencial,2025-2,3.52,0,False
0ce5ce20fa95efc8135c0857,Cálculo Diferencial,2025-2,3.88,0,False
0d042b3d4935222636cdd29c,Cálculo Diferencial,2025-2,2.25,0,False
0e541a2653a9c5a2aa7cf3fe,Cálculo Diferencial,2025-2,2.63,3,True
0ea0de138392f7ff7954747c,Cálculo Diferencial,2025-2,3.04,0,False
10a76c7697c3a428944e6add,Cálculo Diferencial,2025-2,3.18,1,True
11983233ecbc234a1fdd6882,Cálculo Diferencial,2025-2,3.32,0,False
11a8684cccd473f5663628d3,Cálculo Diferencial,2025-2,,0,False
11e82e37c30e102da40ab6be,Cálculo Diferencial,2025-2,4.4,0,False
11f915728c0252bd7ce644f1,Cálculo Diferencial,2025-2,,2,True
1262c0376bfc1864284fbf6d,Cálculo Diferencial,2025-2,1.78,0,False
1308eb7b14faca1eb43728c0,Cálculo Diferencial,2025-2,,0,False
1506e1677a833daef03e48be,Cálculo Diferencial,2025-2,1.42,0,False
166bb74ef810034d9de43e90,Cálculo Diferencial,2025-2,2.14,0,False
178b0e71cc7c588c59f4520e,Cálculo Diferencial,2025-2,3.39,1,True
180bc0c9ee6f55f471d9c120,Cálculo Diferencial,2025-2,3.96,0,False
18372478f8b9cfcbf9c8b442,Cálculo Diferencial,2025-2,,0,False
18c0efcbe3c6ac55e6e0f30c,Cálculo Diferencial,2025-2,2.68,0,False
18c92509f3e81ed0c28ca0c4,Cálculo Diferencial,2025-2,3.53,4,True
1a4250e0503ff33e9585ed63,Cálculo Diferencial,2025-2,2.65,2,True
1c33a36f6edb4285c412f508,Cálculo Diferencial,2025-2,1.82,2,True
1cdd1f784980254d9f07c2dd,Cálculo Diferencial,2025-2,3.29,0,False
1e8299b8a96d46dc225acdb8,Cálculo Diferencial,2025-2,2.69,0,False
2179eee37a6abd83c87a495e,Cálculo Diferencial,2025-2,3.15,1,True
239194eb2f50cd995c76bfde,Cálculo Diferencial,2025-2,,0,False
23d0e76fe9fec7cf8e7113b2,Cálculo Diferencial,2025-2,,1,True
242b0aff4199c66d678dcbe6,Cálculo Diferencial,2025-2,,0,False
25785137300f10f9cd9bc5d2,Cálculo Diferencial,2025-2,3.52,0,False
27906e8f728697651cd0c307,Cálculo Diferencial,2025-2,1.23,0,False
27b26657b3cef47bc938107f,Cálculo Diferencial,2025-2,,0,False
28bfd8f73dbb571a36f79761,Cálculo Diferencial,2025-2,,0,False
29a19d0983ba1239b1d15fc0,Cálculo Diferencial,2025-2,1.08,0,False
2d43a27c87ddba8ca6e5239f,Cálculo Diferencial,2025-2,4.34,0,False
2ee68b227251ffab4d344d2c,Cálculo Diferencial,2025-2,0.0,0,False
3286aa22d9ee7bdad74493ae,Cálculo Diferencial,2025-2,,0,False
3319a2e8dc47ccb8fb08e715,Cálculo Diferencial,2025-2,0.0,0,False
33deb7ed2e5721f4acdbdb37,Cálculo Diferencial,2025-2,3.13,0,False
3464d41070d965ad1bd8e00e,Cálculo Diferencial,2025-2,4.46,0,False
36dd99a4cf0f068df19b56ca,Cálculo Diferencial,2025-2,2.71,0,False
375ea32c5778357a76d2cc5e,Cálculo Diferencial,2025-2,3.05,0,False
37d68429464bdc5f79af3e88,Cálculo Diferencial,2025-2,3.05,0,False
38d11dd047b18680d532d744,Cálculo Diferencial,2025-2,3.4,0,False
39991ff9bd21abb750d1342e,Cálculo Diferencial,2025-2,,0,False
3b71caa3a75e82166e2ce666,Cálculo Diferencial,2025-2,3.08,0,False
3be5453d48f6f441c3783e5e,Cálculo Diferencial,2025-2,2.77,2,True
3c166815ad3da84dc12691f8,Cálculo Diferencial,2025-2,3.2,1,True
3df7bd34fa38c2917539345b,Cálculo Diferencial,2025-2,,0,False
3e2560effe366091ea2900fd,Cálculo Diferencial,2025-2,1.6,0,False
3eb19667ff53eb503a5a5d97,Cálculo Diferencial,2025-2,3.09,4,True
3fa331a344960f3e3a0a6050,Cálculo Diferencial,2025-2,,0,False
3fc41be97c2c77c4eaeaa01e,Cálculo Diferencial,2025-2,,0,False
41e950de85c0d17049a431f5,Cálculo Diferencial,2025-2,,1,True
44e7602cebda45eecbf41f17,Cálculo Diferencial,2025-2,3.61,0,False
450c14f9e4c3e1e09bb00439,Cálculo Diferencial,2025-2,,0,False
45288378238228168e83c93f,Cálculo Diferencial,2025-2,,0,False
458dc0c49c5d723670db3955,Cálculo Diferencial,2025-2,,0,False
4624fab6f7ce832786e2b590,Cálculo Diferencial,2025-2,3.56,0,False
47200f5eac86b207e062b5b8,Cálculo Diferencial,2025-2,,0,False
47c4fe768f836b7237d0b4d4,Cálculo Diferencial,2025-2,3.66,0,False
47ef0e890a270c76039be03a,Cálculo Diferencial,2025-2,3.55,0,False
4ad40c5144e8f9e547dfdb49,Cálculo Diferencial,2025-2,,0,False
4cba979324b00ddd90071605,Cálculo Diferencial,2025-2,2.32,1,True
4e9f65a8b88e887b5c3fc9c9,Cálculo Diferencial,2025-2,2.15,0,False
4f76183d97e47bceb9c1ea01,Cálculo Diferencial,2025-2,3.04,0,False
4fa129a25c3d4829567a6817,Cálculo Diferencial,2025-2,3.13,0,False
514b8cc9ae9b859db7bff512,Cálculo Diferencial,2025-2,3.73,0,False
52ab5f3522b67e325dce79f2,Cálculo Diferencial,2025-2,,0,False
52bd5df76d2297633f438041,Cálculo Diferencial,2025-2,2.67,0,False
52db9d338150e27b4295e2a7,Cálculo Diferencial,2025-2,,0,False
552279da3ec6a6d2a3ee2989,Cálculo Diferencial,2025-2,2.6,0,False
5662897e74f7c7106fcc44e7,Cálculo Diferencial,2025-2,,0,False
56ff4279f68292fa44430fb9,Cálculo Diferencial,2025-2,1.63,0,False
58389ec2196ff850e9cc4eb6,Cálculo Diferencial,2025-2,,0,False
5873fbf9e0b30211e5c5c483,Cálculo Diferencial,2025-2,3.35,0,False
587b0f3924f2cd416b9479a7,Cálculo Diferencial,2025-2,0.0,0,False
599bd38456817831f324ceda,Cálculo Diferencial,2025-2,,0,False
5b4086cde4849485717d5930,Cálculo Diferencial,2025-2,,0,False
5bdbab7988a29236d84ab3eb,Cálculo Diferencial,2025-2,3.92,0,False
5c76332744e45a8ae00e436b,Cálculo Diferencial,2025-2,3.06,2,True
5e2267ed905084442694f360,Cálculo Diferencial,2025-2,,0,False
60201d6c936a016e4d951d35,Cálculo Diferencial,2025-2,3.0,1,True
6483ee6eb4b792365ae696a1,Cálculo Diferencial,2025-2,1.31,0,False
64c2168569b3dcba70d72efe,Cálculo Diferencial,2025-2,3.26,1,True
662ce38563e308c51507d8c0,Cálculo Diferencial,2025-2,1.52,1,True
6686871c49e518514edd22ef,Cálculo Diferencial,2025-2,,0,False
67045cd17d7f709bf2a40882,Cálculo Diferencial,2025-2,2.85,0,False
6707592cd76df754070dfb7f,Cálculo Diferencial,2025-2,4.56,0,False
67efe791d1f6b2f79ee18115,Cálculo Diferencial,2025-2,3.1,0,False
68c51c73095347add3518317,Cálculo Diferencial,2025-2,3.47,4,True
695720cff4bdda03ee3e9db6,Cálculo Diferencial,2025-2,3.5,0,False
6a64f4496c0c8a0b993dbf6d,Cálculo Diferencial,2025-2,3.0,0,False
6c761b757b16ceb39b7ea8fc,Cálculo Diferencial,2025-2,,0,False
6cdff45e9d66d79cd0bec150,Cálculo Diferencial,2025-2,3.0,0,False
6d952aa1592c431d2c3bc515,Cálculo Diferencial,2025-2,,0,False
6da927a715dc6345981af9ed,Cálculo Diferencial,2025-2,3.0,0,False
6db91f2f83c41b72ad093853,Cálculo Diferencial,2025-2,4.65,0,False
6df92711388e4a1208477899,Cálculo Diferencial,2025-2,,0,False
6e221fd399c66d2d8d7d8ea9,Cálculo Diferencial,2025-2,3.46,2,True
711f208da46cef4c13777b26,Cálculo Diferencial,2025-2,2.4,0,False
71c07eea83bc8d7aacd26653,Cálculo Diferencial,2025-2,3.57,0,False
72ee569dc4b145965cf5d59c,Cálculo Diferencial,2025-2,,0,False
731bfbc6af2964a33bad077f,Cálculo Diferencial,2025-2,3.66,4,True
73ab6d9886f525938a33c874,Cálculo Diferencial,2025-2,3.68,0,False
73d6aa9a188fcb43b149620a,Cálculo Diferencial,2025-2,2.61,1,True
7568c7356327a2070ca159a6,Cálculo Diferencial,2025-2,,0,False
75abbb6ef93ae9156024c86c,Cálculo Diferencial,2025-2,3.25,0,False
774afd4c2c08a3daaa174617,Cálculo Diferencial,2025-2,4.26,0,False
789152b0f5fdbafb093b87bf,Cálculo Diferencial,2025-2,3.0,3,True
79ab8838cbd3fd3bef529b24,Cálculo Diferencial,2025-2,3.48,2,True
7b736dc0aae090d2e80dd67f,Cálculo Diferencial,2025-2,,0,False
7bf42da5e01517d270af4b94,Cálculo Diferencial,2025-2,,0,False
7d97761adc4e4f07dc9db1d1,Cálculo Diferencial,2025-2,3.02,4,True
7f31cbe2203e44fa7b49bd3a,Cálculo Diferencial,2025-2,,0,False
80814f184c4f10df290cba0b,Cálculo Diferencial,2025-2,3.98,0,False
80b385eb09b83b302ac48896,Cálculo Diferencial,2025-2,,0,False
821b4e5ba2de4e76eba4326d,Cálculo Diferencial,2025-2,,0,False
824aa96c9f31c0fbbcb13f1e,Cálculo Diferencial,2025-2,,0,False
82ab49faba7ca2fa0adc4f74,Cálculo Diferencial,2025-2,3.02,0,False
85645cb6b7a78c3bb75b486d,Cálculo Diferencial,2025-2,,0,False
8566a4eec0c018fcf45eb0ab,Cálculo Diferencial,2025-2,,1,True
86a42478b8df4a0007767646,Cálculo Diferencial,2025-2,3.02,0,False
87274e954e0b6efce2dfa647,Cálculo Diferencial,2025-2,3.2,0,False
8755d89b390648a09a13f960,Cálculo Diferencial,2025-2,,0,False
87da3a3bcc9bb105f5f7e85a,Cálculo Diferencial,2025-2,,0,False
892e1800e77ea52f217a2098,Cálculo Diferencial,2025-2,,0,False
89760db125f9104938f3ee01,Cálculo Diferencial,2025-2,3.05,0,False
8c35c0c4e98c7d7a63e24e60,Cálculo Diferencial,2025-2,3.84,2,True
8fdea87930b6102ffd064c90,Cálculo Diferencial,2025-2,3.29,0,False
90a70c02f40e5b0c217f1d5c,Cálculo Diferencial,2025-2,3.0,0,False
90d45967703cc33e75f10598,Cálculo Diferencial,2025-2,,2,True
922c72b5710b4d9def52641b,Cálculo Diferencial,2025-2,1.89,0,False
93a10e91b2cc2e8cbc994b71,Cálculo Diferencial,2025-2,2.69,0,False
93ab537ef175c81520fb2cc1,Cálculo Diferencial,2025-2,1.83,0,False
94a4ad2980f4b6d59e607b61,Cálculo Diferencial,2025-2,,1,True
94cf5f173e01948b48567781,Cálculo Diferencial,2025-2,0.28,0,False
96ab0f94d541ad9d5d16031b,Cálculo Diferencial,2025-2,,0,False
97c91f53a321e06145a1f02b,Cálculo Diferencial,2025-2,2.64,0,False
98740740ef8041432db3d4a5,Cálculo Diferencial,2025-2,,0,False
98746afd806061cb663bf2c6,Cálculo Diferencial,2025-2,3.84,3,True
98c5cf154eb6d66a57a69253,Cálculo Diferencial,2025-2,,0,False
98f4a486d665581c4cc10004,Cálculo Diferencial,2025-2,1.16,0,False
9c41e63bf2d25286da169bbb,Cálculo Diferencial,2025-2,3.48,0,False
9d03981c6de33ca7b45c78ed,Cálculo Diferencial,2025-2,3.92,2,True
9d61b1d572accb201fddbb4f,Cálculo Diferencial,2025-2,2.56,0,False
9d77bf62c1a60d473b943e62,Cálculo Diferencial,2025-2,2.21,0,False
a005ed200bc796c546b01ffc,Cálculo Diferencial,2025-2,,0,False
a0c71dcbbfccec6528805530,Cálculo Diferencial,2025-2,3.73,6,True
a0d7463164d4beacfb4efb4b,Cálculo Diferencial,2025-2,4.32,0,False
a5d9d1410f971d51fc8084f8,Cálculo Diferencial,2025-2,,0,False
a678b49f9959447e8827d2b6,Cálculo Diferencial,2025-2,,0,False
a976f1f09d5e4d4322f890d5,Cálculo Diferencial,2025-2,2.15,0,False
a9c7c628e17c7098ba8bb79f,Cálculo Diferencial,2025-2,3.04,0,False
aa69518f767e02c4efc5b96d,Cálculo Diferencial,2025-2,3.87,0,False
ab22864310af4f347f3d0391,Cálculo Diferencial,2025-2,,0,False
ab7bf148dd11257b4e6337d4,Cálculo Diferencial,2025-2,2.42,0,False
aefcad09c969548e5cbd0dc6,Cálculo Diferencial,2025-2,,1,True
af08da599bb9ba2232492b9e,Cálculo Diferencial,2025-2,3.08,0,False
b0cbb6f3de7b9d8277bf024d,Cálculo Diferencial,2025-2,,0,False
b0dfd883164dc2cd9d98f35a,Cálculo Diferencial,2025-2,,0,False
b1a48019adb83e5d9be82470,Cálculo Diferencial,2025-2,,0,False
b1f0838df365280ac911f195,Cálculo Diferencial,2025-2,3.15,0,False
b299ac87bc6d028b43e9c04e,Cálculo Diferencial,2025-2,,1,True
b5df0ded437b2262a72a140f,Cálculo Diferencial,2025-2,2.19,0,False
b5e5c015d25e11ee96c1884c,Cálculo Diferencial,2025-2,,0,False
b6c9a1883a20293abc85917b,Cálculo Diferencial,2025-2,3.19,0,False
b80b3d1a8b576bb690808d6a,Cálculo Diferencial,2025-2,4.21,1,True
b81608e54d46841743e21a79,Cálculo Diferencial,2025-2,3.27,0,False
b88d1254350c78bb8a26c2e1,Cálculo Diferencial,2025-2,,0,False
b90fe1d144d16e0e41b505ef,Cálculo Diferencial,2025-2,0.21,0,False
b91434fd61fd06d2344df54b,Cálculo Diferencial,2025-2,3.81,1,True
ba1096df98936d5914087130,Cálculo Diferencial,2025-2,,0,False
bc307cae60b9382298f613d2,Cálculo Diferencial,2025-2,3.01,0,False
bc625a3d12c5d3d43f9842b3,Cálculo Diferencial,2025-2,2.55,0,False
bcb0bed23a1f6b18203fbc81,Cálculo Diferencial,2025-2,2.8,0,False
be2154aec8b08c610c150cb5,Cálculo Diferencial,2025-2,3.01,0,False
be69ded32f533be3a727185a,Cálculo Diferencial,2025-2,1.76,0,False
c0feba7d3fb56895b09f5efc,Cálculo Diferencial,2025-2,3.17,0,False
c11b80f176b1e93f6437fd3d,Cálculo Diferencial,2025-2,1.11,1,True
c1f0d40a7e9e49503911a23d,Cálculo Diferencial,2025-2,3.3,0,False
c248edc9afc714788f6e9500,Cálculo Diferencial,2025-2,0.22,0,False
c26965529bd140d15b400f40,Cálculo Diferencial,2025-2,,1,True
c65cc5f6e76732a98dd80f3f,Cálculo Diferencial,2025-2,2.49,0,False
c7681c5e313b3e17fb4cf833,Cálculo Diferencial,2025-2,,1,True
c772b90129952c5de7dcc7b5,Cálculo Diferencial,2025-2,4.71,0,False
c87b4ce962bb01e6a562fbaa,Cálculo Diferencial,2025-2,0.45,0,False
c8e4678e6b3cffb2ae83e48b,Cálculo Diferencial,2025-2,,0,False
c93681c046119cf05dde5968,Cálculo Diferencial,2025-2,,0,False
ca03f33604378d76807dccbd,Cálculo Diferencial,2025-2,0.01,0,False
ca8acc330b29298dcd637bb1,Cálculo Diferencial,2025-2,1.26,0,False
cb01b297427e41ef3ce42ce6,Cálculo Diferencial,2025-2,3.08,0,False
d087e9387bb0a76e25a6aff9,Cálculo Diferencial,2025-2,3.38,2,True
d1ae9aa0b65291a42954303c,Cálculo Diferencial,2025-2,1.29,0,False
d1d949c957214ec47c8f238e,Cálculo Diferencial,2025-2,1.18,0,False
d41084b6e85361a5718d3d94,Cálculo Diferencial,2025-2,3.03,0,False
d4912bda057e160385ac86b6,Cálculo Diferencial,2025-2,,0,False
d4bb031ccfbcd1b87793e3ff,Cálculo Diferencial,2025-2,,0,False
d6be489afb4d2033d5cbc94a,Cálculo Diferencial,2025-2,4.0,0,False
db2ce7283c35891e4841041e,Cálculo Diferencial,2025-2,0.0,0,False
dce1dafb924f6c905433d5c8,Cálculo Diferencial,2025-2,,0,False
dd10683035e11d9d55de881c,Cálculo Diferencial,2025-2,,0,False
dd2b427df2b35b784ef227e2,Cálculo Diferencial,2025-2,3.82,0,False
ddb0ec625c79d0ecd8f47d95,Cálculo Diferencial,2025-2,,0,False
de292984b27c83a9cdf4149f,Cálculo Diferencial,2025-2,4.26,2,True
de5c42cdece0cdd7504db164,Cálculo Diferencial,2025-2,3.24,1,True
dece667ea55991a7e18efae2,Cálculo Diferencial,2025-2,,0,False
e25a8ef49089cc192ab14133,Cálculo Diferencial,2025-2,,0,False
e36ceb33608a8404c202e1c7,Cálculo Diferencial,2025-2,3.04,0,False
e7365a81280e29124d081302,Cálculo Diferencial,2025-2,3.32,0,False
e75525e3fdd63a16452b1b74,Cálculo Diferencial,2025-2,3.19,1,True
e7b8f71884ca3d79302d8a54,Cálculo Diferencial,2025-2,,0,False
e7fbe4a7d2b14984083047a6,Cálculo Diferencial,2025-2,3.09,2,True
e9652fb80f9cd50aaf97f2be,Cálculo Diferencial,2025-2,1.82,0,False
eaaef67c9816e46df372f9e1,Cálculo Diferencial,2025-2,,0,False
eb0bd022d6baf7bb426ff005,Cálculo Diferencial,2025-2,,0,False
eb51a0d375b386c9bf8c24c5,Cálculo Diferencial,2025-2,,0,False
ec175612e9d9df68b78f3552,Cálculo Diferencial,2025-2,3.41,0,False
ed2d8840e56422725c3ac63f,Cálculo Diferencial,2025-2,2.29,0,False
ee4acfc8e79f1a5d1d4007a9,Cálculo Diferencial,2025-2,3.92,1,True
eec5683623b432f4e965751c,Cálculo Diferencial,2025-2,2.84,0,False
eee0df9c4250c3c625f4af89,Cálculo Diferencial,2025-2,,0,False
ef5b3ab198fc48e9f3c02496,Cálculo Diferencial,2025-2,,0,False
f5c6a8066f496291fd751a6a,Cálculo Diferencial,2025-2,3.41,0,False
f61561873cfd14de462746b1,Cálculo Diferencial,2025-2,3.91,1,True
f697d0bdc41785a32d5e25b8,Cálculo Diferencial,2025-2,3.53,1,True
f6d5f6b5ca4ed38fa002a6b2,Cálculo Diferencial,2025-2,0.64,0,False
f778d726a876bc437f4c384f,Cálculo Diferencial,2025-2,,0,False
f8ab7392c22c216cba640be9,Cálculo Diferencial,2025-2,0.0,0,False
f9caf34d9040586137b51656,Cálculo Diferencial,2025-2,3.18,1,True
fa40ed85bc50f3453f0ec3ba,Cálculo Diferencial,2025-2,,0,False
fabc42a79303b2159b8de02d,Cálculo Diferencial,2025-2,,0,False
fb919e01e2f7d5946c665aca,Cálculo Diferencial,2025-2,,0,False
fdf95aa5488b93ed0b5b425a,Cálculo Diferencial,2025-2,1.9,1,True
fe39bc34274b5c71804c3915,Cálculo Diferencial,2025-2,,0,False
ff61e9eae1b28911904ce94d,Cálculo Diferencial,2025-2,1.59,0,False
02607c2c2b3880b1514e3e1e,Cálculo Integral,2025-2,3.76,0,False
02630362cdcfe8de2f79f265,Cálculo Integral,2025-2,,0,False
047a76c07f6d5de9129997e3,Cálculo Integral,2025-2,3.74,0,False
06b74a0b54004b6f7e3b1edd,Cálculo Integral,2025-2,3.56,6,True
08e12cc72f923f9e9d080301,Cálculo Integral,2025-2,,0,False
0a47bc7ad41c669b87db815e,Cálculo Integral,2025-2,0.11,0,False
0a59d077ceb0f8d9829901bd,Cálculo Integral,2025-2,2.38,2,True
0ad747074c23144800b6eab5,Cálculo Integral,2025-2,3.23,0,False
0b6e88ced116b906b2776ef0,Cálculo Integral,2025-2,3.18,1,True
0bbe194af9d525f05efbcfc8,Cálculo Integral,2025-2,3.25,0,False
0d12b168cf6aaed15c04cada,Cálculo Integral,2025-2,3.47,4,True
0e7cbe7e47a5d266548c3bda,Cálculo Integral,2025-2,3.01,1,True
0f3cef0919af1d285b338209,Cálculo Integral,2025-2,3.14,7,True
10067850c327c8ee925cdf0f,Cálculo Integral,2025-2,3.29,1,True
10d6ac6b73b5d85ab0bc69ff,Cálculo Integral,2025-2,2.54,0,False
1135548ea7dedf8302dcdef5,Cálculo Integral,2025-2,3.0,1,True
11d909c70aa7a679276e3477,Cálculo Integral,2025-2,,1,True
11e82e37c30e102da40ab6be,Cálculo Integral,2025-2,4.5,0,False
163ca1e283332d7e04bf5ff1,Cálculo Integral,2025-2,4.3,1,True
16562b56182308c9ade25ab6,Cálculo Integral,2025-2,3.73,2,True
17abb4d34ec52915ec338fd7,Cálculo Integral,2025-2,3.56,0,False
17ec940cc5519508bcea2dd3,Cálculo Integral,2025-2,2.64,3,True
180046daef7876cd81be09d8,Cálculo Integral,2025-2,3.45,0,False
1902384559c9a15af373cad9,Cálculo Integral,2025-2,,1,True
1988c5c56ec10f2b0e74ea8c,Cálculo Integral,2025-2,1.11,2,True
19e31d0851a0941290883d4d,Cálculo Integral,2025-2,2.55,0,False
1b2032526e9aac7cc829c4b4,Cálculo Integral,2025-2,2.04,17,True
1b777e8bf2a4f8c1059ce5cc,Cálculo Integral,2025-2,3.73,1,True
1e84c887b9ddbcc9426ee672,Cálculo Integral,2025-2,4.08,1,True
209e13a531b206343d116a77,Cálculo Integral,2025-2,3.02,12,True
20d7bc123f976a8ac4c64453,Cálculo Integral,2025-2,2.73,0,False
21e3aaacd5e71e74f4b97262,Cálculo Integral,2025-2,3.42,0,False
23e8ce2b7966bbf953cd9596,Cálculo Integral,2025-2,2.39,0,False
25c6841db688390d38a5ea36,Cálculo Integral,2025-2,3.12,2,True
2670823b504d3da772963662,Cálculo Integral,2025-2,3.25,3,True
2737adb8f4df5a99743b64a1,Cálculo Integral,2025-2,2.43,1,True
288fe50c824af9fb690bfec4,Cálculo Integral,2025-2,3.58,4,True
28f107cc1b2336d0453e13a9,Cálculo Integral,2025-2,3.88,1,True
291c45c7cce17df994995d41,Cálculo Integral,2025-2,3.12,0,False
2a3276256e0e66393d9d50de,Cálculo Integral,2025-2,,0,False
2b3851e26b2f7d8a5a03cf61,Cálculo Integral,2025-2,,0,False
2bec01ea465f41fded84191a,Cálculo Integral,2025-2,3.19,1,True
2d8e08d0487f9e5e73cc6bf9,Cálculo Integral,2025-2,2.89,0,False
31b47f11a3122e9dcf39d8f8,Cálculo Integral,2025-2,,0,False
322569f37eff0d2257669e1e,Cálculo Integral,2025-2,4.44,3,True
322f9e6abeaf147c3e60272c,Cálculo Integral,2025-2,,1,True
3302517b83091fd0a6bdc6e8,Cálculo Integral,2025-2,4.85,2,True
335697d9246b410c63493528,Cálculo Integral,2025-2,3.47,0,False
33de94a8e689cdf81f832b8e,Cálculo Integral,2025-2,,0,False
352e89d1e01f6d1f25b15e5a,Cálculo Integral,2025-2,3.0,0,False
354bd6a605908ae8ee179b4c,Cálculo Integral,2025-2,2.82,1,True
357f5c8b695477f979ed6378,Cálculo Integral,2025-2,3.89,2,True
3617d13b4afe88c9cfa46f24,Cálculo Integral,2025-2,4.14,1,True
3982b089aa79e2817aa98242,Cálculo Integral,2025-2,,0,False
39b4d95e9e76ce35e55e48a1,Cálculo Integral,2025-2,3.08,6,True
3a713c5e2e4fd80f8be62216,Cálculo Integral,2025-2,3.08,0,False
3b5403278140780c98c835f9,Cálculo Integral,2025-2,2.37,0,False
3ca2d33e13e8277526b66a4e,Cálculo Integral,2025-2,,0,False
3cb2cc6598cf6ad58b24121e,Cálculo Integral,2025-2,,0,False
3d477ee54622bd2ce0fa992b,Cálculo Integral,2025-2,3.95,10,True
3edaf6e472cccfd85eccc598,Cálculo Integral,2025-2,3.4,2,True
3f9127fbcc8649f5e5e559d6,Cálculo Integral,2025-2,,0,False
3fd010721d474aa7fcf712d5,Cálculo Integral,2025-2,4.48,0,False
3fdc824c854d63af5a080c32,Cálculo Integral,2025-2,3.02,4,True
4020c83c49e8c7cd92d4f99f,Cálculo Integral,2025-2,2.35,0,False
41fdb0969dc0b1e0329645c5,Cálculo Integral,2025-2,3.14,2,True
42145e4e40b537bb85d5c746,Cálculo Integral,2025-2,3.07,0,False
42b28a29dc0798d57b1bba76,Cálculo Integral,2025-2,4.33,0,False
43c9b655aa4828734a5b39ee,Cálculo Integral,2025-2,2.83,0,False
46e80c8db6f1e9197f2416d1,Cálculo Integral,2025-2,3.01,0,False
46f84fa6bd6562a528f5ea23,Cálculo Integral,2025-2,3.52,3,True
476f8c761e636d092db7c58a,Cálculo Integral,2025-2,3.71,0,False
478d6512a445ea3893994cb9,Cálculo Integral,2025-2,3.0,2,True
47be8a6c8ef3e04343bf9307,Cálculo Integral,2025-2,1.74,0,False
484f62574255c8806ff93db1,Cálculo Integral,2025-2,4.69,24,True
4a274bfb6e34a937cee6e6f6,Cálculo Integral,2025-2,,0,False
4a9e1179e15775bd3780bff2,Cálculo Integral,2025-2,,0,False
4ad4be3d2df386d9006a890a,Cálculo Integral,2025-2,,2,True
4af2638a0ffd2759810af6b7,Cálculo Integral,2025-2,,0,False
4ca3282889c39495f399104d,Cálculo Integral,2025-2,,0,False
4d324ffe506c15efa15de348,Cálculo Integral,2025-2,2.46,0,False
4d6513c5cfb2a93f1af3d35e,Cálculo Integral,2025-2,3.45,1,True
4de34d2f1503bd2fcda5abf9,Cálculo Integral,2025-2,4.29,3,True
4e2d84d2012d30ed6ee33b2a,Cálculo Integral,2025-2,,0,False
4ea477ecf28501232606684b,Cálculo Integral,2025-2,3.36,5,True
5034393db4ec2cebc409dbff,Cálculo Integral,2025-2,3.72,0,False
519e15889180b88fe73e7078,Cálculo Integral,2025-2,2.38,6,True
51f46ffde5ec1f58f012d466,Cálculo Integral,2025-2,2.68,0,False
54e362349d31253979fbfb6b,Cálculo Integral,2025-2,,0,False
5711e58e7c8f0db5c1232abe,Cálculo Integral,2025-2,1.83,2,True
57650a12a74806abb04acf92,Cálculo Integral,2025-2,3.01,0,False
57db98ab11ebada3f952e249,Cálculo Integral,2025-2,,2,True
58b093c13646b8078f11e1c5,Cálculo Integral,2025-2,3.61,0,False
598abe356b0c1287c9f3915f,Cálculo Integral,2025-2,,0,False
59e36b4ebde2e28077a82b0f,Cálculo Integral,2025-2,2.78,0,False
5ad10194b9bdd68278e7b5c1,Cálculo Integral,2025-2,3.61,0,False
5b640c573d213aaae6cc7ca3,Cálculo Integral,2025-2,3.18,1,True
5b67ff4f64525ec9bdb31623,Cálculo Integral,2025-2,3.94,1,True
5be64427fd515ae8dc638ad5,Cálculo Integral,2025-2,2.28,0,False
5bf5bc7869a8b92642cb18e2,Cálculo Integral,2025-2,3.59,0,False
5dd35517f9f0b0046f57c69d,Cálculo Integral,2025-2,,0,False
5e1c42493d3dcb620b337899,Cálculo Integral,2025-2,3.73,0,False
5ea73bfa5723c2a4b83ef286,Cálculo Integral,2025-2,3.13,3,True
5ec00fea2bfdbac38fec0107,Cálculo Integral,2025-2,3.76,0,False
5ed0374ef37bd19d08e722fc,Cálculo Integral,2025-2,2.17,2,True
60c23933d5c079da588c65fe,Cálculo Integral,2025-2,3.01,3,True
610297713d0c31585c6c7320,Cálculo Integral,2025-2,2.11,0,False
61f257fb27edb95311cf49a7,Cálculo Integral,2025-2,2.78,4,True
6252aa882129912c8a236cd6,Cálculo Integral,2025-2,3.87,3,True
634d0f20979428df01204382,Cálculo Integral,2025-2,3.9,1,True
639d95befe1d194570be7da3,Cálculo Integral,2025-2,3.13,0,False
63b7961a26703b92ad80c9b1,Cálculo Integral,2025-2,3.05,0,False
64117d4491f05017577bc106,Cálculo Integral,2025-2,3.86,3,True
64f79d60b4d5056528ee9e96,Cálculo Integral,2025-2,3.24,3,True
656aecfa0a6193fa4d75aa60,Cálculo Integral,2025-2,4.25,0,False
668f04d141a64aa8de9fa1f5,Cálculo Integral,2025-2,2.75,2,True
66bcd71f5e105aae89e0fe25,Cálculo Integral,2025-2,2.98,2,True
6753428844659be3d48b589e,Cálculo Integral,2025-2,3.11,1,True
67efe791d1f6b2f79ee18115,Cálculo Integral,2025-2,3.2,0,False
68355669477bc52350b94dc5,Cálculo Integral,2025-2,4.25,0,False
68713609219561a8e8d2ed8e,Cálculo Integral,2025-2,2.48,0,False
68a2601a165a91587150691c,Cálculo Integral,2025-2,3.04,3,True
695720cff4bdda03ee3e9db6,Cálculo Integral,2025-2,4.2,0,False
6a81470f178ce136c1acdda8,Cálculo Integral,2025-2,3.02,1,True
6b6b5e4076b0248a338203bb,Cálculo Integral,2025-2,3.04,2,True
6bf818cf7756e1e2a85cc226,Cálculo Integral,2025-2,,1,True
6c41a834a1d794970fa7f26e,Cálculo Integral,2025-2,2.77,0,False
6cc83a411a8809434bd5984c,Cálculo Integral,2025-2,3.77,3,True
6eb08365766c638fcb6b6429,Cálculo Integral,2025-2,3.59,0,False
71425dcffabedcdf6c1b4f6c,Cálculo Integral,2025-2,3.42,0,False
71b105697f7d9d5cbcfac2cc,Cálculo Integral,2025-2,0.78,0,False
71cd0762fc998ad9e4f4a043,Cálculo Integral,2025-2,3.96,10,True
7216adaed12532972152a339,Cálculo Integral,2025-2,,0,False
72ea45ee64d3b3870bdce3bf,Cálculo Integral,2025-2,3.06,2,True
733f1647be2a8d4383fb43e2,Cálculo Integral,2025-2,3.28,0,False
73e9d9af4e58a8fe1659aa7a,Cálculo Integral,2025-2,3.16,1,True
742079d6db5a070ae174d0be,Cálculo Integral,2025-2,3.7,3,True
742abebc197950505786eaf0,Cálculo Integral,2025-2,4.36,2,True
747b5449b7f7a247489297ab,Cálculo Integral,2025-2,4.3,2,True
7725960c60fb8dce62bd5f9a,Cálculo Integral,2025-2,3.79,1,True
77d782ce22a23b6985f8f17e,Cálculo Integral,2025-2,3.0,0,False
789744c6d7eb6556a0240600,Cálculo Integral,2025-2,4.37,0,False
78e4c00d3322b7f8de2f2f00,Cálculo Integral,2025-2,3.34,0,False
798a9cdef28086babbd12b58,Cálculo Integral,2025-2,2.61,0,False
7ba5c0117cf58a6d9bed8cf9,Cálculo Integral,2025-2,4.05,2,True
7c56f5e731d13e27bbbe9319,Cálculo Integral,2025-2,3.08,0,False
7c9dba2a0d5f1a25783e5ff6,Cálculo Integral,2025-2,3.49,1,True
7ead4e8deebfde7a722c435f,Cálculo Integral,2025-2,3.0,0,False
7eaf289b4194e4b2b439f733,Cálculo Integral,2025-2,1.15,0,False
7f1b779e22ec8f4219afd5e0,Cálculo Integral,2025-2,4.2,0,False
7f612fc5f2a647aebfa21016,Cálculo Integral,2025-2,3.0,3,True
80b385eb09b83b302ac48896,Cálculo Integral,2025-2,3.21,0,False
8187dafd045f13765837cf70,Cálculo Integral,2025-2,4.21,0,False
82872b47ee53a0a134532a2f,Cálculo Integral,2025-2,3.82,6,True
83d372ce918381b6ae713d0f,Cálculo Integral,2025-2,2.68,3,True
8437813e8caee3f9ed59187a,Cálculo Integral,2025-2,3.14,0,False
8457a968845f7fd25b5bfab1,Cálculo Integral,2025-2,2.22,1,True
8478a0a3811b3943f9c669ef,Cálculo Integral,2025-2,4.76,0,False
85a4dbd582670c9ca0e77d43,Cálculo Integral,2025-2,4.67,0,False
85ac4bce41b5d646b80b471e,Cálculo Integral,2025-2,4.33,0,False
87ead6a073f20a81ed854778,Cálculo Integral,2025-2,3.68,2,True
87f6337db429e740eda8bd42,Cálculo Integral,2025-2,,0,False
8ada4ab25465eeace8acb832,Cálculo Integral,2025-2,,0,False
8cb48bc29bd8041ffea69bfb,Cálculo Integral,2025-2,3.89,2,True
8d04000187990a066a448ab6,Cálculo Integral,2025-2,,0,False
8e2d9d995cdadee827e62e8f,Cálculo Integral,2025-2,,1,True
8fcfae551aabc8ffaa9f6564,Cálculo Integral,2025-2,3.82,0,False
9032ab2eedbd367f541da3e2,Cálculo Integral,2025-2,3.25,1,True
91a37b5b02963c8f8e76f65c,Cálculo Integral,2025-2,3.03,0,False
925a5274199d527ba355d925,Cálculo Integral,2025-2,3.01,1,True
93adc2d1f9a1519b91d47332,Cálculo Integral,2025-2,3.15,4,True
94c8c4bfe7b3302c11b4308d,Cálculo Integral,2025-2,,1,True
95afa17099db2dea2efabe11,Cálculo Integral,2025-2,3.01,0,False
982ab8c34b974b9e2ce88047,Cálculo Integral,2025-2,,2,True
9978aa256404736bad42c83c,Cálculo Integral,2025-2,3.3,0,False
999cb75b3be325318d5f257f,Cálculo Integral,2025-2,3.02,3,True
9a0da6e1126c924e5a57bd39,Cálculo Integral,2025-2,3.19,0,False
9a81a1f848f9629090b2ab9d,Cálculo Integral,2025-2,2.55,0,False
9b5138f56f77be24949d919d,Cálculo Integral,2025-2,4.06,0,False
9c41e63bf2d25286da169bbb,Cálculo Integral,2025-2,,0,False
9c49d43546d638385ca0505a,Cálculo Integral,2025-2,4.25,1,True
9db02f7129b5b7a73619b775,Cálculo Integral,2025-2,2.33,2,True
9dd8ff0c8f988f1620a38829,Cálculo Integral,2025-2,3.65,4,True
9ec685ab1a2483600041c385,Cálculo Integral,2025-2,3.27,1,True
a06306849191ae3f5391c8c7,Cálculo Integral,2025-2,,0,False
a14cd2c51856cc0df4a6d2e7,Cálculo Integral,2025-2,3.1,0,False
a175876966694c7769747324,Cálculo Integral,2025-2,2.39,0,False
a23b23e069aae0b47d30e037,Cálculo Integral,2025-2,,2,True
a2d123f2b5bd2608f29aad5c,Cálculo Integral,2025-2,3.66,5,True
a3b73ae02942f928c67b9c07,Cálculo Integral,2025-2,3.74,3,True
a3cd9a06c77c8e0eadfbf5d5,Cálculo Integral,2025-2,3.1,0,False
a446053acdbf9996ebe4435a,Cálculo Integral,2025-2,2.65,0,False
a7283155157838837779cd6c,Cálculo Integral,2025-2,4.23,2,True
a876472e6729c77da0ce0c6c,Cálculo Integral,2025-2,3.29,1,True
a8b5bd7511b97300e345bf09,Cálculo Integral,2025-2,2.3,0,False
a945f69253483cfa94dab70d,Cálculo Integral,2025-2,3.52,0,False
a980ba012134a96d6f4ba619,Cálculo Integral,2025-2,,0,False
a9fcf172117bc6d871ec5283,Cálculo Integral,2025-2,2.14,0,False
aa4b62aefa97cddf9f6dfeb9,Cálculo Integral,2025-2,3.68,2,True
aa6863bc91917af4148a9f62,Cálculo Integral,2025-2,,0,False
aa8f8babfe9227aa4f57291a,Cálculo Integral,2025-2,3.0,0,False
abc996e9bed006259f9f1c8d,Cálculo Integral,2025-2,3.51,0,False
ac24275cf4a4210620594fd8,Cálculo Integral,2025-2,4.66,2,True
ade01c4d3e00c34d33a767d5,Cálculo Integral,2025-2,3.55,1,True
ae2a6ef6065a0bb1b5813870,Cálculo Integral,2025-2,3.07,0,False
aec393980ae8fb4f42a7adf1,Cálculo Integral,2025-2,4.04,0,False
b0268cf61938d41ec3f722c0,Cálculo Integral,2025-2,0.48,0,False
b052251198d2dae9490948b8,Cálculo Integral,2025-2,4.38,0,False
b168e77a3d00a9e815f5ded1,Cálculo Integral,2025-2,1.94,0,False
b1fde23ddc9462eca50d3785,Cálculo Integral,2025-2,3.66,0,False
b2e7de959c1c71cb13bdc39b,Cálculo Integral,2025-2,2.75,0,False
b4a0f5e005f174cbcb32136d,Cálculo Integral,2025-2,3.84,0,False
b545d7ccf29009da6a7e590a,Cálculo Integral,2025-2,,0,False
b5829dcdcfa15cc4bc315d3c,Cálculo Integral,2025-2,3.97,1,True
b60fa3c8c52acf666fa26497,Cálculo Integral,2025-2,3.76,0,False
b61cc95cf9b7d95d41d255ef,Cálculo Integral,2025-2,3.01,0,False
b7e42923e67d4462c7f0241c,Cálculo Integral,2025-2,3.0,0,False
b9d6ed977294512031c14f8d,Cálculo Integral,2025-2,3.43,2,True
b9ed86f3ba6f70906e384920,Cálculo Integral,2025-2,3.76,0,False
ba4579b7813c9a6c2e3fa519,Cálculo Integral,2025-2,4.06,0,False
bbae446804ef18a38e7786a9,Cálculo Integral,2025-2,3.04,0,False
bcf64b213cb95e4802b9190a,Cálculo Integral,2025-2,,0,False
bde5d37431b27886412e2cc0,Cálculo Integral,2025-2,4.11,6,True
be8e8ecbfb1184edce39166b,Cálculo Integral,2025-2,3.22,9,True
bf3c57f40315e8591bc9b14e,Cálculo Integral,2025-2,3.12,2,True
bfcad68189c6f26dbaa494dd,Cálculo Integral,2025-2,2.56,0,False
c096e07e4bf70067808f73d2,Cálculo Integral,2025-2,,0,False
c0e043ba9b41abf4b1f0a752,Cálculo Integral,2025-2,3.28,4,True
c0ed06b34cbf5599972d49ef,Cálculo Integral,2025-2,3.76,8,True
c152357e8ef4d905d47e6d44,Cálculo Integral,2025-2,2.7,0,False
c2f22f40da58853e1d827ba5,Cálculo Integral,2025-2,2.53,0,False
c42d8d9e35d7e71fc5bb657a,Cálculo Integral,2025-2,2.56,3,True
c52b472914b5a5669e89519f,Cálculo Integral,2025-2,,0,False
c675a67e34a5bf368d6ff3c7,Cálculo Integral,2025-2,3.68,0,False
c6e1de7f27d490a04deedeab,Cálculo Integral,2025-2,,0,False
c714f2254e1e9e258b9f1c1e,Cálculo Integral,2025-2,3.5,1,True
c7508a583ad2bcf75d9c5020,Cálculo Integral,2025-2,2.66,0,False
c7b0068c7bab9adfe386ae07,Cálculo Integral,2025-2,3.01,3,True
c85d77736316265ff421539a,Cálculo Integral,2025-2,2.53,0,False
c9a2377e405a30172114e33e,Cálculo Integral,2025-2,0.0,0,False
ca92868463ef6e0c918d0f31,Cálculo Integral,2025-2,3.02,0,False
caacd1ae953252c4368e5c32,Cálculo Integral,2025-2,3.08,0,False
cb03803f13eee863bb588ef1,Cálculo Integral,2025-2,3.95,2,True
cbd08c95f6909b228cab263e,Cálculo Integral,2025-2,2.71,0,False
cc5d771bf5d22491666ac4f4,Cálculo Integral,2025-2,3.14,2,True
cecce80a3b5f2e3f89c558fe,Cálculo Integral,2025-2,3.1,0,False
d06650db1dc21f058b655455,Cálculo Integral,2025-2,3.0,3,True
d16532abb2170b814878f8fd,Cálculo Integral,2025-2,4.13,2,True
d216dbb20d704a5713a16cbe,Cálculo Integral,2025-2,4.03,0,False
d43dab4c884eba9bad29a39e,Cálculo Integral,2025-2,4.51,0,False
d43eee2ea57c6899417be35e,Cálculo Integral,2025-2,4.03,6,True
d675b90bf24098b5d8526374,Cálculo Integral,2025-2,3.45,2,True
d67e373790775f5c4ab9223c,Cálculo Integral,2025-2,,0,False
d6f8f0b7a3bd6a877aeadc6c,Cálculo Integral,2025-2,4.49,2,True
d7c8148bc21a5e55ddd405ec,Cálculo Integral,2025-2,,0,False
d8ae28b01e3d2e6e0468e891,Cálculo Integral,2025-2,3.43,6,True
da26cb24f16ed64d6294a6ee,Cálculo Integral,2025-2,3.08,2,True
dba44b99ab48776f7dcdbda9,Cálculo Integral,2025-2,,0,False
dd2b427df2b35b784ef227e2,Cálculo Integral,2025-2,2.88,0,False
dd5117903396a4a1f1f8fe80,Cálculo Integral,2025-2,4.17,0,False
def291d26fdd993556a0c954,Cálculo Integral,2025-2,3.41,1,True
df87deae905493dad90c006b,Cálculo Integral,2025-2,3.38,0,False
e008df841601a5521911ac38,Cálculo Integral,2025-2,,3,True
e10e17d899678aabf4c2e375,Cálculo Integral,2025-2,2.62,1,True
e11f5dcb866ce47c8f23f3b0,Cálculo Integral,2025-2,4.32,0,False
e12bc23b598ef7360ae22d84,Cálculo Integral,2025-2,,0,False
e2f731735f3e284fe0175a1a,Cálculo Integral,2025-2,3.23,0,False
e426f82dec6a33fbd91abbff,Cálculo Integral,2025-2,,0,False
e4eef031fcd4b7a21b97ce64,Cálculo Integral,2025-2,3.07,2,True
e56d945426b8f80d7d89de14,Cálculo Integral,2025-2,4.27,2,True
e5fa46f398cf268c1e9069e2,Cálculo Integral,2025-2,3.0,0,False
e7b984488792da22c9ba6a71,Cálculo Integral,2025-2,3.21,0,False
e8387e7e237fdb120924327d,Cálculo Integral,2025-2,3.01,4,True
e85f73212a160de10027ec0a,Cálculo Integral,2025-2,2.16,0,False
e8657677c671adde7f26b1b1,Cálculo Integral,2025-2,,0,False
e8fac6fc091c79af94fb902f,Cálculo Integral,2025-2,3.33,0,False
ea20a3b1acb4a1821f581027,Cálculo Integral,2025-2,3.02,3,True
ea780b4519ec66db1077300b,Cálculo Integral,2025-2,2.74,0,False
eb02439be79dc0208343e3b4,Cálculo Integral,2025-2,2.26,23,True
eb0388d2aff8ba8a8b8ee989,Cálculo Integral,2025-2,2.78,1,True
eb30a90ec386fc6aa651f261,Cálculo Integral,2025-2,3.44,1,True
ebbfda808072beb8814e3459,Cálculo Integral,2025-2,3.78,1,True
ec90321859e8781a87507723,Cálculo Integral,2025-2,,0,False
ecab4466989b7b15ccde9c76,Cálculo Integral,2025-2,4.15,1,True
ed5d3f4d1c1c79b1495c4e77,Cálculo Integral,2025-2,3.21,1,True
f05312046d67f433adda5a3f,Cálculo Integral,2025-2,4.75,0,False
f0eb18b81ad858809f6cf066,Cálculo Integral,2025-2,4.77,14,True
f0f920f4d7f8f9645870d77d,Cálculo Integral,2025-2,,0,False
f12070523fa510208a1ab2fa,Cálculo Integral,2025-2,3.02,1,True
f1e259f0dcfc6f2b27f742fd,Cálculo Integral,2025-2,3.07,0,False
f3aa8bf42fba2214b2435bce,Cálculo Integral,2025-2,3.04,0,False
f3c92aa7dfe34986475dc2b7,Cálculo Integral,2025-2,3.81,17,True
f3e95b8dadf07fa3acb69126,Cálculo Integral,2025-2,3.18,0,False
f4e2a8ff2e6cdfa760d35129,Cálculo Integral,2025-2,3.35,4,True
f667ed1e3149bc883afdf588,Cálculo Integral,2025-2,3.4,1,True
f6e58124a670d38d30a1e14e,Cálculo Integral,2025-2,,0,False
f940c786fc77594553a9c445,Cálculo Integral,2025-2,4.23,1,True
f941605b159d540377a72013,Cálculo Integral,2025-2,4.9,1,True
fa0a0806abd0e620fed0d6b6,Cálculo Integral,2025-2,0.89,2,True
fa560e209b89d3de38ce443c,Cálculo Integral,2025-2,3.77,0,False
fac48c0bf4a57310f8ab9777,Cálculo Integral,2025-2,,0,False
fae4296fc9af89cccf482a6b,Cálculo Integral,2025-2,3.83,2,True
fbb30ffb5c9d65601b40bdff,Cálculo Integral,2025-2,4.23,2,True
fc185395565f0444e551d9d1,Cálculo Integral,2025-2,3.44,3,True
fcd5f12d39172c1c2946c851,Cálculo Integral,2025-2,3.03,2,True
fd0b6bf02b5222063e5db0ee,Cálculo Integral,2025-2,3.05,1,True
fdb8835b0456a4a32a501de1,Cálculo Integral,2025-2,2.92,1,True
ffa1e6f2779b34aeb8c2f9cc,Cálculo Integral,2025-2,,0,False
00728ace6c34b6d548c9a52d,Cálculo Vectorial,2025-2,3.07,0,False
032bb2a2f387d6465c55835f,Cálculo Vectorial,2025-2,3.01,1,True
036f359aca32c6e5a2ab055d,Cálculo Vectorial,2025-2,,1,True
0ba12bdcb3b2aebcabd207c6,Cálculo Vectorial,2025-2,3.0,0,False
0fa8bb63575a20e6d1a7a9bb,Cálculo Vectorial,2025-2,,0,False
11e82e37c30e102da40ab6be,Cálculo Vectorial,2025-2,3.6,0,False
16e4932bc6ae51a64786b173,Cálculo Vectorial,2025-2,3.05,1,True
1a9f97790fe32753b98cdd8d,Cálculo Vectorial,2025-2,2.55,0,False
1bbb1ea0a627088941f28843,Cálculo Vectorial,2025-2,1.79,0,False
1c1d94c2f5a949c5b8355239,Cálculo Vectorial,2025-2,3.55,1,True
1e99b4d4d3aff2fa0848ba5a,Cálculo Vectorial,2025-2,3.25,1,True
20ff1e4153a5cce19e02fa50,Cálculo Vectorial,2025-2,,0,False
236f2787e3dc1046e28d87cb,Cálculo Vectorial,2025-2,3.02,0,False
263c3885d3834ff1d7798ae4,Cálculo Vectorial,2025-2,3.26,1,True
2730e3c53f582722086f4a75,Cálculo Vectorial,2025-2,3.0,0,False
28b1bcc7b8801235ebc0e8b9,Cálculo Vectorial,2025-2,1.92,0,False
2913ae2dbdef9111dfb37f16,Cálculo Vectorial,2025-2,,0,False
2abf7a06eb3555d1a1e64550,Cálculo Vectorial,2025-2,4.5,0,False
2afce19a0503756910eb4a6b,Cálculo Vectorial,2025-2,3.05,0,False
2c8f4f80cf5eb85ebb55d47a,Cálculo Vectorial,2025-2,4.85,0,False
2d1e4f834182d614364526f0,Cálculo Vectorial,2025-2,,0,False
31e1fac128df372c2d23e931,Cálculo Vectorial,2025-2,3.03,0,False
31e7a7961b4e192edbd0b697,Cálculo Vectorial,2025-2,2.78,2,True
36aecd2bf1e9c93b24cf15f6,Cálculo Vectorial,2025-2,3.44,0,False
399101ca4603c61007e3fe07,Cálculo Vectorial,2025-2,,1,True
3bdbc22b1f4169f4c656d0ef,Cálculo Vectorial,2025-2,2.6,0,False
3d33f32ab21ab63878c4cbcb,Cálculo Vectorial,2025-2,,0,False
3e8c50b1236e6218fa4aeaac,Cálculo Vectorial,2025-2,3.44,3,True
472e7275b01a59bb83f93531,Cálculo Vectorial,2025-2,,0,False
4946c34bb6e19a1ec848fcfb,Cálculo Vectorial,2025-2,3.09,0,False
4d4497320238970681bce0bf,Cálculo Vectorial,2025-2,,0,False
4d70eb1baef0e34e1306ed3a,Cálculo Vectorial,2025-2,3.55,0,False
4de4c670b7f1b1196214a04e,Cálculo Vectorial,2025-2,,0,False
53f442d3ae7b9ef80620e026,Cálculo Vectorial,2025-2,2.04,2,True
549df1916b906046c2045388,Cálculo Vectorial,2025-2,2.13,8,True
56e7fdba67dd178ae9974b7f,Cálculo Vectorial,2025-2,,1,True
5f4716101ac2d7ee889f93b3,Cálculo Vectorial,2025-2,3.33,2,True
61b24ba74f81fbde184a60e0,Cálculo Vectorial,2025-2,3.39,0,False
6394d84ee2127343b90a88d9,Cálculo Vectorial,2025-2,,0,False
662c7774cbd6b56df1aa572d,Cálculo Vectorial,2025-2,3.56,0,False
687f0800a7b062043023b6aa,Cálculo Vectorial,2025-2,3.05,2,True
695720cff4bdda03ee3e9db6,Cálculo Vectorial,2025-2,3.8,0,False
6a8a53a89965b90d770f1392,Cálculo Vectorial,2025-2,3.0,3,True
6c0264cca2a9670b1f790cea,Cálculo Vectorial,2025-2,,0,False
6f345e7c3c43e3aa3e099aa2,Cálculo Vectorial,2025-2,3.24,0,False
7066d911d6e7d99149218eb2,Cálculo Vectorial,2025-2,3.24,0,False
7567107f3697fe6292141a44,Cálculo Vectorial,2025-2,3.01,2,True
756f8b391056d3f31e707f41,Cálculo Vectorial,2025-2,,0,False
7adcd8acacba8f2889cba512,Cálculo Vectorial,2025-2,3.06,0,False
7b47172f079e670ccb8b3942,Cálculo Vectorial,2025-2,,0,False
7b59c5787422c81db440c70d,Cálculo Vectorial,2025-2,3.0,0,False
85a96aa322af394e9c9c8aa7,Cálculo Vectorial,2025-2,3.0,0,False
8be572c8b06c99e6a0a5225e,Cálculo Vectorial,2025-2,3.18,2,True
8d62a9c46e294bbb9be8ff7b,Cálculo Vectorial,2025-2,,0,False
90296ebc8e8f9ad4e877e882,Cálculo Vectorial,2025-2,3.36,3,True
931e00006d734a0550cdd2b1,Cálculo Vectorial,2025-2,3.73,1,True
9383cb926e9680bbcdf3eefe,Cálculo Vectorial,2025-2,,1,True
95e370dcbda0aa5094adf4b9,Cálculo Vectorial,2025-2,4.97,0,False
9639c6953c5bfdf302c9d180,Cálculo Vectorial,2025-2,,0,False
964968021c31687ad160c8eb,Cálculo Vectorial,2025-2,,0,False
96948d5f48f63a2c3095dbcd,Cálculo Vectorial,2025-2,1.25,0,False
9757ce689773f17563d3d49e,Cálculo Vectorial,2025-2,,0,False
979c4453aa6d453d9d5371f9,Cálculo Vectorial,2025-2,4.38,0,False
9815bcbb8ef7910d9a3392fc,Cálculo Vectorial,2025-2,3.22,0,False
984dd6fd9e35e8eefdc0be78,Cálculo Vectorial,2025-2,2.34,0,False
9a1687b527893c1c4cbf7b53,Cálculo Vectorial,2025-2,1.51,1,True
9a6a5c0d4a115afedb51fe07,Cálculo Vectorial,2025-2,2.01,0,False
9ca12d68d73d180507143ee7,Cálculo Vectorial,2025-2,3.02,2,True
9ca137ce3d46c76125215b6f,Cálculo Vectorial,2025-2,2.01,0,False
9d607e9bbd23cf0f25b91882,Cálculo Vectorial,2025-2,3.89,2,True
9e7bfd41da940173a4246da2,Cálculo Vectorial,2025-2,3.22,3,True
a07af1e31de4cfca69d6d955,Cálculo Vectorial,2025-2,1.2,0,False
a3185f164c4fdad15372de30,Cálculo Vectorial,2025-2,2.3,1,True
a3b012ade4bbfead12aa4ee2,Cálculo Vectorial,2025-2,2.92,2,True
a6ebc7ae4b5d220d5deefe7e,Cálculo Vectorial,2025-2,2.5,1,True
a95e0550addf6f4592fda93a,Cálculo Vectorial,2025-2,3.39,4,True
acbc2775c06426843837651f,Cálculo Vectorial,2025-2,2.02,2,True
af9b186e4575678129f9a0d2,Cálculo Vectorial,2025-2,3.01,0,False
b19be3ec4b1ffb801c376e1b,Cálculo Vectorial,2025-2,3.28,8,True
b3f6802b4ffc54b85c0bbd85,Cálculo Vectorial,2025-2,3.0,0,False
b3fd2c979a38e99c6988269c,Cálculo Vectorial,2025-2,,1,True
b6886431536b4ce92af0ab35,Cálculo Vectorial,2025-2,3.0,1,True
b8fcbb52de311151bbd8f070,Cálculo Vectorial,2025-2,2.74,0,False
b9183e97827decf7fd4ec507,Cálculo Vectorial,2025-2,3.51,0,False
ba05367a98979899e69185bb,Cálculo Vectorial,2025-2,0.59,0,False
ba7664989d43a62ae458fd04,Cálculo Vectorial,2025-2,3.0,0,False
bf75a4229805a5a64d9e468d,Cálculo Vectorial,2025-2,3.33,1,True
c0e906870b618c4738ab49b7,Cálculo Vectorial,2025-2,,0,False
c126f0dd8e5bba88ddf9c44d,Cálculo Vectorial,2025-2,,0,False
c263eed35e6e4e8b764aced1,Cálculo Vectorial,2025-2,,0,False
c95a7c2c127a0f2a372630a4,Cálculo Vectorial,2025-2,3.25,6,True
cddd0e295c748c02e28202c2,Cálculo Vectorial,2025-2,3.13,2,True
ceaafcb26db0824c398c79f0,Cálculo Vectorial,2025-2,,0,False
ceade4c5a40642ad11813ceb,Cálculo Vectorial,2025-2,3.01,0,False
d4a2452e88eb35bfffa8383c,Cálculo Vectorial,2025-2,,0,False
d52d31353bf4ca19fa6cc766,Cálculo Vectorial,2025-2,3.01,0,False
d5b0d0f4e37199ebca4d7943,Cálculo Vectorial,2025-2,3.06,0,False
d6e08aa3df818a3c2109bd18,Cálculo Vectorial,2025-2,3.11,0,False
db5cdd282e35ee5eb4e558e8,Cálculo Vectorial,2025-2,,0,False
dde1293ccddfb34f5e5c8e39,Cálculo Vectorial,2025-2,3.24,1,True
e0ce929e1243cf4bad67934c,Cálculo Vectorial,2025-2,3.13,0,False
e110e7a46de2d950e6c4b10f,Cálculo Vectorial,2025-2,,0,False
e85230e7c2925d18e793f0a7,Cálculo Vectorial,2025-2,0.17,0,False
e86829c58ab2ee5ea43e68fb,Cálculo Vectorial,2025-2,2.39,2,True
e960e9911be44fefbfd72862,Cálculo Vectorial,2025-2,3.02,0,False
ed4f66b9ed1018a5947f0cb5,Cálculo Vectorial,2025-2,,0,False
f4742fbdebd7fc2d115706a1,Cálculo Vectorial,2025-2,3.39,0,False
f8bd805927a73a0956ef1d52,Cálculo Vectorial,2025-2,,0,False
f9b89fc179c24111e7d53bd4,Cálculo Vectorial,2025-2,3.0,2,True
f9c3f86bee23f23aa78dd610,Cálculo Vectorial,2025-2,,0,False
fa1d27d1873f8d26c4489eaa,Cálculo Vectorial,2025-2,3.0,0,False
facc17de211e4a7d3ba907db,Cálculo Vectorial,2025-2,3.86,2,True
fad7eb0b3ad408b8932cec2c,Cálculo Vectorial,2025-2,3.0,1,True
fba8ad48641c336a45494ba4,Cálculo Vectorial,2025-2,3.3,0,False
fc0787cafcb0d5cf2db80c8e,Cálculo Vectorial,2025-2,2.17,2,True
fd42af4f3c282d8475832c59,Cálculo Vectorial,2025-2,3.1,0,False
00728ace6c34b6d548c9a52d,Ecuaciones Diferenciales,2025-2,2.49,0,False
036f359aca32c6e5a2ab055d,Ecuaciones Diferenciales,2025-2,2.81,1,True
063f03dc26f226a8166f03bf,Ecuaciones Diferenciales,2025-2,4.52,1,True
0818d46b0a8721acdc116023,Ecuaciones Diferenciales,2025-2,3.2,0,False
0ee9a7b0b89dcbf7209ff60c,Ecuaciones Diferenciales,2025-2,3.25,0,False
0fa8bb63575a20e6d1a7a9bb,Ecuaciones Diferenciales,2025-2,,0,False
16a3d472d795d2dee131229e,Ecuaciones Diferenciales,2025-2,1.65,0,False
1c1d94c2f5a949c5b8355239,Ecuaciones Diferenciales,2025-2,4.98,1,True
1e99b4d4d3aff2fa0848ba5a,Ecuaciones Diferenciales,2025-2,3.6,1,True
20ff1e4153a5cce19e02fa50,Ecuaciones Diferenciales,2025-2,,0,False
236f2787e3dc1046e28d87cb,Ecuaciones Diferenciales,2025-2,,0,False
27190f279885d79a964385ee,Ecuaciones Diferenciales,2025-2,4.0,2,True
27d35d6684f0279a2f9ae675,Ecuaciones Diferenciales,2025-2,,0,False
28b1bcc7b8801235ebc0e8b9,Ecuaciones Diferenciales,2025-2,,0,False
2a377d11db68aa0eb2766951,Ecuaciones Diferenciales,2025-2,3.0,0,False
2d1e4f834182d614364526f0,Ecuaciones Diferenciales,2025-2,3.27,0,False
3968c520b25fb7b0bfb1c4a3,Ecuaciones Diferenciales,2025-2,,0,False
3d33f32ab21ab63878c4cbcb,Ecuaciones Diferenciales,2025-2,,0,False
3ef756994d949d2e9d70c503,Ecuaciones Diferenciales,2025-2,,3,True
456a9dee9ab9637854d97bb4,Ecuaciones Diferenciales,2025-2,3.49,0,False
4580bb5dbefa284fca8b9be0,Ecuaciones Diferenciales,2025-2,3.31,1,True
472e7275b01a59bb83f93531,Ecuaciones Diferenciales,2025-2,,0,False
4c2cab9a468b62bd9ca2277c,Ecuaciones Diferenciales,2025-2,5.0,0,False
4d14afb34e5c4f2e661b8a9e,Ecuaciones Diferenciales,2025-2,3.0,0,False
4efcefbbb27d96f101a3d699,Ecuaciones Diferenciales,2025-2,3.29,1,True
50b94b3050a58de29189cc01,Ecuaciones Diferenciales,2025-2,3.1,3,True
50e6a3bb77d6754706e7c99b,Ecuaciones Diferenciales,2025-2,,0,False
512e3ba2f3d4632e8ded60ba,Ecuaciones Diferenciales,2025-2,3.5,0,False
53f442d3ae7b9ef80620e026,Ecuaciones Diferenciales,2025-2,,0,False
59cec217129b8c54fa2638b5,Ecuaciones Diferenciales,2025-2,4.94,1,True
5b4f00a1cb364de32a1d505a,Ecuaciones Diferenciales,2025-2,3.31,1,True
5f4716101ac2d7ee889f93b3,Ecuaciones Diferenciales,2025-2,3.35,0,False
6394d84ee2127343b90a88d9,Ecuaciones Diferenciales,2025-2,,0,False
67abc5c3d4e55a94b2c81a50,Ecuaciones Diferenciales,2025-2,5.0,0,False
695720cff4bdda03ee3e9db6,Ecuaciones Diferenciales,2025-2,3.3,0,False
6c0264cca2a9670b1f790cea,Ecuaciones Diferenciales,2025-2,,0,False
6c5c4836acdc321f44f70c7b,Ecuaciones Diferenciales,2025-2,3.02,0,False
6f4aac9e31101abbb86be3f8,Ecuaciones Diferenciales,2025-2,,0,False
701b9353d32ad72f3787fb60,Ecuaciones Diferenciales,2025-2,5.0,1,True
7066d911d6e7d99149218eb2,Ecuaciones Diferenciales,2025-2,3.51,18,True
7285a97f3c1614186ac87552,Ecuaciones Diferenciales,2025-2,5.0,1,True
7494422924b42e7239e72e2e,Ecuaciones Diferenciales,2025-2,4.62,0,False
751322909df0f75faf28862a,Ecuaciones Diferenciales,2025-2,4.57,0,False
756f8b391056d3f31e707f41,Ecuaciones Diferenciales,2025-2,2.8,1,True
77d42ba678c25d69023ad033,Ecuaciones Diferenciales,2025-2,3.95,5,True
7b59c5787422c81db440c70d,Ecuaciones Diferenciales,2025-2,,0,False
82c0b6efc50d4d6bcd498ff2,Ecuaciones Diferenciales,2025-2,,0,False
849677b69e5cfc1fd88e6332,Ecuaciones Diferenciales,2025-2,3.0,1,True
85a96aa322af394e9c9c8aa7,Ecuaciones Diferenciales,2025-2,,0,False
86679e2e971748b9a94eb3ad,Ecuaciones Diferenciales,2025-2,1.88,1,True
897a0d971f753f416b061857,Ecuaciones Diferenciales,2025-2,,0,False
8be572c8b06c99e6a0a5225e,Ecuaciones Diferenciales,2025-2,2.65,1,True
8f619a02a790116c1594b187,Ecuaciones Diferenciales,2025-2,4.03,8,True
9383cb926e9680bbcdf3eefe,Ecuaciones Diferenciales,2025-2,,3,True
a6ebc7ae4b5d220d5deefe7e,Ecuaciones Diferenciales,2025-2,,1,True
a91552f9584bcc68a69fd4a9,Ecuaciones Diferenciales,2025-2,4.33,2,True
b1ee8cb246d1768fd6ee3afb,Ecuaciones Diferenciales,2025-2,3.64,1,True
b35d2a812004016b8fbf79cf,Ecuaciones Diferenciales,2025-2,,0,False
b530c37242eb72f6f40d7d3f,Ecuaciones Diferenciales,2025-2,,0,False
b8a1b4d62c47f72fb1a0a394,Ecuaciones Diferenciales,2025-2,3.02,1,True
b91bb67b87ab14729f777d96,Ecuaciones Diferenciales,2025-2,3.01,2,True
ba05367a98979899e69185bb,Ecuaciones Diferenciales,2025-2,0.22,0,False
ba7664989d43a62ae458fd04,Ecuaciones Diferenciales,2025-2,3.03,5,True
bd03118da9b3b0627edca4d9,Ecuaciones Diferenciales,2025-2,,0,False
becb744060a4e3eef89a3acc,Ecuaciones Diferenciales,2025-2,,0,False
c25cae6659327d350ee6e223,Ecuaciones Diferenciales,2025-2,4.27,4,True
c263eed35e6e4e8b764aced1,Ecuaciones Diferenciales,2025-2,,0,False
c55e3b10dac44236dd47d54d,Ecuaciones Diferenciales,2025-2,,0,False
c95a7c2c127a0f2a372630a4,Ecuaciones Diferenciales,2025-2,3.44,2,True
cbb13bbf912dda96584ea1fe,Ecuaciones Diferenciales,2025-2,3.76,3,True
d52d31353bf4ca19fa6cc766,Ecuaciones Diferenciales,2025-2,,0,False
daa6523dfc25fdf3368b44a2,Ecuaciones Diferenciales,2025-2,,0,False
db6e3e9b27af17e7752a5665,Ecuaciones Diferenciales,2025-2,2.58,1,True
dde1293ccddfb34f5e5c8e39,Ecuaciones Diferenciales,2025-2,3.17,0,False
dfd3e0d0bd358572e56227c1,Ecuaciones Diferenciales,2025-2,,0,False
e0ce929e1243cf4bad67934c,Ecuaciones Diferenciales,2025-2,3.11,3,True
e67b916e2eba660d7f3f0a26,Ecuaciones Diferenciales,2025-2,3.0,6,True
e6b1826e2f59586d83eadd99,Ecuaciones Diferenciales,2025-2,3.82,5,True
e86829c58ab2ee5ea43e68fb,Ecuaciones Diferenciales,2025-2,3.22,0,False
eb519a8cf859cecd43e86dc6,Ecuaciones Diferenciales,2025-2,4.35,2,True
ed4f66b9ed1018a5947f0cb5,Ecuaciones Diferenciales,2025-2,,0,False
f4742fbdebd7fc2d115706a1,Ecuaciones Diferenciales,2025-2,,0,False
f88e13f2e47096c5c99bc590,Ecuaciones Diferenciales,2025-2,4.06,1,True
f8bd805927a73a0956ef1d52,Ecuaciones Diferenciales,2025-2,,0,False
f9c3f86bee23f23aa78dd610,Ecuaciones Diferenciales,2025-2,,0,False
fc0787cafcb0d5cf2db80c8e,Ecuaciones Diferenciales,2025-2,3.59,1,True
fc8663aaf6c049c1d121bf7b,Ecuaciones Diferenciales,2025-2,2.79,3,True
fd75e714ebfbf902f70ce4fa,Ecuaciones Diferenciales,2025-2,3.2,1,True
008b556a0621ecc40c52a7c4,Electricidad y Magnetismo,2025-2,3.64,0,False
00fcbcb6b5a60f29b9611dfc,Electricidad y Magnetismo,2025-2,3.0,0,False
019924874017ae2addffbed7,Electricidad y Magnetismo,2025-2,3.88,0,False
032bb2a2f387d6465c55835f,Electricidad y Magnetismo,2025-2,2.9,0,False
036f359aca32c6e5a2ab055d,Electricidad y Magnetismo,2025-2,,0,False
059d005ae0e1fd772da7452e,Electricidad y Magnetismo,2025-2,3.58,1,True
084c87f2f3fdddf97e5f2d6a,Electricidad y Magnetismo,2025-2,4.1,0,False
0ee9a7b0b89dcbf7209ff60c,Electricidad y Magnetismo,2025-2,3.34,1,True
1169e665f9be8a4c0d905f16,Electricidad y Magnetismo,2025-2,3.19,0,False
123a18b44a1e51a237fa9ec0,Electricidad y Magnetismo,2025-2,,0,False
170b16f250921d4cd09a1b53,Electricidad y Magnetismo,2025-2,3.5,0,False
1a0cb3b2593f4bb10aeac897,Electricidad y Magnetismo,2025-2,4.32,0,False
1a9f97790fe32753b98cdd8d,Electricidad y Magnetismo,2025-2,,0,False
1c1d94c2f5a949c5b8355239,Electricidad y Magnetismo,2025-2,3.72,1,True
20ff1e4153a5cce19e02fa50,Electricidad y Magnetismo,2025-2,,0,False
2124caa82a810fcc17025520,Electricidad y Magnetismo,2025-2,3.38,0,False
263c3885d3834ff1d7798ae4,Electricidad y Magnetismo,2025-2,4.14,1,True
271498b7e03acb362dc02dec,Electricidad y Magnetismo,2025-2,3.46,6,True
27190f279885d79a964385ee,Electricidad y Magnetismo,2025-2,3.25,0,False
27d35d6684f0279a2f9ae675,Electricidad y Magnetismo,2025-2,,0,False
28d4a1ec2073bf7901968a93,Electricidad y Magnetismo,2025-2,3.49,0,False
2a377d11db68aa0eb2766951,Electricidad y Magnetismo,2025-2,1.51,0,False
2ec32027873a7e3b93c77d92,Electricidad y Magnetismo,2025-2,3.31,0,False
2f70bd369a5080bd6c920f0b,Electricidad y Magnetismo,2025-2,4.87,0,False
30d35e36dfbd44fb2643e663,Electricidad y Magnetismo,2025-2,3.03,0,False
31e04d22447cd13712ec4ee8,Electricidad y Magnetismo,2025-2,,0,False
36b95fbe21157afb100f564e,Electricidad y Magnetismo,2025-2,,0,False
3968c520b25fb7b0bfb1c4a3,Electricidad y Magnetismo,2025-2,3.01,2,True
3a9072d3287d78037d49297e,Electricidad y Magnetismo,2025-2,,1,True
3d33f32ab21ab63878c4cbcb,Electricidad y Magnetismo,2025-2,,0,False
3ec2fb13083c8c40ac1ce021,Electricidad y Magnetismo,2025-2,3.14,0,False
3ef756994d949d2e9d70c503,Electricidad y Magnetismo,2025-2,3.36,0,False
3f59fe6b523d8c09295746aa,Electricidad y Magnetismo,2025-2,3.25,0,False
3f70b5095a7e8649ae1dfcdf,Electricidad y Magnetismo,2025-2,3.35,2,True
4215d631c2acbbf5c6f7214f,Electricidad y Magnetismo,2025-2,3.35,0,False
42849d768a78d8190bd751f9,Electricidad y Magnetismo,2025-2,3.26,0,False
43d7003104f3b58cef36e96e,Electricidad y Magnetismo,2025-2,3.87,0,False
456a9dee9ab9637854d97bb4,Electricidad y Magnetismo,2025-2,3.12,1,True
4580bb5dbefa284fca8b9be0,Electricidad y Magnetismo,2025-2,3.24,0,False
483be61fa523a1d04581e1c0,Electricidad y Magnetismo,2025-2,,1,True
499e77b4ad909544c731b222,Electricidad y Magnetismo,2025-2,,0,False
4c97ad52bca3d13c8dbd98ca,Electricidad y Magnetismo,2025-2,3.07,0,False
4d14afb34e5c4f2e661b8a9e,Electricidad y Magnetismo,2025-2,3.0,0,False
4d4497320238970681bce0bf,Electricidad y Magnetismo,2025-2,3.28,0,False
4efcefbbb27d96f101a3d699,Electricidad y Magnetismo,2025-2,3.01,0,False
4f99687db88623d9c7e4fb0a,Electricidad y Magnetismo,2025-2,3.42,0,False
509da7ff6ab7cb03cd78a41a,Electricidad y Magnetismo,2025-2,4.22,3,True
50e6a3bb77d6754706e7c99b,Electricidad y Magnetismo,2025-2,,0,False
512e3ba2f3d4632e8ded60ba,Electricidad y Magnetismo,2025-2,,1,True
524481b0378bb3c004a13e4e,Electricidad y Magnetismo,2025-2,,0,False
546f0003d80a87f7842e847d,Electricidad y Magnetismo,2025-2,3.8,0,False
54776e71dce0778ece797b4b,Electricidad y Magnetismo,2025-2,,0,False
56231ef65bcf0fc2eb39f7da,Electricidad y Magnetismo,2025-2,,0,False
58c8ba48bd0cce7466e67ec4,Electricidad y Magnetismo,2025-2,3.01,1,True
59cec217129b8c54fa2638b5,Electricidad y Magnetismo,2025-2,3.89,0,False
5b2b77060d13b411002eec5b,Electricidad y Magnetismo,2025-2,3.09,0,False
5c54e9e202f272462a51cafe,Electricidad y Magnetismo,2025-2,,0,False
5f03bfb68207dccb933e2034,Electricidad y Magnetismo,2025-2,4.46,0,False
6064eaf87c0fd86aab85869f,Electricidad y Magnetismo,2025-2,2.92,2,True
60779b9d13c885669701f96f,Electricidad y Magnetismo,2025-2,,0,False
6271f656a66e8f1e3c5e6ab2,Electricidad y Magnetismo,2025-2,,3,True
65ab878385da4d5b8a13e9c2,Electricidad y Magnetismo,2025-2,3.07,0,False
66b382e7a71f804ef7caf384,Electricidad y Magnetismo,2025-2,3.28,1,True
6723b5d3416de49bb134bdce,Electricidad y Magnetismo,2025-2,3.62,0,False
67abc5c3d4e55a94b2c81a50,Electricidad y Magnetismo,2025-2,4.4,1,True
687f0800a7b062043023b6aa,Electricidad y Magnetismo,2025-2,3.56,4,True
68cc0ccdacba4f95028942c7,Electricidad y Magnetismo,2025-2,3.88,0,False
695720cff4bdda03ee3e9db6,Electricidad y Magnetismo,2025-2,3.8,0,False
6a2b9d845c4602f79d30beae,Electricidad y Magnetismo,2025-2,4.02,0,False
6c0264cca2a9670b1f790cea,Electricidad y Magnetismo,2025-2,,0,False
6c5c4836acdc321f44f70c7b,Electricidad y Magnetismo,2025-2,3.0,4,True
6d5ccbc3fdb9aa9a862aab1e,Electricidad y Magnetismo,2025-2,,0,False
6f345e7c3c43e3aa3e099aa2,Electricidad y Magnetismo,2025-2,2.55,2,True
6f84aef9e43e07f6a6617f55,Electricidad y Magnetismo,2025-2,3.8,0,False
701b9353d32ad72f3787fb60,Electricidad y Magnetismo,2025-2,4.09,0,False
7066d911d6e7d99149218eb2,Electricidad y Magnetismo,2025-2,3.09,2,True
707ea27166c04832998e7e23,Electricidad y Magnetismo,2025-2,2.62,0,False
721d075e32b9c6794e29d1f2,Electricidad y Magnetismo,2025-2,4.71,0,False
7285a97f3c1614186ac87552,Electricidad y Magnetismo,2025-2,3.01,2,True
72fb1faee6c6bb474758a0ce,Electricidad y Magnetismo,2025-2,3.85,0,False
7384b2857aed69607e8b70b0,Electricidad y Magnetismo,2025-2,,0,False
740c2cc2aa0f7c1f2e9bbd58,Electricidad y Magnetismo,2025-2,,0,False
7564f1f9c601b7bc3baea87b,Electricidad y Magnetismo,2025-2,,3,True
7702ab8c7fba879e75dfc11d,Electricidad y Magnetismo,2025-2,3.79,0,False
7836686d4df0cf496af12108,Electricidad y Magnetismo,2025-2,,0,False
78a78582acd571c9eced9f66,Electricidad y Magnetismo,2025-2,3.01,0,False
7a2fd887d6b968dea42da26e,Electricidad y Magnetismo,2025-2,,0,False
7b47172f079e670ccb8b3942,Electricidad y Magnetismo,2025-2,,0,False
7b59c5787422c81db440c70d,Electricidad y Magnetismo,2025-2,3.07,0,False
7ccbb5cd785f27a366841c68,Electricidad y Magnetismo,2025-2,3.42,0,False
7dca18511dce8399be1cbc8b,Electricidad y Magnetismo,2025-2,3.01,1,True
7fcf574acbe78af516edec89,Electricidad y Magnetismo,2025-2,3.35,0,False
80082130a7afe0334fb17633,Electricidad y Magnetismo,2025-2,3.01,4,True
80526823a3204eedcccaf889,Electricidad y Magnetismo,2025-2,3.08,0,False
80b385eb09b83b302ac48896,Electricidad y Magnetismo,2025-2,3.02,0,False
82eb3ef325ed6eafd7589a4a,Electricidad y Magnetismo,2025-2,4.05,0,False
836ce7955d0458f2312af2f5,Electricidad y Magnetismo,2025-2,3.25,0,False
847e02a9316fff7a8173b489,Electricidad y Magnetismo,2025-2,,4,True
863a159c10a460e46793eea8,Electricidad y Magnetismo,2025-2,3.09,1,True
86679e2e971748b9a94eb3ad,Electricidad y Magnetismo,2025-2,,0,False
87db6d5ec642781bd11aaa96,Electricidad y Magnetismo,2025-2,,0,False
88afdf52487e7f9dc0dd46f9,Electricidad y Magnetismo,2025-2,3.69,0,False
897a0d971f753f416b061857,Electricidad y Magnetismo,2025-2,,0,False
8d34e1dec437292bbbd075c3,Electricidad y Magnetismo,2025-2,3.35,1,True
8d5e7bdf041987e85b7425e2,Electricidad y Magnetismo,2025-2,3.81,0,False
90296ebc8e8f9ad4e877e882,Electricidad y Magnetismo,2025-2,3.15,1,True
964968021c31687ad160c8eb,Electricidad y Magnetismo,2025-2,3.01,0,False
96c851c6a1cabee6d6e42b9d,Electricidad y Magnetismo,2025-2,,0,False
97be5747afc86d19c7ebbfdc,Electricidad y Magnetismo,2025-2,3.13,1,True
97fe9043a1463e5dcc81ec29,Electricidad y Magnetismo,2025-2,,0,False
9815bcbb8ef7910d9a3392fc,Electricidad y Magnetismo,2025-2,3.22,1,True
9a0a73d595ad23f5f67f86e7,Electricidad y Magnetismo,2025-2,3.7,0,False
9a7544efc5e6221d938df38b,Electricidad y Magnetismo,2025-2,,4,True
9ca12d68d73d180507143ee7,Electricidad y Magnetismo,2025-2,3.54,0,False
9ca137ce3d46c76125215b6f,Electricidad y Magnetismo,2025-2,,0,False
9d9a075776dfce76641c3968,Electricidad y Magnetismo,2025-2,,0,False
9de473412d2d3352eed3d3a3,Electricidad y Magnetismo,2025-2,,2,True
9e0a9405c1645c741521089f,Electricidad y Magnetismo,2025-2,,0,False
9e49da7fdd34d09dcf54f595,Electricidad y Magnetismo,2025-2,1.15,0,False
9efe8f92bc8239ffbe76a8a3,Electricidad y Magnetismo,2025-2,3.02,3,True
9f05083813ecab82994f969e,Electricidad y Magnetismo,2025-2,,0,False
a3b012ade4bbfead12aa4ee2,Electricidad y Magnetismo,2025-2,4.26,0,False
a43d59f1196c775b5717ff84,Electricidad y Magnetismo,2025-2,3.11,0,False
a59a17acfdb23ade0b35ec72,Electricidad y Magnetismo,2025-2,2.4,0,False
a5fbd73a03919c94ece453e5,Electricidad y Magnetismo,2025-2,3.06,0,False
a91552f9584bcc68a69fd4a9,Electricidad y Magnetismo,2025-2,4.39,0,False
ab5eb6ba3bb9567008aaad5b,Electricidad y Magnetismo,2025-2,3.3,0,False
abb77116862588f049642287,Electricidad y Magnetismo,2025-2,3.77,0,False
af9b186e4575678129f9a0d2,Electricidad y Magnetismo,2025-2,,0,False
b011c26c822e6e7d52a2a36c,Electricidad y Magnetismo,2025-2,3.23,0,False
b1ee8cb246d1768fd6ee3afb,Electricidad y Magnetismo,2025-2,3.1,0,False
b2a43b78049edfbecb36db11,Electricidad y Magnetismo,2025-2,3.03,3,True
b509a7cea13050811379c4d6,Electricidad y Magnetismo,2025-2,,0,False
b55b543a0cc62964edff1284,Electricidad y Magnetismo,2025-2,3.84,0,False
b582ef638554afadaa26273e,Electricidad y Magnetismo,2025-2,3.71,0,False
b8a1b4d62c47f72fb1a0a394,Electricidad y Magnetismo,2025-2,3.05,0,False
b8fcbb52de311151bbd8f070,Electricidad y Magnetismo,2025-2,,0,False
ba7664989d43a62ae458fd04,Electricidad y Magnetismo,2025-2,4.21,8,True
bbb9a397cf9f06f246fdc2db,Electricidad y Magnetismo,2025-2,3.55,4,True
bddb2c9d52267ac497421147,Electricidad y Magnetismo,2025-2,,1,True
becb744060a4e3eef89a3acc,Electricidad y Magnetismo,2025-2,2.3,0,False
c07c4dcaf2dcfbabeb5941d5,Electricidad y Magnetismo,2025-2,4.89,0,False
c191685159dd0dd00b3d61a6,Electricidad y Magnetismo,2025-2,3.01,1,True
c25cae6659327d350ee6e223,Electricidad y Magnetismo,2025-2,3.67,1,True
c55e3b10dac44236dd47d54d,Electricidad y Magnetismo,2025-2,3.04,0,False
c5722d93bfe976add67bf135,Electricidad y Magnetismo,2025-2,3.25,0,False
c908f6d608aa491beaed2555,Electricidad y Magnetismo,2025-2,3.78,0,False
ca4c4568e0b7d31753dab5ea,Electricidad y Magnetismo,2025-2,4.21,0,False
cbb13bbf912dda96584ea1fe,Electricidad y Magnetismo,2025-2,4.01,1,True
cbd08c95f6909b228cab263e,Electricidad y Magnetismo,2025-2,,0,False
ccc4bc4afb29aa3c3394d780,Electricidad y Magnetismo,2025-2,,0,False
cd132e913b4b6619de7c1bdb,Electricidad y Magnetismo,2025-2,,0,False
cddd0e295c748c02e28202c2,Electricidad y Magnetismo,2025-2,3.22,6,True
ce176f62d5bffd56d7cfbb83,Electricidad y Magnetismo,2025-2,,0,False
d6e08aa3df818a3c2109bd18,Electricidad y Magnetismo,2025-2,,0,False
d7c7c66bfe0e2a56126ac67a,Electricidad y Magnetismo,2025-2,3.26,8,True
d9636ba03ae6dda578e2bb9e,Electricidad y Magnetismo,2025-2,,1,True
d9a1409ea23d186a9959cf6e,Electricidad y Magnetismo,2025-2,,0,False
dac7509ad85558eeca71764b,Electricidad y Magnetismo,2025-2,,0,False
db5cdd282e35ee5eb4e558e8,Electricidad y Magnetismo,2025-2,,0,False
dde1293ccddfb34f5e5c8e39,Electricidad y Magnetismo,2025-2,,0,False
dfd3e0d0bd358572e56227c1,Electricidad y Magnetismo,2025-2,,0,False
e110e7a46de2d950e6c4b10f,Electricidad y Magnetismo,2025-2,2.54,0,False
e2aa9d42ef690c88af1cbb90,Electricidad y Magnetismo,2025-2,3.11,0,False
e49e87b8fb4cb61626a67534,Electricidad y Magnetismo,2025-2,3.77,0,False
e666aef10b402c73feb47c33,Electricidad y Magnetismo,2025-2,3.02,0,False
e67b916e2eba660d7f3f0a26,Electricidad y Magnetismo,2025-2,3.23,2,True
e6b1826e2f59586d83eadd99,Electricidad y Magnetismo,2025-2,2.74,1,True
e77fddaa504fda59e9aedb36,Electricidad y Magnetismo,2025-2,3.68,1,True
e7f8e383b1648ec668888808,Electricidad y Magnetismo,2025-2,3.62,3,True
e89be0b876daa9fb4f5358ee,Electricidad y Magnetismo,2025-2,3.12,0,False
e960e9911be44fefbfd72862,Electricidad y Magnetismo,2025-2,3.01,0,False
ea8616a699ca5580c317906c,Electricidad y Magnetismo,2025-2,3.04,0,False
eb519a8cf859cecd43e86dc6,Electricidad y Magnetismo,2025-2,3.89,0,False
ebe5c3a243f4bbe30f737c21,Electricidad y Magnetismo,2025-2,3.68,2,True
ed4f66b9ed1018a5947f0cb5,Electricidad y Magnetismo,2025-2,,2,True
ed92113da3d94e933f6a105c,Electricidad y Magnetismo,2025-2,3.08,0,False
f25d90e7377d03393b6f484a,Electricidad y Magnetismo,2025-2,3.9,0,False
f4742fbdebd7fc2d115706a1,Electricidad y Magnetismo,2025-2,4.02,6,True
fa1d27d1873f8d26c4489eaa,Electricidad y Magnetismo,2025-2,2.76,0,False
fd1167c0637c1538335f6ecc,Electricidad y Magnetismo,2025-2,3.21,2,True
fddc382c0e8606f305c4e066,Electricidad y Magnetismo,2025-2,3.21,0,False
fe99c7a1690d88b535554925,Electricidad y Magnetismo,2025-2,2.46,0,False
0ee9a7b0b89dcbf7209ff60c,Fortalecimiento Académico: Física,2025-2,,0,False
236f2787e3dc1046e28d87cb,Fortalecimiento Académico: Física,2025-2,,0,False
27190f279885d79a964385ee,Fortalecimiento Académico: Física,2025-2,,0,False
27d35d6684f0279a2f9ae675,Fortalecimiento Académico: Física,2025-2,,0,False
28f107cc1b2336d0453e13a9,Fortalecimiento Académico: Física,2025-2,,0,False
2a3276256e0e66393d9d50de,Fortalecimiento Académico: Física,2025-2,,0,False
3968c520b25fb7b0bfb1c4a3,Fortalecimiento Académico: Física,2025-2,,0,False
399101ca4603c61007e3fe07,Fortalecimiento Académico: Física,2025-2,,0,False
39b4d95e9e76ce35e55e48a1,Fortalecimiento Académico: Física,2025-2,,0,False
3edaf6e472cccfd85eccc598,Fortalecimiento Académico: Física,2025-2,,0,False
3ef756994d949d2e9d70c503,Fortalecimiento Académico: Física,2025-2,,0,False
478d6512a445ea3893994cb9,Fortalecimiento Académico: Física,2025-2,,0,False
484f62574255c8806ff93db1,Fortalecimiento Académico: Física,2025-2,,0,False
50e6a3bb77d6754706e7c99b,Fortalecimiento Académico: Física,2025-2,,0,False
58c8ba48bd0cce7466e67ec4,Fortalecimiento Académico: Física,2025-2,,0,False
59cec217129b8c54fa2638b5,Fortalecimiento Académico: Física,2025-2,,0,False
5a87794d7a6d085bd2367b8f,Fortalecimiento Académico: Física,2025-2,,0,False
5b640c573d213aaae6cc7ca3,Fortalecimiento Académico: Física,2025-2,,0,False
5ec00fea2bfdbac38fec0107,Fortalecimiento Académico: Física,2025-2,,0,False
5f1369f7e1a982a649976f5e,Fortalecimiento Académico: Física,2025-2,,0,False
6064eaf87c0fd86aab85869f,Fortalecimiento Académico: Física,2025-2,,0,False
61f257fb27edb95311cf49a7,Fortalecimiento Académico: Física,2025-2,,0,False
6271f656a66e8f1e3c5e6ab2,Fortalecimiento Académico: Física,2025-2,,0,False
66b382e7a71f804ef7caf384,Fortalecimiento Académico: Física,2025-2,,0,False
6a6d0c2bd4d18a1583015a57,Fortalecimiento Académico: Física,2025-2,,0,False
6cc83a411a8809434bd5984c,Fortalecimiento Académico: Física,2025-2,,0,False
6eb08365766c638fcb6b6429,Fortalecimiento Académico: Física,2025-2,,0,False
71425dcffabedcdf6c1b4f6c,Fortalecimiento Académico: Física,2025-2,,0,False
7285a97f3c1614186ac87552,Fortalecimiento Académico: Física,2025-2,,0,False
740c2cc2aa0f7c1f2e9bbd58,Fortalecimiento Académico: Física,2025-2,,0,False
742abebc197950505786eaf0,Fortalecimiento Académico: Física,2025-2,,0,False
75225aa2914befa79e56d144,Fortalecimiento Académico: Física,2025-2,,0,False
7dca18511dce8399be1cbc8b,Fortalecimiento Académico: Física,2025-2,,0,False
80526823a3204eedcccaf889,Fortalecimiento Académico: Física,2025-2,,0,False
82872b47ee53a0a134532a2f,Fortalecimiento Académico: Física,2025-2,,0,False
847e02a9316fff7a8173b489,Fortalecimiento Académico: Física,2025-2,,0,False
87db6d5ec642781bd11aaa96,Fortalecimiento Académico: Física,2025-2,,0,False
93adc2d1f9a1519b91d47332,Fortalecimiento Académico: Física,2025-2,,0,False
96c851c6a1cabee6d6e42b9d,Fortalecimiento Académico: Física,2025-2,,0,False
9a1687b527893c1c4cbf7b53,Fortalecimiento Académico: Física,2025-2,,0,False
9a7544efc5e6221d938df38b,Fortalecimiento Académico: Física,2025-2,,0,False
9ca12d68d73d180507143ee7,Fortalecimiento Académico: Física,2025-2,,0,False
9de473412d2d3352eed3d3a3,Fortalecimiento Académico: Física,2025-2,,0,False
9e0a9405c1645c741521089f,Fortalecimiento Académico: Física,2025-2,,0,False
9ec685ab1a2483600041c385,Fortalecimiento Académico: Física,2025-2,,0,False
9efe8f92bc8239ffbe76a8a3,Fortalecimiento Académico: Física,2025-2,,0,False
a3b012ade4bbfead12aa4ee2,Fortalecimiento Académico: Física,2025-2,,0,False
a3b73ae02942f928c67b9c07,Fortalecimiento Académico: Física,2025-2,,0,False
a876472e6729c77da0ce0c6c,Fortalecimiento Académico: Física,2025-2,,0,False
ab5eb6ba3bb9567008aaad5b,Fortalecimiento Académico: Física,2025-2,,0,False
abb77116862588f049642287,Fortalecimiento Académico: Física,2025-2,,0,False
ade01c4d3e00c34d33a767d5,Fortalecimiento Académico: Física,2025-2,,0,False
b1ee8cb246d1768fd6ee3afb,Fortalecimiento Académico: Física,2025-2,,0,False
b60fa3c8c52acf666fa26497,Fortalecimiento Académico: Física,2025-2,,0,False
bde5d37431b27886412e2cc0,Fortalecimiento Académico: Física,2025-2,,0,False
c55e3b10dac44236dd47d54d,Fortalecimiento Académico: Física,2025-2,,0,False
ccc4bc4afb29aa3c3394d780,Fortalecimiento Académico: Física,2025-2,,0,False
cddd0e295c748c02e28202c2,Fortalecimiento Académico: Física,2025-2,,0,False
d16532abb2170b814878f8fd,Fortalecimiento Académico: Física,2025-2,,0,False
d8530c68af6c91f9b5507b8b,Fortalecimiento Académico: Física,2025-2,,0,False
da26cb24f16ed64d6294a6ee,Fortalecimiento Académico: Física,2025-2,,0,False
dde1293ccddfb34f5e5c8e39,Fortalecimiento Académico: Física,2025-2,,0,False
e110e7a46de2d950e6c4b10f,Fortalecimiento Académico: Física,2025-2,,0,False
e56d945426b8f80d7d89de14,Fortalecimiento Académico: Física,2025-2,,0,False
e6b1826e2f59586d83eadd99,Fortalecimiento Académico: Física,2025-2,,0,False
e7f8e383b1648ec668888808,Fortalecimiento Académico: Física,2025-2,,0,False
ea20a3b1acb4a1821f581027,Fortalecimiento Académico: Física,2025-2,,0,False
ebbfda808072beb8814e3459,Fortalecimiento Académico: Física,2025-2,,0,False
ed92113da3d94e933f6a105c,Fortalecimiento Académico: Física,2025-2,,0,False
f941605b159d540377a72013,Fortalecimiento Académico: Física,2025-2,,0,False
fbb30ffb5c9d65601b40bdff,Fortalecimiento Académico: Física,2025-2,,0,False
fd1167c0637c1538335f6ecc,Fortalecimiento Académico: Física,2025-2,,0,False
021c8ee196052cbdf6918d8d,Fortalecimiento Académico: Matemáticas,2025-2,,0,False
02607c2c2b3880b1514e3e1e,Fortalecimiento Académico: Matemáticas,2025-2,,0,False
06b74a0b54004b6f7e3b1edd,Fortalecimiento Académico: Matemáticas,2025-2,,0,False
07726cd8108fb2c45812f79f,Fortalecimiento Académico: Matemáticas,2025-2,,0,False
08e12cc72f923f9e9d080301,Fortalecimiento Académico: Matemáticas,2025-2,,0,False
0b6e88ced116b906b2776ef0,Fortalecimiento Académico: Matemáticas,2025-2,,0,False
0dad83b1520ab94b6e36751c,Fortalecimiento Académico: Matemáticas,2025-2,,0,False
10067850c327c8ee925cdf0f,Fortalecimiento Académico: Matemáticas,2025-2,,0,False
10a76c7697c3a428944e6add,Fortalecimiento Académico: Matemáticas,2025-2,,0,False
11f915728c0252bd7ce644f1,Fortalecimiento Académico: Matemáticas,2025-2,,0,False
166bb74ef810034d9de43e90,Fortalecimiento Académico: Matemáticas,2025-2,,0,False
180bc0c9ee6f55f471d9c120,Fortalecimiento Académico: Matemáticas,2025-2,,0,False
18372478f8b9cfcbf9c8b442,Fortalecimiento Académico: Matemáticas,2025-2,,0,False
1b2032526e9aac7cc829c4b4,Fortalecimiento Académico: Matemáticas,2025-2,,0,False
1cdd1f784980254d9f07c2dd,Fortalecimiento Académico: Matemáticas,2025-2,,0,False
1e8299b8a96d46dc225acdb8,Fortalecimiento Académico: Matemáticas,2025-2,,0,False
2179eee37a6abd83c87a495e,Fortalecimiento Académico: Matemáticas,2025-2,,0,False
25c6841db688390d38a5ea36,Fortalecimiento Académico: Matemáticas,2025-2,,0,False
2670823b504d3da772963662,Fortalecimiento Académico: Matemáticas,2025-2,,0,False
27906e8f728697651cd0c307,Fortalecimiento Académico: Matemáticas,2025-2,,0,False
29895b4663a4389d31521c8d,Fortalecimiento Académico: Matemáticas,2025-2,,0,False
2a3276256e0e66393d9d50de,Fortalecimiento Académico: Matemáticas,2025-2,,0,False
2d2fa5877fef2dd3d7b72f7d,Fortalecimiento Académico: Matemáticas,2025-2,,0,False
33782812782256b64646441b,Fortalecimiento Académico: Matemáticas,2025-2,,0,False
33de94a8e689cdf81f832b8e,Fortalecimiento Académico: Matemáticas,2025-2,,0,False
344759a623c6fb266de9f8ae,Fortalecimiento Académico: Matemáticas,2025-2,,0,False
357f5c8b695477f979ed6378,Fortalecimiento Académico: Matemáticas,2025-2,,0,False
39991ff9bd21abb750d1342e,Fortalecimiento Académico: Matemáticas,2025-2,,0,False
39b4d95e9e76ce35e55e48a1,Fortalecimiento Académico: Matemáticas,2025-2,,0,False
3baeaa6303fa6159ca4de9b9,Fortalecimiento Académico: Matemáticas,2025-2,,0,False
3be5453d48f6f441c3783e5e,Fortalecimiento Académico: Matemáticas,2025-2,,0,False
3c166815ad3da84dc12691f8,Fortalecimiento Académico: Matemáticas,2025-2,,0,False
3ca2d33e13e8277526b66a4e,Fortalecimiento Académico: Matemáticas,2025-2,,0,False
3cb2cc6598cf6ad58b24121e,Fortalecimiento Académico: Matemáticas,2025-2,,0,False
3fdc824c854d63af5a080c32,Fortalecimiento Académico: Matemáticas,2025-2,,0,False
46f84fa6bd6562a528f5ea23,Fortalecimiento Académico: Matemáticas,2025-2,,0,False
47be8a6c8ef3e04343bf9307,Fortalecimiento Académico: Matemáticas,2025-2,,0,False
4ad40c5144e8f9e547dfdb49,Fortalecimiento Académico: Matemáticas,2025-2,,0,False
4ea477ecf28501232606684b,Fortalecimiento Académico: Matemáticas,2025-2,,0,False
5711e58e7c8f0db5c1232abe,Fortalecimiento Académico: Matemáticas,2025-2,,0,False
57650a12a74806abb04acf92,Fortalecimiento Académico: Matemáticas,2025-2,,0,False
598abe356b0c1287c9f3915f,Fortalecimiento Académico: Matemáticas,2025-2,,0,False
59ef5ae38aa37196a73f7585,Fortalecimiento Académico: Matemáticas,2025-2,,0,False
5bdbab7988a29236d84ab3eb,Fortalecimiento Académico: Matemáticas,2025-2,,0,False
5bf5bc7869a8b92642cb18e2,Fortalecimiento Académico: Matemáticas,2025-2,,0,False
5c76332744e45a8ae00e436b,Fortalecimiento Académico: Matemáticas,2025-2,,0,False
5dd35517f9f0b0046f57c69d,Fortalecimiento Académico: Matemáticas,2025-2,,0,False
5e1c42493d3dcb620b337899,Fortalecimiento Académico: Matemáticas,2025-2,,0,False
5ea73bfa5723c2a4b83ef286,Fortalecimiento Académico: Matemáticas,2025-2,,0,False
60201d6c936a016e4d951d35,Fortalecimiento Académico: Matemáticas,2025-2,,0,False
605668d0e3ba393676118cb9,Fortalecimiento Académico: Matemáticas,2025-2,,0,False
6415a4b9241a5e46c0ae6af8,Fortalecimiento Académico: Matemáticas,2025-2,,0,False
6bf818cf7756e1e2a85cc226,Fortalecimiento Académico: Matemáticas,2025-2,,0,False
6cc83a411a8809434bd5984c,Fortalecimiento Académico: Matemáticas,2025-2,,0,False
6e221fd399c66d2d8d7d8ea9,Fortalecimiento Académico: Matemáticas,2025-2,,0,False
6ea0a6610a66d8a6bfa0508d,Fortalecimiento Académico: Matemáticas,2025-2,,0,False
6f00a1f20bad8916e89a7ad2,Fortalecimiento Académico: Matemáticas,2025-2,,0,False
71cd0762fc998ad9e4f4a043,Fortalecimiento Académico: Matemáticas,2025-2,,0,False
73d6aa9a188fcb43b149620a,Fortalecimiento Académico: Matemáticas,2025-2,,0,False
742abebc197950505786eaf0,Fortalecimiento Académico: Matemáticas,2025-2,,0,False
754ea75999efe0e35f0a1506,Fortalecimiento Académico: Matemáticas,2025-2,,0,False
7725960c60fb8dce62bd5f9a,Fortalecimiento Académico: Matemáticas,2025-2,,0,False
79ab8838cbd3fd3bef529b24,Fortalecimiento Académico: Matemáticas,2025-2,,0,False
7c9dba2a0d5f1a25783e5ff6,Fortalecimiento Académico: Matemáticas,2025-2,,0,False
7d1136510ed47ed5502d5e08,Fortalecimiento Académico: Matemáticas,2025-2,,0,False
7f31cbe2203e44fa7b49bd3a,Fortalecimiento Académico: Matemáticas,2025-2,,0,False
82ab49faba7ca2fa0adc4f74,Fortalecimiento Académico: Matemáticas,2025-2,,0,False
832e5ebeda97b15d450d0fc5,Fortalecimiento Académico: Matemáticas,2025-2,,0,False
8711f493cfc5c682eb346a62,Fortalecimiento Académico: Matemáticas,2025-2,,0,False
87f6337db429e740eda8bd42,Fortalecimiento Académico: Matemáticas,2025-2,,0,False
8cb48bc29bd8041ffea69bfb,Fortalecimiento Académico: Matemáticas,2025-2,,0,False
8e2d9d995cdadee827e62e8f,Fortalecimiento Académico: Matemáticas,2025-2,,0,False
8fdea87930b6102ffd064c90,Fortalecimiento Académico: Matemáticas,2025-2,,0,False
911c466b6c1bf1f5ead80799,Fortalecimiento Académico: Matemáticas,2025-2,,0,False
925a5274199d527ba355d925,Fortalecimiento Académico: Matemáticas,2025-2,,0,False
958b724d4d8a58d12a68f44d,Fortalecimiento Académico: Matemáticas,2025-2,,0,False
97fe9043a1463e5dcc81ec29,Fortalecimiento Académico: Matemáticas,2025-2,,0,False
982ab8c34b974b9e2ce88047,Fortalecimiento Académico: Matemáticas,2025-2,,0,False
98740740ef8041432db3d4a5,Fortalecimiento Académico: Matemáticas,2025-2,,0,False
98f4a486d665581c4cc10004,Fortalecimiento Académico: Matemáticas,2025-2,,0,False
9a1687b527893c1c4cbf7b53,Fortalecimiento Académico: Matemáticas,2025-2,,0,False
9c41e63bf2d25286da169bbb,Fortalecimiento Académico: Matemáticas,2025-2,,0,False
9dd8ff0c8f988f1620a38829,Fortalecimiento Académico: Matemáticas,2025-2,,0,False
9ec685ab1a2483600041c385,Fortalecimiento Académico: Matemáticas,2025-2,,0,False
a14e3223a1694c7873a012af,Fortalecimiento Académico: Matemáticas,2025-2,,0,False
a171b41d07b4f388378a3e5e,Fortalecimiento Académico: Matemáticas,2025-2,,0,False
a23b23e069aae0b47d30e037,Fortalecimiento Académico: Matemáticas,2025-2,,0,False
a7283155157838837779cd6c,Fortalecimiento Académico: Matemáticas,2025-2,,0,False
a876472e6729c77da0ce0c6c,Fortalecimiento Académico: Matemáticas,2025-2,,0,False
a8b5bd7511b97300e345bf09,Fortalecimiento Académico: Matemáticas,2025-2,,0,False
ab0921507e99961f8bc69dd0,Fortalecimiento Académico: Matemáticas,2025-2,,0,False
abb47aa9f3d1f7eb7645a996,Fortalecimiento Académico: Matemáticas,2025-2,,0,False
ade01c4d3e00c34d33a767d5,Fortalecimiento Académico: Matemáticas,2025-2,,0,False
aefcad09c969548e5cbd0dc6,Fortalecimiento Académico: Matemáticas,2025-2,,0,False
b056f1278a34aa93655b4637,Fortalecimiento Académico: Matemáticas,2025-2,,0,False
b4a0f5e005f174cbcb32136d,Fortalecimiento Académico: Matemáticas,2025-2,,0,False
b545d7ccf29009da6a7e590a,Fortalecimiento Académico: Matemáticas,2025-2,,0,False
b91434fd61fd06d2344df54b,Fortalecimiento Académico: Matemáticas,2025-2,,0,False
bc625a3d12c5d3d43f9842b3,Fortalecimiento Académico: Matemáticas,2025-2,,0,False
bcd115f691a3dc865a8eef82,Fortalecimiento Académico: Matemáticas,2025-2,,0,False
bd46196e84d212f59d0d7fd1,Fortalecimiento Académico: Matemáticas,2025-2,,0,False
be3b7ff2688ff6b5f4bb23c9,Fortalecimiento Académico: Matemáticas,2025-2,,0,False
be8e8ecbfb1184edce39166b,Fortalecimiento Académico: Matemáticas,2025-2,,0,False
bebec95e3d5f1d793a4b38aa,Fortalecimiento Académico: Matemáticas,2025-2,,0,False
bfd75f258bf38c2775173580,Fortalecimiento Académico: Matemáticas,2025-2,,0,False
c26965529bd140d15b400f40,Fortalecimiento Académico: Matemáticas,2025-2,,0,False
c65cc5f6e76732a98dd80f3f,Fortalecimiento Académico: Matemáticas,2025-2,,0,False
c714f2254e1e9e258b9f1c1e,Fortalecimiento Académico: Matemáticas,2025-2,,0,False
ca92868463ef6e0c918d0f31,Fortalecimiento Académico: Matemáticas,2025-2,,0,False
d034024c93a845188469b465,Fortalecimiento Académico: Matemáticas,2025-2,,0,False
d16532abb2170b814878f8fd,Fortalecimiento Académico: Matemáticas,2025-2,,0,False
d675b90bf24098b5d8526374,Fortalecimiento Académico: Matemáticas,2025-2,,0,False
d94bd1d7c6bdbe539c9e663f,Fortalecimiento Académico: Matemáticas,2025-2,,0,False
dc999e8b6b723b9960caa0bb,Fortalecimiento Académico: Matemáticas,2025-2,,0,False
dd10683035e11d9d55de881c,Fortalecimiento Académico: Matemáticas,2025-2,,0,False
def291d26fdd993556a0c954,Fortalecimiento Académico: Matemáticas,2025-2,,0,False
e008df841601a5521911ac38,Fortalecimiento Académico: Matemáticas,2025-2,,0,False
e12bc23b598ef7360ae22d84,Fortalecimiento Académico: Matemáticas,2025-2,,0,False
e13362bd66934334d494346e,Fortalecimiento Académico: Matemáticas,2025-2,,0,False
e1b175d45f90bdf2454dda82,Fortalecimiento Académico: Matemáticas,2025-2,,0,False
e36ceb33608a8404c202e1c7,Fortalecimiento Académico: Matemáticas,2025-2,,0,False
e3ec113ab727dbacdb21e58d,Fortalecimiento Académico: Matemáticas,2025-2,,0,False
e7b984488792da22c9ba6a71,Fortalecimiento Académico: Matemáticas,2025-2,,0,False
e8387e7e237fdb120924327d,Fortalecimiento Académico: Matemáticas,2025-2,,0,False
e85f73212a160de10027ec0a,Fortalecimiento Académico: Matemáticas,2025-2,,0,False
e9652fb80f9cd50aaf97f2be,Fortalecimiento Académico: Matemáticas,2025-2,,0,False
ecab4466989b7b15ccde9c76,Fortalecimiento Académico: Matemáticas,2025-2,,0,False
ee4acfc8e79f1a5d1d4007a9,Fortalecimiento Académico: Matemáticas,2025-2,,0,False
f01d093d9c4609c788303307,Fortalecimiento Académico: Matemáticas,2025-2,,0,False
f0f920f4d7f8f9645870d77d,Fortalecimiento Académico: Matemáticas,2025-2,,0,False
f350925330d57112936a7540,Fortalecimiento Académico: Matemáticas,2025-2,,0,False
f3aa8bf42fba2214b2435bce,Fortalecimiento Académico: Matemáticas,2025-2,,0,False
fa0f59128ae7e849f1041041,Fortalecimiento Académico: Matemáticas,2025-2,,0,False
fa40ed85bc50f3453f0ec3ba,Fortalecimiento Académico: Matemáticas,2025-2,,0,False
fac48c0bf4a57310f8ab9777,Fortalecimiento Académico: Matemáticas,2025-2,,0,False
fbb30ffb5c9d65601b40bdff,Fortalecimiento Académico: Matemáticas,2025-2,,0,False
fcd5f12d39172c1c2946c851,Fortalecimiento Académico: Matemáticas,2025-2,,0,False
fce07416b7b3daa331744ea7,Fortalecimiento Académico: Matemáticas,2025-2,,0,False
fd75e714ebfbf902f70ce4fa,Fortalecimiento Académico: Matemáticas,2025-2,,0,False
fd8dcdeff51a3617f8f5c8b3,Fortalecimiento Académico: Matemáticas,2025-2,,0,False
fdf95aa5488b93ed0b5b425a,Fortalecimiento Académico: Matemáticas,2025-2,,0,False
007acf40da59ca7808c5229e,Fundamentos Matemáticos,2025-2,4.9,0,False
01c00cf8e4ca011bb5fd33a8,Fundamentos Matemáticos,2025-2,4.11,0,False
021c8ee196052cbdf6918d8d,Fundamentos Matemáticos,2025-2,4.0,0,False
026c9879fe8a2cd33f7bcc47,Fundamentos Matemáticos,2025-2,,0,False
098144f597221d497467c536,Fundamentos Matemáticos,2025-2,,0,False
0aa843497e8ac3c1080001d3,Fundamentos Matemáticos,2025-2,,0,False
0e5af2b1870af89c8cee1b42,Fundamentos Matemáticos,2025-2,4.74,0,False
1000b62f6c056df025fd4ecd,Fundamentos Matemáticos,2025-2,,0,False
10067850c327c8ee925cdf0f,Fundamentos Matemáticos,2025-2,4.14,0,False
10a76c7697c3a428944e6add,Fundamentos Matemáticos,2025-2,4.28,0,False
1169e665f9be8a4c0d905f16,Fundamentos Matemáticos,2025-2,3.42,0,False
11a8684cccd473f5663628d3,Fundamentos Matemáticos,2025-2,,0,False
11d909c70aa7a679276e3477,Fundamentos Matemáticos,2025-2,3.62,0,False
1308eb7b14faca1eb43728c0,Fundamentos Matemáticos,2025-2,,0,False
166bb74ef810034d9de43e90,Fundamentos Matemáticos,2025-2,3.0,0,False
18c0efcbe3c6ac55e6e0f30c,Fundamentos Matemáticos,2025-2,1.87,0,False
18c92509f3e81ed0c28ca0c4,Fundamentos Matemáticos,2025-2,4.15,0,False
1988c5c56ec10f2b0e74ea8c,Fundamentos Matemáticos,2025-2,1.17,0,False
1bbb1ea0a627088941f28843,Fundamentos Matemáticos,2025-2,3.8,0,False
1c49f62e974f813d0332b463,Fundamentos Matemáticos,2025-2,4.94,0,False
1cdd1f784980254d9f07c2dd,Fundamentos Matemáticos,2025-2,4.09,0,False
1ee8d40daf0a448698e2794a,Fundamentos Matemáticos,2025-2,3.03,0,False
239194eb2f50cd995c76bfde,Fundamentos Matemáticos,2025-2,3.2,0,False
23aa28ff532d4d4299810362,Fundamentos Matemáticos,2025-2,5.0,0,False
27906e8f728697651cd0c307,Fundamentos Matemáticos,2025-2,1.29,0,False
2d3d2142ebcad22bc852985b,Fundamentos Matemáticos,2025-2,4.94,0,False
2da1e065ecc7bf3ceb6a4a89,Fundamentos Matemáticos,2025-2,,0,False
3464d41070d965ad1bd8e00e,Fundamentos Matemáticos,2025-2,4.89,0,False
39991ff9bd21abb750d1342e,Fundamentos Matemáticos,2025-2,,1,True
3a1bd465323a6a20b0406dd3,Fundamentos Matemáticos,2025-2,,0,False
3be5453d48f6f441c3783e5e,Fundamentos Matemáticos,2025-2,4.2,0,False
3c166815ad3da84dc12691f8,Fundamentos Matemáticos,2025-2,3.79,1,True
3ef45441109ef24eb709d6b2,Fundamentos Matemáticos,2025-2,,0,False
41e94bbe661c53cbce40e7e1,Fundamentos Matemáticos,2025-2,3.84,0,False
441f190197840f2d9eafe733,Fundamentos Matemáticos,2025-2,3.83,0,False
45288378238228168e83c93f,Fundamentos Matemáticos,2025-2,4.3,0,False
458dc0c49c5d723670db3955,Fundamentos Matemáticos,2025-2,,0,False
4624fab6f7ce832786e2b590,Fundamentos Matemáticos,2025-2,3.39,0,False
47200f5eac86b207e062b5b8,Fundamentos Matemáticos,2025-2,3.1,0,False
4722d4c5e09447d3a6e903b2,Fundamentos Matemáticos,2025-2,3.5,0,False
4c29fdfc7a91b45671a0a554,Fundamentos Matemáticos,2025-2,0.0,0,False
4efcefbbb27d96f101a3d699,Fundamentos Matemáticos,2025-2,3.62,0,False
514b8cc9ae9b859db7bff512,Fundamentos Matemáticos,2025-2,4.6,0,False
5873fbf9e0b30211e5c5c483,Fundamentos Matemáticos,2025-2,3.59,0,False
599bd38456817831f324ceda,Fundamentos Matemáticos,2025-2,2.12,0,False
5b4086cde4849485717d5930,Fundamentos Matemáticos,2025-2,,0,False
5c76332744e45a8ae00e436b,Fundamentos Matemáticos,2025-2,1.15,0,False
60201d6c936a016e4d951d35,Fundamentos Matemáticos,2025-2,,1,True
66ae7309691d6a65d054b4db,Fundamentos Matemáticos,2025-2,,0,False
67efe791d1f6b2f79ee18115,Fundamentos Matemáticos,2025-2,3.4,0,False
68c51c73095347add3518317,Fundamentos Matemáticos,2025-2,5.0,0,False
6da927a715dc6345981af9ed,Fundamentos Matemáticos,2025-2,3.16,0,False
6db91f2f83c41b72ad093853,Fundamentos Matemáticos,2025-2,4.95,0,False
6e221fd399c66d2d8d7d8ea9,Fundamentos Matemáticos,2025-2,3.51,0,False
73ab6d9886f525938a33c874,Fundamentos Matemáticos,2025-2,3.41,0,False
73d6aa9a188fcb43b149620a,Fundamentos Matemáticos,2025-2,3.11,0,False
7568c7356327a2070ca159a6,Fundamentos Matemáticos,2025-2,1.96,0,False
7587c6f1c423c836bb0f75d5,Fundamentos Matemáticos,2025-2,4.82,0,False
774afd4c2c08a3daaa174617,Fundamentos Matemáticos,2025-2,5.0,0,False
789152b0f5fdbafb093b87bf,Fundamentos Matemáticos,2025-2,1.64,0,False
7badd873b3514d1624967bf7,Fundamentos Matemáticos,2025-2,4.77,0,False
7d1136510ed47ed5502d5e08,Fundamentos Matemáticos,2025-2,2.37,0,False
80b385eb09b83b302ac48896,Fundamentos Matemáticos,2025-2,,0,False
843b6532b5846106e6c3c792,Fundamentos Matemáticos,2025-2,5.0,0,False
86037041923253f0fcbf551b,Fundamentos Matemáticos,2025-2,,0,False
89760db125f9104938f3ee01,Fundamentos Matemáticos,2025-2,3.62,0,False
8983ef3a150ca9e925759505,Fundamentos Matemáticos,2025-2,3.6,0,False
8a4650a1a7963d698f3850e5,Fundamentos Matemáticos,2025-2,4.86,0,False
8c35c0c4e98c7d7a63e24e60,Fundamentos Matemáticos,2025-2,3.66,0,False
8d04000187990a066a448ab6,Fundamentos Matemáticos,2025-2,1.84,0,False
94a4ad2980f4b6d59e607b61,Fundamentos Matemáticos,2025-2,3.67,0,False
94c8c4bfe7b3302c11b4308d,Fundamentos Matemáticos,2025-2,4.0,0,False
9815bcbb8ef7910d9a3392fc,Fundamentos Matemáticos,2025-2,3.61,0,False
98740740ef8041432db3d4a5,Fundamentos Matemáticos,2025-2,2.43,0,False
98746afd806061cb663bf2c6,Fundamentos Matemáticos,2025-2,5.0,0,False
9d77bf62c1a60d473b943e62,Fundamentos Matemáticos,2025-2,,0,False
a0d7463164d4beacfb4efb4b,Fundamentos Matemáticos,2025-2,4.81,0,False
a3bd1c88094dd66272329003,Fundamentos Matemáticos,2025-2,,0,False
a678b49f9959447e8827d2b6,Fundamentos Matemáticos,2025-2,,0,False
a782972a7061e3917064685f,Fundamentos Matemáticos,2025-2,5.0,0,False
a85e5d41db9ecec8b94763db,Fundamentos Matemáticos,2025-2,,0,False
a976f1f09d5e4d4322f890d5,Fundamentos Matemáticos,2025-2,3.7,0,False
aa4b62aefa97cddf9f6dfeb9,Fundamentos Matemáticos,2025-2,4.8,0,False
aa69518f767e02c4efc5b96d,Fundamentos Matemáticos,2025-2,4.37,0,False
ade01c4d3e00c34d33a767d5,Fundamentos Matemáticos,2025-2,4.6,0,False
b80b3d1a8b576bb690808d6a,Fundamentos Matemáticos,2025-2,4.3,0,False
b91434fd61fd06d2344df54b,Fundamentos Matemáticos,2025-2,4.3,0,False
bd047ae2df0ded38534b0636,Fundamentos Matemáticos,2025-2,0.67,0,False
be69ded32f533be3a727185a,Fundamentos Matemáticos,2025-2,2.14,0,False
c19d7e14f4d4e599f64f004b,Fundamentos Matemáticos,2025-2,,0,False
c772b90129952c5de7dcc7b5,Fundamentos Matemáticos,2025-2,5.0,0,False
c8e4678e6b3cffb2ae83e48b,Fundamentos Matemáticos,2025-2,3.27,0,False
c93681c046119cf05dde5968,Fundamentos Matemáticos,2025-2,3.5,0,False
d087e9387bb0a76e25a6aff9,Fundamentos Matemáticos,2025-2,4.09,0,False
d41084b6e85361a5718d3d94,Fundamentos Matemáticos,2025-2,3.69,0,False
d4912bda057e160385ac86b6,Fundamentos Matemáticos,2025-2,,0,False
d6be489afb4d2033d5cbc94a,Fundamentos Matemáticos,2025-2,3.4,0,False
de292984b27c83a9cdf4149f,Fundamentos Matemáticos,2025-2,4.55,0,False
e19bdb72a93bea67897f3a57,Fundamentos Matemáticos,2025-2,,0,False
e7fbe4a7d2b14984083047a6,Fundamentos Matemáticos,2025-2,4.15,0,False
e9652fb80f9cd50aaf97f2be,Fundamentos Matemáticos,2025-2,3.01,0,False
ee4acfc8e79f1a5d1d4007a9,Fundamentos Matemáticos,2025-2,5.0,0,False
f491b67c52751e47778e7192,Fundamentos Matemáticos,2025-2,4.53,0,False
f6d5f6b5ca4ed38fa002a6b2,Fundamentos Matemáticos,2025-2,1.45,0,False
f9caf34d9040586137b51656,Fundamentos Matemáticos,2025-2,3.87,0,False
fa40ed85bc50f3453f0ec3ba,Fundamentos Matemáticos,2025-2,,0,False
fb4359dc62a2baf714162053,Fundamentos Matemáticos,2025-2,4.25,0,False
fd7f9981d64d19cff9edb594,Fundamentos Matemáticos,2025-2,3.67,0,False
fe39bc34274b5c71804c3915,Fundamentos Matemáticos,2025-2,,0,False
01c00cf8e4ca011bb5fd33a8,Fundamentos de Química,2025-2,4.31,0,False
02607c2c2b3880b1514e3e1e,Fundamentos de Química,2025-2,3.05,0,False
02630362cdcfe8de2f79f265,Fundamentos de Química,2025-2,3.26,0,False
08e75ce9f0737a412ded9c50,Fundamentos de Química,2025-2,3.07,0,False
098144f597221d497467c536,Fundamentos de Química,2025-2,3.17,0,False
0ba12bdcb3b2aebcabd207c6,Fundamentos de Química,2025-2,3.27,0,False
0ea0de138392f7ff7954747c,Fundamentos de Química,2025-2,,0,False
1135548ea7dedf8302dcdef5,Fundamentos de Química,2025-2,3.08,1,True
166bb74ef810034d9de43e90,Fundamentos de Química,2025-2,2.0,0,False
178b0e71cc7c588c59f4520e,Fundamentos de Química,2025-2,3.03,0,False
18c0efcbe3c6ac55e6e0f30c,Fundamentos de Química,2025-2,3.02,0,False
19e31d0851a0941290883d4d,Fundamentos de Química,2025-2,2.45,0,False
20d7bc123f976a8ac4c64453,Fundamentos de Química,2025-2,3.46,0,False
242b0aff4199c66d678dcbe6,Fundamentos de Química,2025-2,2.08,0,False
2507d3bdde4d7c8e0736c991,Fundamentos de Química,2025-2,1.03,0,False
2737adb8f4df5a99743b64a1,Fundamentos de Química,2025-2,3.0,0,False
27906e8f728697651cd0c307,Fundamentos de Química,2025-2,1.83,0,False
27b26657b3cef47bc938107f,Fundamentos de Química,2025-2,3.23,0,False
28f107cc1b2336d0453e13a9,Fundamentos de Química,2025-2,3.93,0,False
29a19d0983ba1239b1d15fc0,Fundamentos de Química,2025-2,0.65,0,False
2de6ee3dae2b9b5106117bab,Fundamentos de Química,2025-2,3.01,0,False
33deb7ed2e5721f4acdbdb37,Fundamentos de Química,2025-2,,0,False
38d11dd047b18680d532d744,Fundamentos de Química,2025-2,3.01,0,False
39b4d95e9e76ce35e55e48a1,Fundamentos de Química,2025-2,3.88,1,True
3b71caa3a75e82166e2ce666,Fundamentos de Química,2025-2,3.06,0,False
3ca2d33e13e8277526b66a4e,Fundamentos de Química,2025-2,3.02,0,False
3df7bd34fa38c2917539345b,Fundamentos de Química,2025-2,,0,False
3e2560effe366091ea2900fd,Fundamentos de Química,2025-2,1.79,0,False
40a70a3546462a3d53169310,Fundamentos de Química,2025-2,,1,True
41e950de85c0d17049a431f5,Fundamentos de Química,2025-2,,0,False
458dc0c49c5d723670db3955,Fundamentos de Química,2025-2,,0,False
47200f5eac86b207e062b5b8,Fundamentos de Química,2025-2,2.62,0,False
4722d4c5e09447d3a6e903b2,Fundamentos de Química,2025-2,3.01,0,False
4af2638a0ffd2759810af6b7,Fundamentos de Química,2025-2,2.3,0,False
4c29fdfc7a91b45671a0a554,Fundamentos de Química,2025-2,0.0,0,False
4ca3282889c39495f399104d,Fundamentos de Química,2025-2,1.36,0,False
4d6513c5cfb2a93f1af3d35e,Fundamentos de Química,2025-2,3.15,0,False
4f76183d97e47bceb9c1ea01,Fundamentos de Química,2025-2,3.0,0,False
530addcfd3fc8260df658726,Fundamentos de Química,2025-2,3.27,0,False
58389ec2196ff850e9cc4eb6,Fundamentos de Química,2025-2,,0,False
599bd38456817831f324ceda,Fundamentos de Química,2025-2,,0,False
59e36b4ebde2e28077a82b0f,Fundamentos de Química,2025-2,,0,False
5a87794d7a6d085bd2367b8f,Fundamentos de Química,2025-2,3.03,1,True
5b4086cde4849485717d5930,Fundamentos de Química,2025-2,,0,False
5bdbab7988a29236d84ab3eb,Fundamentos de Química,2025-2,3.83,0,False
5bf5bc7869a8b92642cb18e2,Fundamentos de Química,2025-2,3.84,0,False
5e2267ed905084442694f360,Fundamentos de Química,2025-2,,0,False
5ea73bfa5723c2a4b83ef286,Fundamentos de Química,2025-2,,0,False
60201d6c936a016e4d951d35,Fundamentos de Química,2025-2,,0,False
6252aa882129912c8a236cd6,Fundamentos de Química,2025-2,4.02,0,False
6394d84ee2127343b90a88d9,Fundamentos de Química,2025-2,,0,False
63b7961a26703b92ad80c9b1,Fundamentos de Química,2025-2,3.01,0,False
6483ee6eb4b792365ae696a1,Fundamentos de Química,2025-2,1.82,0,False
662ce38563e308c51507d8c0,Fundamentos de Química,2025-2,,0,False
67efe791d1f6b2f79ee18115,Fundamentos de Química,2025-2,3.4,0,False
695720cff4bdda03ee3e9db6,Fundamentos de Química,2025-2,3.0,0,False
6c761b757b16ceb39b7ea8fc,Fundamentos de Química,2025-2,2.08,0,False
6d952aa1592c431d2c3bc515,Fundamentos de Química,2025-2,,0,False
6da927a715dc6345981af9ed,Fundamentos de Química,2025-2,3.43,0,False
6db91f2f83c41b72ad093853,Fundamentos de Química,2025-2,4.74,0,False
6df92711388e4a1208477899,Fundamentos de Química,2025-2,,0,False
6e20e449a4080a51511e6562,Fundamentos de Química,2025-2,3.8,0,False
6f55bb3dbb47c1c22b2e6e92,Fundamentos de Química,2025-2,3.64,0,False
71b105697f7d9d5cbcfac2cc,Fundamentos de Química,2025-2,,0,False
71c07eea83bc8d7aacd26653,Fundamentos de Química,2025-2,,0,False
731bfbc6af2964a33bad077f,Fundamentos de Química,2025-2,2.67,0,False
73ab6d9886f525938a33c874,Fundamentos de Química,2025-2,3.16,0,False
73e9d9af4e58a8fe1659aa7a,Fundamentos de Química,2025-2,3.26,0,False
798a9cdef28086babbd12b58,Fundamentos de Química,2025-2,2.38,0,False
7f31cbe2203e44fa7b49bd3a,Fundamentos de Química,2025-2,3.0,0,False
80814f184c4f10df290cba0b,Fundamentos de Química,2025-2,4.55,0,False
82872b47ee53a0a134532a2f,Fundamentos de Química,2025-2,4.18,0,False
8457a968845f7fd25b5bfab1,Fundamentos de Química,2025-2,,0,False
86a42478b8df4a0007767646,Fundamentos de Química,2025-2,2.56,1,True
87ead6a073f20a81ed854778,Fundamentos de Química,2025-2,4.09,0,False
88c8fe0bab242ba628304be3,Fundamentos de Química,2025-2,2.3,0,False
892e1800e77ea52f217a2098,Fundamentos de Química,2025-2,,0,False
89760db125f9104938f3ee01,Fundamentos de Química,2025-2,3.63,0,False
90d45967703cc33e75f10598,Fundamentos de Química,2025-2,2.47,0,False
91a37b5b02963c8f8e76f65c,Fundamentos de Química,2025-2,3.22,0,False
94cf5f173e01948b48567781,Fundamentos de Química,2025-2,0.24,0,False
95afa17099db2dea2efabe11,Fundamentos de Química,2025-2,3.16,0,False
96ab0f94d541ad9d5d16031b,Fundamentos de Química,2025-2,1.37,0,False
98740740ef8041432db3d4a5,Fundamentos de Química,2025-2,2.37,0,False
98746afd806061cb663bf2c6,Fundamentos de Química,2025-2,4.4,0,False
9a1687b527893c1c4cbf7b53,Fundamentos de Química,2025-2,3.03,1,True
9b5138f56f77be24949d919d,Fundamentos de Química,2025-2,4.33,1,True
9c41e63bf2d25286da169bbb,Fundamentos de Química,2025-2,3.25,4,True
9d77bf62c1a60d473b943e62,Fundamentos de Química,2025-2,,0,False
9d9a075776dfce76641c3968,Fundamentos de Química,2025-2,3.14,0,False
9dd8ff0c8f988f1620a38829,Fundamentos de Química,2025-2,4.31,0,False
a0d7463164d4beacfb4efb4b,Fundamentos de Química,2025-2,4.21,0,False
a5d9d1410f971d51fc8084f8,Fundamentos de Química,2025-2,,0,False
a678b49f9959447e8827d2b6,Fundamentos de Química,2025-2,,0,False
aa69518f767e02c4efc5b96d,Fundamentos de Química,2025-2,4.52,0,False
ade01c4d3e00c34d33a767d5,Fundamentos de Química,2025-2,3.75,0,False
ae2a6ef6065a0bb1b5813870,Fundamentos de Química,2025-2,3.49,0,False
b0268cf61938d41ec3f722c0,Fundamentos de Química,2025-2,0.12,0,False
b0dfd883164dc2cd9d98f35a,Fundamentos de Química,2025-2,,0,False
b299ac87bc6d028b43e9c04e,Fundamentos de Química,2025-2,,2,True
b35d2a812004016b8fbf79cf,Fundamentos de Química,2025-2,1.54,0,False
b4a0f5e005f174cbcb32136d,Fundamentos de Química,2025-2,,0,False
b5df0ded437b2262a72a140f,Fundamentos de Química,2025-2,1.51,0,False
b60fa3c8c52acf666fa26497,Fundamentos de Química,2025-2,2.45,1,True
b6c9a1883a20293abc85917b,Fundamentos de Química,2025-2,3.06,0,False
b81608e54d46841743e21a79,Fundamentos de Química,2025-2,3.51,0,False
b88d1254350c78bb8a26c2e1,Fundamentos de Química,2025-2,,0,False
ba1096df98936d5914087130,Fundamentos de Química,2025-2,2.48,0,False
bcd115f691a3dc865a8eef82,Fundamentos de Química,2025-2,3.08,0,False
be2154aec8b08c610c150cb5,Fundamentos de Química,2025-2,3.25,0,False
be69ded32f533be3a727185a,Fundamentos de Química,2025-2,2.61,0,False
be8e8ecbfb1184edce39166b,Fundamentos de Química,2025-2,3.58,0,False
c0feba7d3fb56895b09f5efc,Fundamentos de Química,2025-2,3.0,0,False
c152357e8ef4d905d47e6d44,Fundamentos de Química,2025-2,2.27,0,False
c26965529bd140d15b400f40,Fundamentos de Química,2025-2,1.08,0,False
c772b90129952c5de7dcc7b5,Fundamentos de Química,2025-2,4.38,0,False
c85d77736316265ff421539a,Fundamentos de Química,2025-2,2.49,0,False
c93681c046119cf05dde5968,Fundamentos de Química,2025-2,,0,False
ca0116379e451b80514d5461,Fundamentos de Química,2025-2,2.28,0,False
ca03f33604378d76807dccbd,Fundamentos de Química,2025-2,0.16,0,False
ca8acc330b29298dcd637bb1,Fundamentos de Química,2025-2,,0,False
d1d949c957214ec47c8f238e,Fundamentos de Química,2025-2,2.12,0,False
d41084b6e85361a5718d3d94,Fundamentos de Química,2025-2,3.02,0,False
da26cb24f16ed64d6294a6ee,Fundamentos de Química,2025-2,3.55,0,False
de5c42cdece0cdd7504db164,Fundamentos de Química,2025-2,3.04,0,False
e36ceb33608a8404c202e1c7,Fundamentos de Química,2025-2,4.35,0,False
e426f82dec6a33fbd91abbff,Fundamentos de Química,2025-2,,0,False
e56d945426b8f80d7d89de14,Fundamentos de Química,2025-2,4.66,0,False
e75525e3fdd63a16452b1b74,Fundamentos de Química,2025-2,3.19,1,True
e85f73212a160de10027ec0a,Fundamentos de Química,2025-2,2.52,0,False
e9652fb80f9cd50aaf97f2be,Fundamentos de Química,2025-2,1.85,0,False
ea780b4519ec66db1077300b,Fundamentos de Química,2025-2,2.68,0,False
eb4ee6cd46a610464fe463ab,Fundamentos de Química,2025-2,3.55,0,False
ee4acfc8e79f1a5d1d4007a9,Fundamentos de Química,2025-2,4.82,0,False
f3c92aa7dfe34986475dc2b7,Fundamentos de Química,2025-2,3.48,2,True
f5c6a8066f496291fd751a6a,Fundamentos de Química,2025-2,3.96,0,False
f61561873cfd14de462746b1,Fundamentos de Química,2025-2,4.53,0,False
f697d0bdc41785a32d5e25b8,Fundamentos de Química,2025-2,3.54,0,False
f6d5f6b5ca4ed38fa002a6b2,Fundamentos de Química,2025-2,1.4,0,False
f8ab7392c22c216cba640be9,Fundamentos de Química,2025-2,0.0,0,False
f9c3f86bee23f23aa78dd610,Fundamentos de Química,2025-2,3.05,0,False
fb919e01e2f7d5946c665aca,Fundamentos de Química,2025-2,,0,False
fd0b6bf02b5222063e5db0ee,Fundamentos de Química,2025-2,,0,False
fdb8835b0456a4a32a501de1,Fundamentos de Química,2025-2,2.5,0,False
00728ace6c34b6d548c9a52d,Física Mecánica,2025-2,3.48,0,False
047a76c07f6d5de9129997e3,Física Mecánica,2025-2,,0,False
06b74a0b54004b6f7e3b1edd,Física Mecánica,2025-2,3.0,0,False
0818d46b0a8721acdc116023,Física Mecánica,2025-2,3.17,0,False
0a47bc7ad41c669b87db815e,Física Mecánica,2025-2,0.25,0,False
0bbe194af9d525f05efbcfc8,Física Mecánica,2025-2,3.02,0,False
0d12b168cf6aaed15c04cada,Física Mecánica,2025-2,3.67,1,True
0e7cbe7e47a5d266548c3bda,Física Mecánica,2025-2,3.44,0,False
0ea2c7ad61ca26f92f4ffae6,Física Mecánica,2025-2,,0,False
1135548ea7dedf8302dcdef5,Física Mecánica,2025-2,,0,False
11bc2f0c001230e8e909be49,Física Mecánica,2025-2,3.02,0,False
126a805c493f1df767c7f760,Física Mecánica,2025-2,,0,False
1276933badd57580a23d7170,Física Mecánica,2025-2,3.06,0,False
16562b56182308c9ade25ab6,Física Mecánica,2025-2,3.65,0,False
17abb4d34ec52915ec338fd7,Física Mecánica,2025-2,3.0,0,False
17ec940cc5519508bcea2dd3,Física Mecánica,2025-2,2.62,0,False
1988c5c56ec10f2b0e74ea8c,Física Mecánica,2025-2,0.11,0,False
199e9a5b84576394a52a836d,Física Mecánica,2025-2,3.03,2,True
19e31d0851a0941290883d4d,Física Mecánica,2025-2,3.47,0,False
1e84c887b9ddbcc9426ee672,Física Mecánica,2025-2,3.87,1,True
20d7bc123f976a8ac4c64453,Física Mecánica,2025-2,3.34,0,False
236f2787e3dc1046e28d87cb,Física Mecánica,2025-2,1.67,0,False
27ed7ae791bddf3608576cca,Física Mecánica,2025-2,3.04,0,False
28f107cc1b2336d0453e13a9,Física Mecánica,2025-2,,0,False
2a3276256e0e66393d9d50de,Física Mecánica,2025-2,2.36,0,False
2b3851e26b2f7d8a5a03cf61,Física Mecánica,2025-2,,0,False
2d8e08d0487f9e5e73cc6bf9,Física Mecánica,2025-2,2.44,0,False
2de6ee3dae2b9b5106117bab,Física Mecánica,2025-2,3.35,0,False
322f9e6abeaf147c3e60272c,Física Mecánica,2025-2,,1,True
3302517b83091fd0a6bdc6e8,Física Mecánica,2025-2,4.8,0,False
3468fd6f83c6ddd53eee9fdd,Física Mecánica,2025-2,3.37,1,True
354bd6a605908ae8ee179b4c,Física Mecánica,2025-2,3.01,0,False
36b632f201f0eb5e5cc1fbb8,Física Mecánica,2025-2,,0,False
3982b089aa79e2817aa98242,Física Mecánica,2025-2,,0,False
399101ca4603c61007e3fe07,Física Mecánica,2025-2,,3,True
39b4d95e9e76ce35e55e48a1,Física Mecánica,2025-2,3.15,0,False
3a713c5e2e4fd80f8be62216,Física Mecánica,2025-2,3.47,0,False
3c8c686be99b65080e4f178d,Física Mecánica,2025-2,,0,False
3d96f892d984bcf5a8be5a32,Física Mecánica,2025-2,0.34,0,False
3daa46a08c9b207bfb9e81d4,Física Mecánica,2025-2,,0,False
3edaf6e472cccfd85eccc598,Física Mecánica,2025-2,3.42,1,True
3fd010721d474aa7fcf712d5,Física Mecánica,2025-2,3.86,0,False
42145e4e40b537bb85d5c746,Física Mecánica,2025-2,,0,False
42828d02c3506f5790360ac2,Física Mecánica,2025-2,3.94,0,False
42b28a29dc0798d57b1bba76,Física Mecánica,2025-2,3.41,0,False
45cf9bd7c777bb85de24b450,Física Mecánica,2025-2,3.14,0,False
460414d766caaea49089dbb5,Física Mecánica,2025-2,,1,True
46e80c8db6f1e9197f2416d1,Física Mecánica,2025-2,,0,False
46f84fa6bd6562a528f5ea23,Física Mecánica,2025-2,3.51,0,False
4722d4c5e09447d3a6e903b2,Física Mecánica,2025-2,3.23,0,False
476f8c761e636d092db7c58a,Física Mecánica,2025-2,2.85,0,False
478d6512a445ea3893994cb9,Física Mecánica,2025-2,3.38,0,False
47be8a6c8ef3e04343bf9307,Física Mecánica,2025-2,,0,False
484f62574255c8806ff93db1,Física Mecánica,2025-2,3.91,1,True
4852a99c659320a7027a04e2,Física Mecánica,2025-2,,0,False
4a274bfb6e34a937cee6e6f6,Física Mecánica,2025-2,,0,False
4ad4be3d2df386d9006a890a,Física Mecánica,2025-2,3.22,4,True
4bffc64dd8268ee9aa6fbc07,Física Mecánica,2025-2,0.96,0,False
4ca3282889c39495f399104d,Física Mecánica,2025-2,1.05,0,False
4d6513c5cfb2a93f1af3d35e,Física Mecánica,2025-2,3.5,0,False
4de34d2f1503bd2fcda5abf9,Física Mecánica,2025-2,3.34,0,False
4de4c670b7f1b1196214a04e,Física Mecánica,2025-2,,0,False
4e2d84d2012d30ed6ee33b2a,Física Mecánica,2025-2,,0,False
5034393db4ec2cebc409dbff,Física Mecánica,2025-2,3.44,0,False
519e15889180b88fe73e7078,Física Mecánica,2025-2,3.1,0,False
52018936f5eb07ef4a234630,Física Mecánica,2025-2,,0,False
53f442d3ae7b9ef80620e026,Física Mecánica,2025-2,2.51,0,False
571aefb0f094ac17dc4a6a84,Física Mecánica,2025-2,3.66,0,False
58b093c13646b8078f11e1c5,Física Mecánica,2025-2,3.65,0,False
5a87794d7a6d085bd2367b8f,Física Mecánica,2025-2,3.04,0,False
5ad10194b9bdd68278e7b5c1,Física Mecánica,2025-2,0.84,0,False
5b640c573d213aaae6cc7ca3,Física Mecánica,2025-2,3.0,0,False
5ec00fea2bfdbac38fec0107,Física Mecánica,2025-2,3.21,0,False
5ed0374ef37bd19d08e722fc,Física Mecánica,2025-2,,1,True
5f1369f7e1a982a649976f5e,Física Mecánica,2025-2,3.02,0,False
60c23933d5c079da588c65fe,Física Mecánica,2025-2,3.0,1,True
610297713d0c31585c6c7320,Física Mecánica,2025-2,,0,False
61f257fb27edb95311cf49a7,Física Mecánica,2025-2,,1,True
6252aa882129912c8a236cd6,Física Mecánica,2025-2,3.98,0,False
634d0f20979428df01204382,Física Mecánica,2025-2,3.43,0,False
639385851765769842904f9a,Física Mecánica,2025-2,,0,False
639d95befe1d194570be7da3,Física Mecánica,2025-2,3.86,0,False
64117d4491f05017577bc106,Física Mecánica,2025-2,,0,False
656aecfa0a6193fa4d75aa60,Física Mecánica,2025-2,3.52,0,False
68a2601a165a91587150691c,Física Mecánica,2025-2,3.06,0,False
695720cff4bdda03ee3e9db6,Física Mecánica,2025-2,3.33,0,False
6a6d0c2bd4d18a1583015a57,Física Mecánica,2025-2,3.46,1,True
6a81470f178ce136c1acdda8,Física Mecánica,2025-2,3.0,0,False
6b6b5e4076b0248a338203bb,Física Mecánica,2025-2,3.63,0,False
6b809b0e1be350d8fd078398,Física Mecánica,2025-2,3.19,0,False
6cc83a411a8809434bd5984c,Física Mecánica,2025-2,4.17,3,True
6eb08365766c638fcb6b6429,Física Mecánica,2025-2,,0,False
71425dcffabedcdf6c1b4f6c,Física Mecánica,2025-2,3.28,2,True
71b105697f7d9d5cbcfac2cc,Física Mecánica,2025-2,,0,False
7216adaed12532972152a339,Física Mecánica,2025-2,,0,False
733f1647be2a8d4383fb43e2,Física Mecánica,2025-2,3.62,1,True
742abebc197950505786eaf0,Física Mecánica,2025-2,3.57,0,False
75225aa2914befa79e56d144,Física Mecánica,2025-2,3.23,0,False
77689a19837293d3befa7fcf,Física Mecánica,2025-2,3.08,0,False
78e4c00d3322b7f8de2f2f00,Física Mecánica,2025-2,4.32,2,True
798a9cdef28086babbd12b58,Física Mecánica,2025-2,2.27,0,False
7c9dba2a0d5f1a25783e5ff6,Física Mecánica,2025-2,3.5,0,False
7ead4e8deebfde7a722c435f,Física Mecánica,2025-2,,0,False
7f1b779e22ec8f4219afd5e0,Física Mecánica,2025-2,2.89,0,False
80b385eb09b83b302ac48896,Física Mecánica,2025-2,3.02,0,False
8187dafd045f13765837cf70,Física Mecánica,2025-2,3.66,2,True
82872b47ee53a0a134532a2f,Física Mecánica,2025-2,4.01,0,False
8437813e8caee3f9ed59187a,Física Mecánica,2025-2,3.0,0,False
8457a968845f7fd25b5bfab1,Física Mecánica,2025-2,,0,False
8478a0a3811b3943f9c669ef,Física Mecánica,2025-2,4.07,0,False
85a4dbd582670c9ca0e77d43,Física Mecánica,2025-2,4.0,0,False
87ead6a073f20a81ed854778,Física Mecánica,2025-2,3.5,4,True
88238e538b608fb690334460,Física Mecánica,2025-2,3.5,0,False
8ada4ab25465eeace8acb832,Física Mecánica,2025-2,,0,False
8fcfae551aabc8ffaa9f6564,Física Mecánica,2025-2,3.26,0,False
9166958c97548a6703d0e623,Física Mecánica,2025-2,2.71,0,False
91a37b5b02963c8f8e76f65c,Física Mecánica,2025-2,,0,False
93adc2d1f9a1519b91d47332,Física Mecánica,2025-2,2.84,2,True
94c8c4bfe7b3302c11b4308d,Física Mecánica,2025-2,3.06,0,False
95afa17099db2dea2efabe11,Física Mecánica,2025-2,,0,False
9815bcbb8ef7910d9a3392fc,Física Mecánica,2025-2,,0,False
999cb75b3be325318d5f257f,Física Mecánica,2025-2,3.04,2,True
99fdc38a066e28de5d9f3b24,Física Mecánica,2025-2,3.18,2,True
9a0da6e1126c924e5a57bd39,Física Mecánica,2025-2,3.02,0,False
9a1687b527893c1c4cbf7b53,Física Mecánica,2025-2,3.04,0,False
9a81a1f848f9629090b2ab9d,Física Mecánica,2025-2,,0,False
9b5138f56f77be24949d919d,Física Mecánica,2025-2,3.15,2,True
9c49d43546d638385ca0505a,Física Mecánica,2025-2,3.76,0,False
9c7205aa5f368e242b14d282,Física Mecánica,2025-2,,0,False
9dd8ff0c8f988f1620a38829,Física Mecánica,2025-2,3.7,0,False
9ec685ab1a2483600041c385,Física Mecánica,2025-2,2.67,0,False
a0d52c723d068b23ca5f12f8,Física Mecánica,2025-2,,0,False
a1442b879cf5eb1c71edc460,Física Mecánica,2025-2,3.68,0,False
a14cd2c51856cc0df4a6d2e7,Física Mecánica,2025-2,,0,False
a175876966694c7769747324,Física Mecánica,2025-2,3.05,0,False
a23b23e069aae0b47d30e037,Física Mecánica,2025-2,2.35,6,True
a2d123f2b5bd2608f29aad5c,Física Mecánica,2025-2,3.54,1,True
a34117a4e0aa03dcef50850f,Física Mecánica,2025-2,,0,False
a3b73ae02942f928c67b9c07,Física Mecánica,2025-2,3.19,1,True
a446053acdbf9996ebe4435a,Física Mecánica,2025-2,3.04,1,True
a7283155157838837779cd6c,Física Mecánica,2025-2,3.01,1,True
a876472e6729c77da0ce0c6c,Física Mecánica,2025-2,3.16,0,False
a9c7c628e17c7098ba8bb79f,Física Mecánica,2025-2,3.02,0,False
abc996e9bed006259f9f1c8d,Física Mecánica,2025-2,3.07,0,False
ade01c4d3e00c34d33a767d5,Física Mecánica,2025-2,3.39,0,False
ae2a6ef6065a0bb1b5813870,Física Mecánica,2025-2,3.38,0,False
aec393980ae8fb4f42a7adf1,Física Mecánica,2025-2,3.6,0,False
b1fde23ddc9462eca50d3785,Física Mecánica,2025-2,3.32,0,False
b530c37242eb72f6f40d7d3f,Física Mecánica,2025-2,3.0,0,False
b5829dcdcfa15cc4bc315d3c,Física Mecánica,2025-2,3.33,1,True
b60fa3c8c52acf666fa26497,Física Mecánica,2025-2,,0,False
b61b94b83418d50c0ecd2987,Física Mecánica,2025-2,3.06,0,False
b69414f229539261c4ee00ad,Física Mecánica,2025-2,3.57,2,True
b8421d8585b7bc8e72bca4a2,Física Mecánica,2025-2,3.1,1,True
b91e764fb8f5412ac320d0f3,Física Mecánica,2025-2,,0,False
b9ed86f3ba6f70906e384920,Física Mecánica,2025-2,4.36,0,False
ba4579b7813c9a6c2e3fa519,Física Mecánica,2025-2,3.8,0,False
bde5d37431b27886412e2cc0,Física Mecánica,2025-2,3.12,2,True
be8e8ecbfb1184edce39166b,Física Mecánica,2025-2,3.66,0,False
bf3c57f40315e8591bc9b14e,Física Mecánica,2025-2,3.0,0,False
bfcad68189c6f26dbaa494dd,Física Mecánica,2025-2,2.04,0,False
c096e07e4bf70067808f73d2,Física Mecánica,2025-2,,0,False
c0cd85bf0d9fc5f87c88fcde,Física Mecánica,2025-2,,0,False
c152357e8ef4d905d47e6d44,Física Mecánica,2025-2,,0,False
c19d7e14f4d4e599f64f004b,Física Mecánica,2025-2,3.03,0,False
c263eed35e6e4e8b764aced1,Física Mecánica,2025-2,,0,False
c6e1de7f27d490a04deedeab,Física Mecánica,2025-2,2.07,0,False
c7508a583ad2bcf75d9c5020,Física Mecánica,2025-2,,2,True
c7b0068c7bab9adfe386ae07,Física Mecánica,2025-2,,0,False
c85d77736316265ff421539a,Física Mecánica,2025-2,2.41,0,False
c85f5c10a974ba99e7fcd186,Física Mecánica,2025-2,,0,False
ca92868463ef6e0c918d0f31,Física Mecánica,2025-2,,1,True
cb03803f13eee863bb588ef1,Física Mecánica,2025-2,3.87,0,False
cc5d771bf5d22491666ac4f4,Física Mecánica,2025-2,3.09,2,True
cca69ef61700f26b67e137e0,Física Mecánica,2025-2,2.76,0,False
d06650db1dc21f058b655455,Física Mecánica,2025-2,3.23,1,True
d16532abb2170b814878f8fd,Física Mecánica,2025-2,3.82,0,False
d2597b564b636adb07eb69c0,Física Mecánica,2025-2,3.08,0,False
d43dab4c884eba9bad29a39e,Física Mecánica,2025-2,3.85,0,False
d67e373790775f5c4ab9223c,Física Mecánica,2025-2,,0,False
d707ebe127c529256ebc3699,Física Mecánica,2025-2,,0,False
d770a1e2afb165f21de9bfc4,Física Mecánica,2025-2,,1,True
d7c8148bc21a5e55ddd405ec,Física Mecánica,2025-2,3.02,0,False
d92a0d17114a0e3d8ff19709,Física Mecánica,2025-2,3.0,0,False
d94bd1d7c6bdbe539c9e663f,Física Mecánica,2025-2,3.07,0,False
da26cb24f16ed64d6294a6ee,Física Mecánica,2025-2,3.19,0,False
dba44b99ab48776f7dcdbda9,Física Mecánica,2025-2,2.72,0,False
dd5117903396a4a1f1f8fe80,Física Mecánica,2025-2,4.29,0,False
def291d26fdd993556a0c954,Física Mecánica,2025-2,3.25,0,False
df87deae905493dad90c006b,Física Mecánica,2025-2,2.38,0,False
e008df841601a5521911ac38,Física Mecánica,2025-2,,0,False
e10e17d899678aabf4c2e375,Física Mecánica,2025-2,3.22,0,False
e11f5dcb866ce47c8f23f3b0,Física Mecánica,2025-2,3.9,0,False
e12bc23b598ef7360ae22d84,Física Mecánica,2025-2,3.0,0,False
e27d9b691493507a09ba398a,Física Mecánica,2025-2,3.04,0,False
e51454541b1d3e1b5824e8cb,Física Mecánica,2025-2,3.03,0,False
e56d945426b8f80d7d89de14,Física Mecánica,2025-2,4.23,0,False
e737d3a0b073fd32efc2857b,Física Mecánica,2025-2,3.08,0,False
e7b984488792da22c9ba6a71,Física Mecánica,2025-2,3.62,0,False
e85f73212a160de10027ec0a,Física Mecánica,2025-2,2.1,0,False
e8fac6fc091c79af94fb902f,Física Mecánica,2025-2,3.61,0,False
ea20a3b1acb4a1821f581027,Física Mecánica,2025-2,2.48,0,False
ea780b4519ec66db1077300b,Física Mecánica,2025-2,,0,False
eaaa1d486adb3185423c7382,Física Mecánica,2025-2,,0,False
eb0388d2aff8ba8a8b8ee989,Física Mecánica,2025-2,2.53,0,False
ebbfda808072beb8814e3459,Física Mecánica,2025-2,3.62,0,False
ed5d3f4d1c1c79b1495c4e77,Física Mecánica,2025-2,3.36,1,True
f05312046d67f433adda5a3f,Física Mecánica,2025-2,4.22,0,False
f3c92aa7dfe34986475dc2b7,Física Mecánica,2025-2,3.36,0,False
f3e95b8dadf07fa3acb69126,Física Mecánica,2025-2,3.0,2,True
f4e2a8ff2e6cdfa760d35129,Física Mecánica,2025-2,3.51,2,True
f6e58124a670d38d30a1e14e,Física Mecánica,2025-2,1.82,0,False
f941605b159d540377a72013,Física Mecánica,2025-2,3.51,0,False
f9c3f86bee23f23aa78dd610,Física Mecánica,2025-2,2.88,0,False
fac0120c77d5a66b9c45946f,Física Mecánica,2025-2,3.16,0,False
fac48c0bf4a57310f8ab9777,Física Mecánica,2025-2,,1,True
fae4296fc9af89cccf482a6b,Física Mecánica,2025-2,3.59,2,True
fbb30ffb5c9d65601b40bdff,Física Mecánica,2025-2,3.73,1,True
fc46774934975506dba13241,Física Mecánica,2025-2,,0,False
fcd5f12d39172c1c2946c851,Física Mecánica,2025-2,,0,False
fd0b6bf02b5222063e5db0ee,Física Mecánica,2025-2,3.12,0,False
fdb8835b0456a4a32a501de1,Física Mecánica,2025-2,2.36,0,False
ffa1e6f2779b34aeb8c2f9cc,Física Mecánica,2025-2,2.74,0,False
0913599556f9775b58ace79d,Física Moderna,2025-2,,0,False
19fd5f33f7558ce9a0b7c066,Física Moderna,2025-2,3.91,0,False
2afce19a0503756910eb4a6b,Física Moderna,2025-2,3.01,0,False
2b89764cddc9ba4f042e40ff,Física Moderna,2025-2,3.33,0,False
337beff5923ee95b43f2605f,Física Moderna,2025-2,2.26,0,False
4060a39a97410a83f6776790,Física Moderna,2025-2,3.39,0,False
4bc03636c816b3cee684d1d2,Física Moderna,2025-2,3.17,0,False
5fdf824a957928ee0f3c2a76,Física Moderna,2025-2,3.01,0,False
64dde84f45e5ab0fbc79df3c,Física Moderna,2025-2,4.09,0,False
771d7e2b930678587ec0ff8e,Física Moderna,2025-2,3.26,0,False
9d607e9bbd23cf0f25b91882,Física Moderna,2025-2,3.61,0,False
a159e0087a813de4645d9aab,Física Moderna,2025-2,3.48,0,False
a658c3a34fbfad2092960c09,Física Moderna,2025-2,3.01,0,False
b6886431536b4ce92af0ab35,Física Moderna,2025-2,3.33,0,False
c0e906870b618c4738ab49b7,Física Moderna,2025-2,,0,False
d3d9d9b191846273ed6569f7,Física Moderna,2025-2,3.05,0,False
d4d75c0cf76bc7779150688f,Física Moderna,2025-2,4.21,0,False
f9b89fc179c24111e7d53bd4,Física Moderna,2025-2,3.53,0,False
017fa3271c12e0358caa0b3a,Geometría Analítica,2025-2,3.29,0,False
01c00cf8e4ca011bb5fd33a8,Geometría Analítica,2025-2,3.51,1,True
021c8ee196052cbdf6918d8d,Geometría Analítica,2025-2,3.76,0,False
02630362cdcfe8de2f79f265,Geometría Analítica,2025-2,3.33,0,False
0746c82ca84da98d77081841,Geometría Analítica,2025-2,,2,True
08ceb6ea0254509bed5f396c,Geometría Analítica,2025-2,,0,False
0902e858993ef33d4f2e2412,Geometría Analítica,2025-2,,0,False
098144f597221d497467c536,Geometría Analítica,2025-2,,0,False
0aa843497e8ac3c1080001d3,Geometría Analítica,2025-2,,0,False
0c9550d05cef6c0040c586ad,Geometría Analítica,2025-2,3.8,0,False
0d042b3d4935222636cdd29c,Geometría Analítica,2025-2,,0,False
0e541a2653a9c5a2aa7cf3fe,Geometría Analítica,2025-2,1.34,0,False
0f3197fe71afcbbdd579ebc5,Geometría Analítica,2025-2,,0,False
10a76c7697c3a428944e6add,Geometría Analítica,2025-2,3.69,1,True
11983233ecbc234a1fdd6882,Geometría Analítica,2025-2,2.76,0,False
11a8684cccd473f5663628d3,Geometría Analítica,2025-2,,0,False
11e82e37c30e102da40ab6be,Geometría Analítica,2025-2,4.04,0,False
11f915728c0252bd7ce644f1,Geometría Analítica,2025-2,,0,False
1262c0376bfc1864284fbf6d,Geometría Analítica,2025-2,0.52,0,False
1308eb7b14faca1eb43728c0,Geometría Analítica,2025-2,,0,False
1506e1677a833daef03e48be,Geometría Analítica,2025-2,1.39,0,False
163ca1e283332d7e04bf5ff1,Geometría Analítica,2025-2,3.56,0,False
166bb74ef810034d9de43e90,Geometría Analítica,2025-2,,0,False
178b0e71cc7c588c59f4520e,Geometría Analítica,2025-2,3.23,0,False
180046daef7876cd81be09d8,Geometría Analítica,2025-2,1.7,0,False
180bc0c9ee6f55f471d9c120,Geometría Analítica,2025-2,,0,False
18372478f8b9cfcbf9c8b442,Geometría Analítica,2025-2,,0,False
18c0efcbe3c6ac55e6e0f30c,Geometría Analítica,2025-2,1.69,0,False
1a4250e0503ff33e9585ed63,Geometría Analítica,2025-2,1.83,0,False
1e8299b8a96d46dc225acdb8,Geometría Analítica,2025-2,3.89,0,False
2179eee37a6abd83c87a495e,Geometría Analítica,2025-2,3.03,1,True
21b189e186d11e6978921e84,Geometría Analítica,2025-2,3.14,0,False
239194eb2f50cd995c76bfde,Geometría Analítica,2025-2,,0,False
23d0e76fe9fec7cf8e7113b2,Geometría Analítica,2025-2,,0,False
242b0aff4199c66d678dcbe6,Geometría Analítica,2025-2,,0,False
25c6841db688390d38a5ea36,Geometría Analítica,2025-2,3.12,1,True
2670823b504d3da772963662,Geometría Analítica,2025-2,3.45,0,False
2737adb8f4df5a99743b64a1,Geometría Analítica,2025-2,3.1,0,False
27906e8f728697651cd0c307,Geometría Analítica,2025-2,1.27,0,False
288fe50c824af9fb690bfec4,Geometría Analítica,2025-2,4.09,1,True
28b1bcc7b8801235ebc0e8b9,Geometría Analítica,2025-2,3.92,0,False
29a19d0983ba1239b1d15fc0,Geometría Analítica,2025-2,1.2,0,False
2bd7cc4465d4920057326a71,Geometría Analítica,2025-2,5.0,0,False
2c5ed020d3aba2a758064741,Geometría Analítica,2025-2,4.63,0,False
2d237e685f433409aaa10514,Geometría Analítica,2025-2,3.76,0,False
31b47f11a3122e9dcf39d8f8,Geometría Analítica,2025-2,3.05,0,False
32a1e8316125ca2c20195004,Geometría Analítica,2025-2,4.47,0,False
33de94a8e689cdf81f832b8e,Geometría Analítica,2025-2,,0,False
33deb7ed2e5721f4acdbdb37,Geometría Analítica,2025-2,3.02,0,False
36dd99a4cf0f068df19b56ca,Geometría Analítica,2025-2,4.3,0,False
373b0f28ddd1594f55c870b3,Geometría Analítica,2025-2,3.54,0,False
37d68429464bdc5f79af3e88,Geometría Analítica,2025-2,2.54,0,False
38d11dd047b18680d532d744,Geometría Analítica,2025-2,2.88,0,False
39991ff9bd21abb750d1342e,Geometría Analítica,2025-2,,0,False
3b5403278140780c98c835f9,Geometría Analítica,2025-2,3.42,0,False
3be5453d48f6f441c3783e5e,Geometría Analítica,2025-2,3.26,4,True
3cae19ccf8e18e1d19a300f9,Geometría Analítica,2025-2,4.84,0,False
3d477ee54622bd2ce0fa992b,Geometría Analítica,2025-2,4.32,0,False
3df7bd34fa38c2917539345b,Geometría Analítica,2025-2,,0,False
3e2560effe366091ea2900fd,Geometría Analítica,2025-2,1.32,0,False
3eb19667ff53eb503a5a5d97,Geometría Analítica,2025-2,3.07,2,True
3fa331a344960f3e3a0a6050,Geometría Analítica,2025-2,,0,False
3fc41be97c2c77c4eaeaa01e,Geometría Analítica,2025-2,2.09,0,False
41e950de85c0d17049a431f5,Geometría Analítica,2025-2,,0,False
41fdb0969dc0b1e0329645c5,Geometría Analítica,2025-2,3.55,0,False
42806bdb0bd294e70754d835,Geometría Analítica,2025-2,1.8,0,False
435023b5872d0e37e2202060,Geometría Analítica,2025-2,3.28,1,True
450c14f9e4c3e1e09bb00439,Geometría Analítica,2025-2,2.58,1,True
45288378238228168e83c93f,Geometría Analítica,2025-2,,0,False
47200f5eac86b207e062b5b8,Geometría Analítica,2025-2,,0,False
4ad40c5144e8f9e547dfdb49,Geometría Analítica,2025-2,,0,False
4c29fdfc7a91b45671a0a554,Geometría Analítica,2025-2,0.0,0,False
4d2bc3e2b2b1de65728ce892,Geometría Analítica,2025-2,3.02,0,False
4d6513c5cfb2a93f1af3d35e,Geometría Analítica,2025-2,4.08,0,False
514b8cc9ae9b859db7bff512,Geometría Analítica,2025-2,3.46,0,False
552279da3ec6a6d2a3ee2989,Geometría Analítica,2025-2,,0,False
5662897e74f7c7106fcc44e7,Geometría Analítica,2025-2,,0,False
5711e58e7c8f0db5c1232abe,Geometría Analítica,2025-2,2.65,0,False
57650a12a74806abb04acf92,Geometría Analítica,2025-2,3.07,0,False
57db98ab11ebada3f952e249,Geometría Analítica,2025-2,3.0,1,True
58389ec2196ff850e9cc4eb6,Geometría Analítica,2025-2,,0,False
587b0f3924f2cd416b9479a7,Geometría Analítica,2025-2,0.0,0,False
599bd38456817831f324ceda,Geometría Analítica,2025-2,3.22,0,False
59e36b4ebde2e28077a82b0f,Geometría Analítica,2025-2,2.41,0,False
5b4086cde4849485717d5930,Geometría Analítica,2025-2,,0,False
5bdbab7988a29236d84ab3eb,Geometría Analítica,2025-2,4.23,2,True
5be64427fd515ae8dc638ad5,Geometría Analítica,2025-2,2.59,0,False
5e2267ed905084442694f360,Geometría Analítica,2025-2,0.64,0,False
60201d6c936a016e4d951d35,Geometría Analítica,2025-2,,1,True
623334919f6cc8efdffad6ee,Geometría Analítica,2025-2,3.3,0,False
6252aa882129912c8a236cd6,Geometría Analítica,2025-2,4.58,0,False
6483ee6eb4b792365ae696a1,Geometría Analítica,2025-2,0.83,0,False
662ce38563e308c51507d8c0,Geometría Analítica,2025-2,1.1,0,False
66bcd71f5e105aae89e0fe25,Geometría Analítica,2025-2,3.27,0,False
67045cd17d7f709bf2a40882,Geometría Analítica,2025-2,3.26,0,False
6707592cd76df754070dfb7f,Geometría Analítica,2025-2,4.78,0,False
6753428844659be3d48b589e,Geometría Analítica,2025-2,3.37,0,False
67efe791d1f6b2f79ee18115,Geometría Analítica,2025-2,4.0,0,False
68355669477bc52350b94dc5,Geometría Analítica,2025-2,4.04,0,False
695720cff4bdda03ee3e9db6,Geometría Analítica,2025-2,,0,False
69cbe0964b76ca29911ec264,Geometría Analítica,2025-2,3.08,0,False
6cdff45e9d66d79cd0bec150,Geometría Analítica,2025-2,3.68,0,False
6d952aa1592c431d2c3bc515,Geometría Analítica,2025-2,,0,False
6da927a715dc6345981af9ed,Geometría Analítica,2025-2,3.14,0,False
6db91f2f83c41b72ad093853,Geometría Analítica,2025-2,4.45,0,False
6df92711388e4a1208477899,Geometría Analítica,2025-2,,0,False
6e221fd399c66d2d8d7d8ea9,Geometría Analítica,2025-2,3.28,2,True
6ea0a6610a66d8a6bfa0508d,Geometría Analítica,2025-2,,0,False
6eb08365766c638fcb6b6429,Geometría Analítica,2025-2,3.44,0,False
717b66230eb18410d67cc96f,Geometría Analítica,2025-2,4.28,0,False
72ea45ee64d3b3870bdce3bf,Geometría Analítica,2025-2,3.02,0,False
72ee569dc4b145965cf5d59c,Geometría Analítica,2025-2,,0,False
731bfbc6af2964a33bad077f,Geometría Analítica,2025-2,3.97,2,True
73ab6d9886f525938a33c874,Geometría Analítica,2025-2,3.84,0,False
73d6aa9a188fcb43b149620a,Geometría Analítica,2025-2,3.4,0,False
742079d6db5a070ae174d0be,Geometría Analítica,2025-2,3.15,0,False
75abbb6ef93ae9156024c86c,Geometría Analítica,2025-2,2.27,0,False
774afd4c2c08a3daaa174617,Geometría Analítica,2025-2,3.3,0,False
78aa3f86c6226074a5ca0b32,Geometría Analítica,2025-2,3.64,0,False
79ab8838cbd3fd3bef529b24,Geometría Analítica,2025-2,3.63,1,True
7b736dc0aae090d2e80dd67f,Geometría Analítica,2025-2,0.52,0,False
7bf42da5e01517d270af4b94,Geometría Analítica,2025-2,,4,True
7d97761adc4e4f07dc9db1d1,Geometría Analítica,2025-2,3.02,0,False
7f31cbe2203e44fa7b49bd3a,Geometría Analítica,2025-2,3.0,0,False
7f612fc5f2a647aebfa21016,Geometría Analítica,2025-2,4.06,1,True
80814f184c4f10df290cba0b,Geometría Analítica,2025-2,4.11,0,False
80b385eb09b83b302ac48896,Geometría Analítica,2025-2,,0,False
824aa96c9f31c0fbbcb13f1e,Geometría Analítica,2025-2,,1,True
831886e399dd3b1a04873a68,Geometría Analítica,2025-2,3.11,0,False
85645cb6b7a78c3bb75b486d,Geometría Analítica,2025-2,3.04,1,True
8566a4eec0c018fcf45eb0ab,Geometría Analítica,2025-2,3.02,1,True
85ac4bce41b5d646b80b471e,Geometría Analítica,2025-2,4.09,0,False
87274e954e0b6efce2dfa647,Geometría Analítica,2025-2,3.23,0,False
87da3a3bcc9bb105f5f7e85a,Geometría Analítica,2025-2,,0,False
89760db125f9104938f3ee01,Geometría Analítica,2025-2,3.12,0,False
8cb48bc29bd8041ffea69bfb,Geometría Analítica,2025-2,2.78,1,True
9032ab2eedbd367f541da3e2,Geometría Analítica,2025-2,2.56,1,True
90a70c02f40e5b0c217f1d5c,Geometría Analítica,2025-2,3.05,0,False
90d45967703cc33e75f10598,Geometría Analítica,2025-2,2.64,0,False
922c72b5710b4d9def52641b,Geometría Analítica,2025-2,2.31,0,False
93a10e91b2cc2e8cbc994b71,Geometría Analítica,2025-2,3.03,1,True
93ab537ef175c81520fb2cc1,Geometría Analítica,2025-2,,0,False
93adc2d1f9a1519b91d47332,Geometría Analítica,2025-2,2.55,0,False
94cf5f173e01948b48567781,Geometría Analítica,2025-2,0.29,0,False
96ab0f94d541ad9d5d16031b,Geometría Analítica,2025-2,3.35,0,False
97c91f53a321e06145a1f02b,Geometría Analítica,2025-2,2.21,0,False
98740740ef8041432db3d4a5,Geometría Analítica,2025-2,1.95,0,False
98746afd806061cb663bf2c6,Geometría Analítica,2025-2,4.22,2,True
98c5cf154eb6d66a57a69253,Geometría Analítica,2025-2,,0,False
98f4a486d665581c4cc10004,Geometría Analítica,2025-2,,0,False
9978aa256404736bad42c83c,Geometría Analítica,2025-2,4.03,0,False
9a885ba657831e8c1362abf3,Geometría Analítica,2025-2,,1,True
9c41e63bf2d25286da169bbb,Geometría Analítica,2025-2,3.45,1,True
9d03981c6de33ca7b45c78ed,Geometría Analítica,2025-2,2.64,0,False
9d61b1d572accb201fddbb4f,Geometría Analítica,2025-2,,0,False
9db02f7129b5b7a73619b775,Geometría Analítica,2025-2,3.46,1,True
a005ed200bc796c546b01ffc,Geometría Analítica,2025-2,,0,False
a0c71dcbbfccec6528805530,Geometría Analítica,2025-2,3.12,0,False
a0d7463164d4beacfb4efb4b,Geometría Analítica,2025-2,4.07,0,False
a678b49f9959447e8827d2b6,Geometría Analítica,2025-2,,0,False
a782972a7061e3917064685f,Geometría Analítica,2025-2,4.32,0,False
a976f1f09d5e4d4322f890d5,Geometría Analítica,2025-2,,0,False
a980ba012134a96d6f4ba619,Geometría Analítica,2025-2,3.35,0,False
aa69518f767e02c4efc5b96d,Geometría Analítica,2025-2,4.01,0,False
ab22864310af4f347f3d0391,Geometría Analítica,2025-2,,0,False
ab7bf148dd11257b4e6337d4,Geometría Analítica,2025-2,1.95,0,False
af08da599bb9ba2232492b9e,Geometría Analítica,2025-2,3.16,0,False
b03fdd0a1d750f15bb57edb8,Geometría Analítica,2025-2,4.9,0,False
b052251198d2dae9490948b8,Geometría Analítica,2025-2,3.94,0,False
b0cbb6f3de7b9d8277bf024d,Geometría Analítica,2025-2,,0,False
b0dfd883164dc2cd9d98f35a,Geometría Analítica,2025-2,,0,False
b1a48019adb83e5d9be82470,Geometría Analítica,2025-2,,0,False
b505dafd5476f4f40c26c896,Geometría Analítica,2025-2,,1,True
b5df0ded437b2262a72a140f,Geometría Analítica,2025-2,0.24,0,False
b5e5c015d25e11ee96c1884c,Geometría Analítica,2025-2,3.26,0,False
b6c9a1883a20293abc85917b,Geometría Analítica,2025-2,3.27,0,False
b7e42923e67d4462c7f0241c,Geometría Analítica,2025-2,3.77,0,False
b81608e54d46841743e21a79,Geometría Analítica,2025-2,3.01,2,True
b88d1254350c78bb8a26c2e1,Geometría Analítica,2025-2,2.56,0,False
b90fe1d144d16e0e41b505ef,Geometría Analítica,2025-2,0.67,0,False
b91434fd61fd06d2344df54b,Geometría Analítica,2025-2,3.87,14,True
bc625a3d12c5d3d43f9842b3,Geometría Analítica,2025-2,,1,True
bcb0bed23a1f6b18203fbc81,Geometría Analítica,2025-2,3.47,0,False
bcd115f691a3dc865a8eef82,Geometría Analítica,2025-2,,0,False
be2154aec8b08c610c150cb5,Geometría Analítica,2025-2,2.71,0,False
be69ded32f533be3a727185a,Geometría Analítica,2025-2,2.56,0,False
c0ed06b34cbf5599972d49ef,Geometría Analítica,2025-2,4.75,0,False
c0feba7d3fb56895b09f5efc,Geometría Analítica,2025-2,3.0,0,False
c248edc9afc714788f6e9500,Geometría Analítica,2025-2,0.42,0,False
c26965529bd140d15b400f40,Geometría Analítica,2025-2,,0,False
c41236368519e1cf2a846336,Geometría Analítica,2025-2,,0,False
c42d8d9e35d7e71fc5bb657a,Geometría Analítica,2025-2,2.19,0,False
c5bba80f87b41fd6790c98b6,Geometría Analítica,2025-2,4.72,0,False
c65cc5f6e76732a98dd80f3f,Geometría Analítica,2025-2,2.23,0,False
c714f2254e1e9e258b9f1c1e,Geometría Analítica,2025-2,3.94,0,False
c7681c5e313b3e17fb4cf833,Geometría Analítica,2025-2,2.64,0,False
c772b90129952c5de7dcc7b5,Geometría Analítica,2025-2,4.66,0,False
c8e4678e6b3cffb2ae83e48b,Geometría Analítica,2025-2,3.11,0,False
c93681c046119cf05dde5968,Geometría Analítica,2025-2,,0,False
ca03f33604378d76807dccbd,Geometría Analítica,2025-2,0.0,0,False
ca8acc330b29298dcd637bb1,Geometría Analítica,2025-2,2.53,1,True
cfad5e967280e509cef5836c,Geometría Analítica,2025-2,,0,False
d1ae9aa0b65291a42954303c,Geometría Analítica,2025-2,0.5,0,False
d1d949c957214ec47c8f238e,Geometría Analítica,2025-2,,0,False
d1e5c99412e0d9fb22654d44,Geometría Analítica,2025-2,4.29,0,False
d41084b6e85361a5718d3d94,Geometría Analítica,2025-2,2.81,0,False
d43eee2ea57c6899417be35e,Geometría Analítica,2025-2,3.0,0,False
d4912bda057e160385ac86b6,Geometría Analítica,2025-2,,0,False
d4bb031ccfbcd1b87793e3ff,Geometría Analítica,2025-2,,0,False
d8ae28b01e3d2e6e0468e891,Geometría Analítica,2025-2,3.57,0,False
d9f4e5bc90d2d58d6bd0c8b4,Geometría Analítica,2025-2,4.29,0,False
dce1dafb924f6c905433d5c8,Geometría Analítica,2025-2,,0,False
dd10683035e11d9d55de881c,Geometría Analítica,2025-2,,0,False
de5c42cdece0cdd7504db164,Geometría Analítica,2025-2,4.18,1,True
dece667ea55991a7e18efae2,Geometría Analítica,2025-2,,0,False
e25a8ef49089cc192ab14133,Geometría Analítica,2025-2,,0,False
e36ceb33608a8404c202e1c7,Geometría Analítica,2025-2,3.05,0,False
e8387e7e237fdb120924327d,Geometría Analítica,2025-2,3.23,1,True
e8657677c671adde7f26b1b1,Geometría Analítica,2025-2,,0,False
e9652fb80f9cd50aaf97f2be,Geometría Analítica,2025-2,1.81,0,False
ea20a3b1acb4a1821f581027,Geometría Analítica,2025-2,3.01,0,False
eaaef67c9816e46df372f9e1,Geometría Analítica,2025-2,,0,False
eb0bd022d6baf7bb426ff005,Geometría Analítica,2025-2,,0,False
eb51a0d375b386c9bf8c24c5,Geometría Analítica,2025-2,,0,False
ecab4466989b7b15ccde9c76,Geometría Analítica,2025-2,3.6,1,True
ed2d8840e56422725c3ac63f,Geometría Analítica,2025-2,,0,False
ee4acfc8e79f1a5d1d4007a9,Geometría Analítica,2025-2,4.1,2,True
ef5b3ab198fc48e9f3c02496,Geometría Analítica,2025-2,,0,False
f12070523fa510208a1ab2fa,Geometría Analítica,2025-2,3.67,0,False
f1e259f0dcfc6f2b27f742fd,Geometría Analítica,2025-2,2.57,0,False
f3aa8bf42fba2214b2435bce,Geometría Analítica,2025-2,3.08,1,True
f5304d5768ecd8d5e6a9e420,Geometría Analítica,2025-2,0.0,0,False
f5c6a8066f496291fd751a6a,Geometría Analítica,2025-2,3.49,0,False
f61561873cfd14de462746b1,Geometría Analítica,2025-2,4.09,2,True
f667ed1e3149bc883afdf588,Geometría Analítica,2025-2,3.62,0,False
f697d0bdc41785a32d5e25b8,Geometría Analítica,2025-2,3.9,1,True
f6d5f6b5ca4ed38fa002a6b2,Geometría Analítica,2025-2,1.91,0,False
f778d726a876bc437f4c384f,Geometría Analítica,2025-2,,0,False
f8ab7392c22c216cba640be9,Geometría Analítica,2025-2,0.0,0,False
f940c786fc77594553a9c445,Geometría Analítica,2025-2,4.14,0,False
fabc42a79303b2159b8de02d,Geometría Analítica,2025-2,,0,False
fc2d2cb914f2fe83c6f1c509,Geometría Analítica,2025-2,,0,False
fd75e714ebfbf902f70ce4fa,Geometría Analítica,2025-2,3.96,0,False
fdf95aa5488b93ed0b5b425a,Geometría Analítica,2025-2,2.43,0,False
ff61e9eae1b28911904ce94d,Geometría Analítica,2025-2,,0,False
ffa1e6f2779b34aeb8c2f9cc,Geometría Analítica,2025-2,3.23,0,False
ffe16fab237bae910eb48d0a,Geometría Analítica,2025-2,3.0,0,False
011a871e28a0c8806c441b85,Álgebra Lineal,2025-2,3.53,0,False
02607c2c2b3880b1514e3e1e,Álgebra Lineal,2025-2,3.16,0,False
047291e574aef90515081d15,Álgebra Lineal,2025-2,4.04,1,True
059d005ae0e1fd772da7452e,Álgebra Lineal,2025-2,3.92,0,False
08e75ce9f0737a412ded9c50,Álgebra Lineal,2025-2,,1,True
0a47bc7ad41c669b87db815e,Álgebra Lineal,2025-2,0.57,0,False
0ad747074c23144800b6eab5,Álgebra Lineal,2025-2,3.81,1,True
0b6e88ced116b906b2776ef0,Álgebra Lineal,2025-2,3.23,0,False
0b8a81e4873bc92acdd571af,Álgebra Lineal,2025-2,3.83,0,False
0d12b168cf6aaed15c04cada,Álgebra Lineal,2025-2,3.28,0,False
0ea0de138392f7ff7954747c,Álgebra Lineal,2025-2,2.38,0,False
0f3cef0919af1d285b338209,Álgebra Lineal,2025-2,3.7,0,False
106f18866bee88f33355fbf1,Álgebra Lineal,2025-2,4.62,0,False
11d909c70aa7a679276e3477,Álgebra Lineal,2025-2,3.56,0,False
11e82e37c30e102da40ab6be,Álgebra Lineal,2025-2,3.96,0,False
16562b56182308c9ade25ab6,Álgebra Lineal,2025-2,4.44,0,False
17abb4d34ec52915ec338fd7,Álgebra Lineal,2025-2,2.47,0,False
19e31d0851a0941290883d4d,Álgebra Lineal,2025-2,3.22,1,True
1a1e6eab72101453264190cc,Álgebra Lineal,2025-2,4.06,1,True
1a7bfe4b0a7f374c1239991d,Álgebra Lineal,2025-2,4.92,2,True
1b777e8bf2a4f8c1059ce5cc,Álgebra Lineal,2025-2,4.36,4,True
1c33a36f6edb4285c412f508,Álgebra Lineal,2025-2,,1,True
209e13a531b206343d116a77,Álgebra Lineal,2025-2,3.9,2,True
20d7bc123f976a8ac4c64453,Álgebra Lineal,2025-2,4.3,0,False
229c2f30234a7d40cf9bfed2,Álgebra Lineal,2025-2,,0,False
22e4cf51522db4be6a161af5,Álgebra Lineal,2025-2,3.59,2,True
2507d3bdde4d7c8e0736c991,Álgebra Lineal,2025-2,,0,False
25785137300f10f9cd9bc5d2,Álgebra Lineal,2025-2,3.2,0,False
259f66f5be8c36c4d058e792,Álgebra Lineal,2025-2,4.02,0,False
27b26657b3cef47bc938107f,Álgebra Lineal,2025-2,3.0,0,False
28b5702588c29360a2356659,Álgebra Lineal,2025-2,3.75,0,False
28f107cc1b2336d0453e13a9,Álgebra Lineal,2025-2,4.39,0,False
2913ae2dbdef9111dfb37f16,Álgebra Lineal,2025-2,3.52,0,False
2bec01ea465f41fded84191a,Álgebra Lineal,2025-2,3.62,0,False
2d24e2782eaa4f61c11280d3,Álgebra Lineal,2025-2,3.14,0,False
2d43a27c87ddba8ca6e5239f,Álgebra Lineal,2025-2,4.14,0,False
2de6ee3dae2b9b5106117bab,Álgebra Lineal,2025-2,4.06,0,False
322569f37eff0d2257669e1e,Álgebra Lineal,2025-2,4.78,1,True
32652ec41dfae0946b0b02ce,Álgebra Lineal,2025-2,4.34,1,True
3302517b83091fd0a6bdc6e8,Álgebra Lineal,2025-2,4.76,1,True
331507548272018473d0a3e9,Álgebra Lineal,2025-2,3.44,1,True
335697d9246b410c63493528,Álgebra Lineal,2025-2,3.26,0,False
33782812782256b64646441b,Álgebra Lineal,2025-2,,0,False
357f5c8b695477f979ed6378,Álgebra Lineal,2025-2,4.57,0,False
360e196a179b88fb61b745e0,Álgebra Lineal,2025-2,0.34,0,False
3617d13b4afe88c9cfa46f24,Álgebra Lineal,2025-2,3.71,0,False
36b632f201f0eb5e5cc1fbb8,Álgebra Lineal,2025-2,,0,False
39a72742331945745e1a02f9,Álgebra Lineal,2025-2,3.3,0,False
39b4d95e9e76ce35e55e48a1,Álgebra Lineal,2025-2,3.63,0,False
3a713c5e2e4fd80f8be62216,Álgebra Lineal,2025-2,,2,True
3b71caa3a75e82166e2ce666,Álgebra Lineal,2025-2,,1,True
3baeaa6303fa6159ca4de9b9,Álgebra Lineal,2025-2,3.73,1,True
3c8c686be99b65080e4f178d,Álgebra Lineal,2025-2,1.6,0,False
3ca2d33e13e8277526b66a4e,Álgebra Lineal,2025-2,,0,False
3cb2cc6598cf6ad58b24121e,Álgebra Lineal,2025-2,3.01,7,True
43184d02f528f9035891b103,Álgebra Lineal,2025-2,3.53,0,False
43c805c2e66e523d813cd317,Álgebra Lineal,2025-2,0.0,2,True
4722d4c5e09447d3a6e903b2,Álgebra Lineal,2025-2,3.99,0,False
47be8a6c8ef3e04343bf9307,Álgebra Lineal,2025-2,,0,False
47c4fe768f836b7237d0b4d4,Álgebra Lineal,2025-2,4.18,0,False
4918f5964aa38ca617eb5004,Álgebra Lineal,2025-2,3.51,0,False
49d3f3aeecfe8b296075b44b,Álgebra Lineal,2025-2,3.34,1,True
4c4dbd279183c79f1ff5d8df,Álgebra Lineal,2025-2,3.91,0,False
4de34d2f1503bd2fcda5abf9,Álgebra Lineal,2025-2,4.65,0,False
4ea477ecf28501232606684b,Álgebra Lineal,2025-2,3.67,0,False
4f76183d97e47bceb9c1ea01,Álgebra Lineal,2025-2,2.04,0,False
4fc90db761b4c1242999c2eb,Álgebra Lineal,2025-2,3.41,0,False
51f46ffde5ec1f58f012d466,Álgebra Lineal,2025-2,3.12,1,True
52ab5f3522b67e325dce79f2,Álgebra Lineal,2025-2,,0,False
53424fdcbaa5035769145155,Álgebra Lineal,2025-2,3.23,0,False
55eda5a3c9e1e2aca46f9018,Álgebra Lineal,2025-2,2.76,0,False
56f39647fb7b32902a1723c2,Álgebra Lineal,2025-2,,0,False
571aefb0f094ac17dc4a6a84,Álgebra Lineal,2025-2,3.47,0,False
58c8ba48bd0cce7466e67ec4,Álgebra Lineal,2025-2,3.39,1,True
5adb4334a2df6223a34bca30,Álgebra Lineal,2025-2,3.68,0,False
5b67ff4f64525ec9bdb31623,Álgebra Lineal,2025-2,3.86,0,False
5bf5bc7869a8b92642cb18e2,Álgebra Lineal,2025-2,4.77,0,False
5e1c42493d3dcb620b337899,Álgebra Lineal,2025-2,4.2,1,True
5ea73bfa5723c2a4b83ef286,Álgebra Lineal,2025-2,3.98,4,True
5f9cbd7800febc905bdac8de,Álgebra Lineal,2025-2,4.31,0,False
6005aaf00603ae76247dbcfc,Álgebra Lineal,2025-2,2.54,0,False
60c23933d5c079da588c65fe,Álgebra Lineal,2025-2,4.5,0,False
62d70b63054420ef3dc4b96c,Álgebra Lineal,2025-2,3.8,1,True
64117d4491f05017577bc106,Álgebra Lineal,2025-2,3.3,0,False
65e97f04a073556cb8d3339e,Álgebra Lineal,2025-2,3.72,0,False
660a61b9fe31f082cf0fd69c,Álgebra Lineal,2025-2,3.48,2,True
6686ea594194ccb842eef2ae,Álgebra Lineal,2025-2,3.41,0,False
668f04d141a64aa8de9fa1f5,Álgebra Lineal,2025-2,3.37,1,True
68fe606342b7b0dc30d4ea51,Álgebra Lineal,2025-2,3.53,1,True
695720cff4bdda03ee3e9db6,Álgebra Lineal,2025-2,4.01,0,False
6b6b5e4076b0248a338203bb,Álgebra Lineal,2025-2,3.79,0,False
6c41a834a1d794970fa7f26e,Álgebra Lineal,2025-2,3.43,1,True
6e16fdaa9651a8009cb910d9,Álgebra Lineal,2025-2,2.38,0,False
6eb08365766c638fcb6b6429,Álgebra Lineal,2025-2,3.52,2,True
71b105697f7d9d5cbcfac2cc,Álgebra Lineal,2025-2,,1,True
71c07eea83bc8d7aacd26653,Álgebra Lineal,2025-2,0.91,0,False
71cd0762fc998ad9e4f4a043,Álgebra Lineal,2025-2,4.38,0,False
733f1647be2a8d4383fb43e2,Álgebra Lineal,2025-2,4.19,0,False
73e9d9af4e58a8fe1659aa7a,Álgebra Lineal,2025-2,2.86,0,False
742abebc197950505786eaf0,Álgebra Lineal,2025-2,4.62,1,True
756f8b391056d3f31e707f41,Álgebra Lineal,2025-2,2.27,0,False
7725960c60fb8dce62bd5f9a,Álgebra Lineal,2025-2,4.38,0,False
77a4bded516c502aeb8bc375,Álgebra Lineal,2025-2,2.53,0,False
789744c6d7eb6556a0240600,Álgebra Lineal,2025-2,4.72,0,False
7a08158fefce8b170c0cac63,Álgebra Lineal,2025-2,2.47,0,False
7b44b732dc09c988e961b234,Álgebra Lineal,2025-2,3.01,0,False
7ba5c0117cf58a6d9bed8cf9,Álgebra Lineal,2025-2,3.58,0,False
7c626cf71303723883c09eea,Álgebra Lineal,2025-2,3.2,0,False
7c9dba2a0d5f1a25783e5ff6,Álgebra Lineal,2025-2,3.55,0,False
7d7b353a6a21a74ccbd27407,Álgebra Lineal,2025-2,2.79,1,True
7ead4e8deebfde7a722c435f,Álgebra Lineal,2025-2,2.77,0,False
7eaf289b4194e4b2b439f733,Álgebra Lineal,2025-2,1.55,0,False
8060a99a42be56f7332f9883,Álgebra Lineal,2025-2,3.58,1,True
80b385eb09b83b302ac48896,Álgebra Lineal,2025-2,3.93,0,False
82872b47ee53a0a134532a2f,Álgebra Lineal,2025-2,4.5,1,True
82ab49faba7ca2fa0adc4f74,Álgebra Lineal,2025-2,,0,False
836ce7955d0458f2312af2f5,Álgebra Lineal,2025-2,4.38,0,False
83d372ce918381b6ae713d0f,Álgebra Lineal,2025-2,3.0,0,False
840c57e6716b30f793b637ab,Álgebra Lineal,2025-2,2.5,0,False
8457a968845f7fd25b5bfab1,Álgebra Lineal,2025-2,3.04,0,False
86a42478b8df4a0007767646,Álgebra Lineal,2025-2,3.08,0,False
87ead6a073f20a81ed854778,Álgebra Lineal,2025-2,3.66,0,False
88238e538b608fb690334460,Álgebra Lineal,2025-2,2.86,1,True
88afdf52487e7f9dc0dd46f9,Álgebra Lineal,2025-2,4.51,0,False
8a3c289d248d626a5b3ef333,Álgebra Lineal,2025-2,4.8,0,False
8e2d9d995cdadee827e62e8f,Álgebra Lineal,2025-2,3.27,1,True
8fc9d39b74a69d701c8e20a5,Álgebra Lineal,2025-2,3.05,1,True
9001433ef4b26c7f5b1e9a3e,Álgebra Lineal,2025-2,2.81,0,False
91a37b5b02963c8f8e76f65c,Álgebra Lineal,2025-2,2.89,0,False
925a5274199d527ba355d925,Álgebra Lineal,2025-2,3.87,8,True
958b724d4d8a58d12a68f44d,Álgebra Lineal,2025-2,4.29,2,True
95afa17099db2dea2efabe11,Álgebra Lineal,2025-2,,0,False
97fe9043a1463e5dcc81ec29,Álgebra Lineal,2025-2,,0,False
99fdc38a066e28de5d9f3b24,Álgebra Lineal,2025-2,3.49,0,False
9a0da6e1126c924e5a57bd39,Álgebra Lineal,2025-2,3.86,0,False
9a81a1f848f9629090b2ab9d,Álgebra Lineal,2025-2,2.5,0,False
9b5138f56f77be24949d919d,Álgebra Lineal,2025-2,4.54,1,True
9c49d43546d638385ca0505a,Álgebra Lineal,2025-2,4.49,1,True
9dd8ff0c8f988f1620a38829,Álgebra Lineal,2025-2,4.57,0,False
9e0a9405c1645c741521089f,Álgebra Lineal,2025-2,3.6,0,False
9ec685ab1a2483600041c385,Álgebra Lineal,2025-2,3.2,0,False
a06306849191ae3f5391c8c7,Álgebra Lineal,2025-2,2.31,2,True
a0d52c723d068b23ca5f12f8,Álgebra Lineal,2025-2,3.23,0,False
a3811fc9f8a724c9a26fe7c8,Álgebra Lineal,2025-2,3.95,0,False
a3bd1c88094dd66272329003,Álgebra Lineal,2025-2,4.08,0,False
a3cd9a06c77c8e0eadfbf5d5,Álgebra Lineal,2025-2,3.03,1,True
a5ca42c438be36f82124fcff,Álgebra Lineal,2025-2,3.84,4,True
a5d9d1410f971d51fc8084f8,Álgebra Lineal,2025-2,,0,False
a9fcf172117bc6d871ec5283,Álgebra Lineal,2025-2,,0,False
aa4b62aefa97cddf9f6dfeb9,Álgebra Lineal,2025-2,3.87,0,False
aa8f8babfe9227aa4f57291a,Álgebra Lineal,2025-2,2.72,0,False
abc996e9bed006259f9f1c8d,Álgebra Lineal,2025-2,3.02,0,False
ac24275cf4a4210620594fd8,Álgebra Lineal,2025-2,4.13,2,True
ac42e77abbb0953fe5b366ea,Álgebra Lineal,2025-2,2.37,0,False
ade01c4d3e00c34d33a767d5,Álgebra Lineal,2025-2,4.52,2,True
ae2a6ef6065a0bb1b5813870,Álgebra Lineal,2025-2,3.16,0,False
aec393980ae8fb4f42a7adf1,Álgebra Lineal,2025-2,3.91,0,False
b168e77a3d00a9e815f5ded1,Álgebra Lineal,2025-2,,0,False
b299ac87bc6d028b43e9c04e,Álgebra Lineal,2025-2,2.62,0,False
b2a43b78049edfbecb36db11,Álgebra Lineal,2025-2,,0,False
b388deb6aafd6bb91b9bb8ee,Álgebra Lineal,2025-2,3.35,0,False
b4a0f5e005f174cbcb32136d,Álgebra Lineal,2025-2,3.33,0,False
b5829dcdcfa15cc4bc315d3c,Álgebra Lineal,2025-2,3.35,0,False
b60fa3c8c52acf666fa26497,Álgebra Lineal,2025-2,3.04,1,True
b61b94b83418d50c0ecd2987,Álgebra Lineal,2025-2,3.0,1,True
b61cc95cf9b7d95d41d255ef,Álgebra Lineal,2025-2,3.19,0,False
b9d6ed977294512031c14f8d,Álgebra Lineal,2025-2,3.45,0,False
b9ed86f3ba6f70906e384920,Álgebra Lineal,2025-2,3.13,0,False
bbae446804ef18a38e7786a9,Álgebra Lineal,2025-2,3.78,0,False
bd8404c8da5991a0373b087f,Álgebra Lineal,2025-2,3.48,2,True
bde5d37431b27886412e2cc0,Álgebra Lineal,2025-2,3.0,1,True
be2154aec8b08c610c150cb5,Álgebra Lineal,2025-2,3.08,2,True
be8e8ecbfb1184edce39166b,Álgebra Lineal,2025-2,4.13,0,False
beee39abf9e02fd12a1fe8bb,Álgebra Lineal,2025-2,3.24,0,False
bfcad68189c6f26dbaa494dd,Álgebra Lineal,2025-2,3.01,0,False
bfe00d1a96a596f7e14f0329,Álgebra Lineal,2025-2,3.46,2,True
c0cd85bf0d9fc5f87c88fcde,Álgebra Lineal,2025-2,,0,False
c0e043ba9b41abf4b1f0a752,Álgebra Lineal,2025-2,3.59,1,True
c1251eedac93d7367764e05b,Álgebra Lineal,2025-2,2.13,1,True
c152357e8ef4d905d47e6d44,Álgebra Lineal,2025-2,3.0,0,False
c1f0d40a7e9e49503911a23d,Álgebra Lineal,2025-2,3.01,2,True
c2f22f40da58853e1d827ba5,Álgebra Lineal,2025-2,,0,False
c52b472914b5a5669e89519f,Álgebra Lineal,2025-2,3.25,0,False
c676f50fb29bbd89f3fd405e,Álgebra Lineal,2025-2,4.8,0,False
c7b0068c7bab9adfe386ae07,Álgebra Lineal,2025-2,3.63,1,True
cb01b297427e41ef3ce42ce6,Álgebra Lineal,2025-2,2.94,0,False
cb03803f13eee863bb588ef1,Álgebra Lineal,2025-2,4.6,1,True
ccc94f54907eb6222bc5b227,Álgebra Lineal,2025-2,3.7,2,True
d1139aa62bc1c71e11a42e5b,Álgebra Lineal,2025-2,4.04,0,False
d122edb48b31278c90db82ab,Álgebra Lineal,2025-2,,0,False
d216dbb20d704a5713a16cbe,Álgebra Lineal,2025-2,4.48,1,True
d43eee2ea57c6899417be35e,Álgebra Lineal,2025-2,3.31,0,False
d64f97e4e4f23ed39f1dea13,Álgebra Lineal,2025-2,,1,True
d6f8f0b7a3bd6a877aeadc6c,Álgebra Lineal,2025-2,3.65,1,True
d76217588cefcc73c12a35c7,Álgebra Lineal,2025-2,4.51,0,False
da26cb24f16ed64d6294a6ee,Álgebra Lineal,2025-2,4.3,3,True
dd2b427df2b35b784ef227e2,Álgebra Lineal,2025-2,,2,True
dfff50e472ee62863343136e,Álgebra Lineal,2025-2,,0,False
e008df841601a5521911ac38,Álgebra Lineal,2025-2,3.01,4,True
e2f731735f3e284fe0175a1a,Álgebra Lineal,2025-2,3.73,0,False
e38be41fed4990a7950f86df,Álgebra Lineal,2025-2,3.94,0,False
e3ec113ab727dbacdb21e58d,Álgebra Lineal,2025-2,3.56,2,True
e56d945426b8f80d7d89de14,Álgebra Lineal,2025-2,4.5,0,False
e5fa46f398cf268c1e9069e2,Álgebra Lineal,2025-2,2.57,0,False
e62f2728cfbf6272aeaab773,Álgebra Lineal,2025-2,,0,False
e737d3a0b073fd32efc2857b,Álgebra Lineal,2025-2,2.54,1,True
e75525e3fdd63a16452b1b74,Álgebra Lineal,2025-2,3.79,2,True
e7b594adb9c2ed10463b09b2,Álgebra Lineal,2025-2,2.43,3,True
e85f73212a160de10027ec0a,Álgebra Lineal,2025-2,1.88,0,False
e8fac6fc091c79af94fb902f,Álgebra Lineal,2025-2,3.66,0,False
ea20a3b1acb4a1821f581027,Álgebra Lineal,2025-2,2.8,0,False
ea780b4519ec66db1077300b,Álgebra Lineal,2025-2,3.01,0,False
ed5d3f4d1c1c79b1495c4e77,Álgebra Lineal,2025-2,3.5,1,True
f0eb18b81ad858809f6cf066,Álgebra Lineal,2025-2,3.55,1,True
f1e259f0dcfc6f2b27f742fd,Álgebra Lineal,2025-2,2.13,0,False
f25d90e7377d03393b6f484a,Álgebra Lineal,2025-2,3.7,0,False
f2d9ace280e4885b3fd22285,Álgebra Lineal,2025-2,3.3,1,True
f3c92aa7dfe34986475dc2b7,Álgebra Lineal,2025-2,4.51,6,True
f3e95b8dadf07fa3acb69126,Álgebra Lineal,2025-2,3.44,0,False
fa560e209b89d3de38ce443c,Álgebra Lineal,2025-2,3.51,0,False
fb919e01e2f7d5946c665aca,Álgebra Lineal,2025-2,,0,False
fbb30ffb5c9d65601b40bdff,Álgebra Lineal,2025-2,4.46,1,True
fc185395565f0444e551d9d1,Álgebra Lineal,2025-2,3.95,0,False
00bf13ae2c6bc3fa2b2cfe26,Cálculo Diferencial,2026-1,3.45,1,True
017fa3271c12e0358caa0b3a,Cálculo Diferencial,2026-1,3.08,0,False
0485946877247eb171ce0464,Cálculo Diferencial,2026-1,,0,False
06d1c0e326f52068b818dddb,Cálculo Diferencial,2026-1,2.3,0,False
073a35b3bf7f280c07e7dd3d,Cálculo Diferencial,2026-1,3.02,0,False
079e0bb43050809b7587d422,Cálculo Diferencial,2026-1,,0,False
07b839f52f809a3411e5e7e1,Cálculo Diferencial,2026-1,3.86,4,True
0859a951c536501fdb4a6645,Cálculo Diferencial,2026-1,1.81,2,True
08883fde428345833abb8dfb,Cálculo Diferencial,2026-1,3.44,2,True
08ce0ed1de63c261339ab031,Cálculo Diferencial,2026-1,3.03,4,True
08ceb6ea0254509bed5f396c,Cálculo Diferencial,2026-1,,0,False
08e75ce9f0737a412ded9c50,Cálculo Diferencial,2026-1,,0,False
092520ff6cf054356b78a495,Cálculo Diferencial,2026-1,3.53,6,True
0ad05dd2fd04f226cfa85300,Cálculo Diferencial,2026-1,3.39,1,True
0bc4a0b4b15af06dfe15a61e,Cálculo Diferencial,2026-1,3.51,1,True
0eb030409667f607cfc454c0,Cálculo Diferencial,2026-1,3.89,1,True
0f14ac74cd1e5ad9fdbc37dd,Cálculo Diferencial,2026-1,4.47,0,False
104914860e612d95564666b4,Cálculo Diferencial,2026-1,,0,False
110b4a1a7f5b4d3ed50695eb,Cálculo Diferencial,2026-1,,0,False
11f915728c0252bd7ce644f1,Cálculo Diferencial,2026-1,2.11,0,False
1262c0376bfc1864284fbf6d,Cálculo Diferencial,2026-1,,0,False
12767aa7b5a37fe220dc98cd,Cálculo Diferencial,2026-1,1.98,1,True
1308eb7b14faca1eb43728c0,Cálculo Diferencial,2026-1,0.0,0,False
143622cbf9c41f319338f8a9,Cálculo Diferencial,2026-1,3.14,1,True
14418fcf7fdbbd3caf6276d0,Cálculo Diferencial,2026-1,4.08,0,False
14617053cd2bbfe9227abdab,Cálculo Diferencial,2026-1,,0,False
149da09e1f35b0b35b38fcb0,Cálculo Diferencial,2026-1,4.74,0,False
15eeb62881977e5efc4d25fb,Cálculo Diferencial,2026-1,3.32,0,False
166bb74ef810034d9de43e90,Cálculo Diferencial,2026-1,3.0,0,False
1789163156b716684b6ee9e6,Cálculo Diferencial,2026-1,3.51,0,False
182250fc6b63aeb07a3d7e3a,Cálculo Diferencial,2026-1,,0,False
18372478f8b9cfcbf9c8b442,Cálculo Diferencial,2026-1,,0,False
18c0efcbe3c6ac55e6e0f30c,Cálculo Diferencial,2026-1,3.04,0,False
18c8ed95de27b3db9e46c788,Cálculo Diferencial,2026-1,4.86,3,True
19cfab2761f52d634bea8dba,Cálculo Diferencial,2026-1,0.61,0,False
1d0a43c1cf4d74df5efb1445,Cálculo Diferencial,2026-1,4.18,2,True
1e8299b8a96d46dc225acdb8,Cálculo Diferencial,2026-1,3.03,0,False
1f049369cd569d6dfcf66ac0,Cálculo Diferencial,2026-1,,0,False
1f16fbedff92fb4f256ff61b,Cálculo Diferencial,2026-1,1.09,0,False
1f225d9e1d75efefe08af926,Cálculo Diferencial,2026-1,1.68,6,True
1f35aad5463df0528037dc69,Cálculo Diferencial,2026-1,3.35,0,False
205aa4f31eb2b8dc44ad9f85,Cálculo Diferencial,2026-1,0.48,0,False
21b189e186d11e6978921e84,Cálculo Diferencial,2026-1,3.77,0,False
21d7f729aaa3bc314e56ec72,Cálculo Diferencial,2026-1,3.99,0,False
225388b6828747eac550d57d,Cálculo Diferencial,2026-1,,1,True
2262f78662cf8f992f7d0b3e,Cálculo Diferencial,2026-1,3.42,0,False
23814b03e6d63fd72a052fef,Cálculo Diferencial,2026-1,2.4,0,False
23d0e76fe9fec7cf8e7113b2,Cálculo Diferencial,2026-1,2.61,2,True
2507d3bdde4d7c8e0736c991,Cálculo Diferencial,2026-1,0.0,0,False
25a617e083e198104921637a,Cálculo Diferencial,2026-1,3.83,0,False
25edc455d2d60d9097145a62,Cálculo Diferencial,2026-1,,1,True
266ca803bbf98e1f91ae8b29,Cálculo Diferencial,2026-1,3.69,0,False
27906e8f728697651cd0c307,Cálculo Diferencial,2026-1,,0,False
27a7a5fc440e2f068ddc8a4b,Cálculo Diferencial,2026-1,2.36,0,False
27b26657b3cef47bc938107f,Cálculo Diferencial,2026-1,3.05,0,False
27db8468a09679bff7e99e3c,Cálculo Diferencial,2026-1,3.45,2,True
27edc8ace5fd16e6dcf97072,Cálculo Diferencial,2026-1,,0,False
27f7ea9a10a8eaf19d02398a,Cálculo Diferencial,2026-1,4.08,1,True
294bdcbe6bcbfa868f7314f7,Cálculo Diferencial,2026-1,3.06,2,True
2a063bf494241be7ee0e626e,Cálculo Diferencial,2026-1,3.83,2,True
2b314d5788a604f8fc2095d7,Cálculo Diferencial,2026-1,2.44,0,False
2b6e6060a36a5e485e36ebbf,Cálculo Diferencial,2026-1,2.91,0,False
2bd7cc4465d4920057326a71,Cálculo Diferencial,2026-1,4.6,0,False
2c5abda0e980fb16895a286e,Cálculo Diferencial,2026-1,3.73,0,False
2d237e685f433409aaa10514,Cálculo Diferencial,2026-1,3.6,0,False
2e66adff4b174944d8de940c,Cálculo Diferencial,2026-1,,0,False
2e6b340040561f9c1f63dfac,Cálculo Diferencial,2026-1,3.94,6,True
2ee68b227251ffab4d344d2c,Cálculo Diferencial,2026-1,0.0,0,False
30a8943c022398db92088fc7,Cálculo Diferencial,2026-1,3.44,0,False
3185eececbb8789732973362,Cálculo Diferencial,2026-1,,6,True
31fda14f6098c3ed2a0d3dc5,Cálculo Diferencial,2026-1,4.52,0,False
32a1e8316125ca2c20195004,Cálculo Diferencial,2026-1,4.5,0,False
34ccfcd6f602543028eb1b84,Cálculo Diferencial,2026-1,4.68,0,False
36430f4813be883f7f29659d,Cálculo Diferencial,2026-1,3.99,0,False
367d451e59b26d39257dab0d,Cálculo Diferencial,2026-1,3.21,1,True
36dd99a4cf0f068df19b56ca,Cálculo Diferencial,2026-1,3.54,0,False
384553d85533373cb2375e8a,Cálculo Diferencial,2026-1,1.92,1,True
39cb6b7a4d2ef39b5684b5ce,Cálculo Diferencial,2026-1,3.04,0,False
3be5453d48f6f441c3783e5e,Cálculo Diferencial,2026-1,4.19,0,False
3ca9ac5a9f3171d55397c3d0,Cálculo Diferencial,2026-1,,0,False
3d5ad874eb352d8f2d9051b3,Cálculo Diferencial,2026-1,2.76,0,False
3d663583a44e0c1ea6e4e975,Cálculo Diferencial,2026-1,1.31,0,False
3ddce47ae5e066bdf5839cb4,Cálculo Diferencial,2026-1,,0,False
3e607c3d10972d3e8e7a1c5c,Cálculo Diferencial,2026-1,3.05,0,False
3efc2e410e2caaff1f1dbf1c,Cálculo Diferencial,2026-1,3.0,0,False
3fc41be97c2c77c4eaeaa01e,Cálculo Diferencial,2026-1,,0,False
400014a7a3952db3d2bcbda8,Cálculo Diferencial,2026-1,3.52,3,True
40bd36a2b539962aeee1a636,Cálculo Diferencial,2026-1,3.88,0,False
417faaead3f56cec4900e9ed,Cálculo Diferencial,2026-1,,0,False
4508e03ea4a6f85ba9e49184,Cálculo Diferencial,2026-1,4.16,0,False
450c14f9e4c3e1e09bb00439,Cálculo Diferencial,2026-1,,0,False
45939362bf1a51a700cce60d,Cálculo Diferencial,2026-1,1.37,0,False
47200f5eac86b207e062b5b8,Cálculo Diferencial,2026-1,3.05,1,True
48869d99fc6c9e45176cbfb0,Cálculo Diferencial,2026-1,3.82,0,False
48d2309d22ddffba66307380,Cálculo Diferencial,2026-1,2.54,1,True
4ad40c5144e8f9e547dfdb49,Cálculo Diferencial,2026-1,0.0,0,False
4c152fe00ed5438cf191affe,Cálculo Diferencial,2026-1,,0,False
4d26487ca19bc8a40ec8ee75,Cálculo Diferencial,2026-1,3.63,1,True
4d4d0fde218b2d7abbcdd378,Cálculo Diferencial,2026-1,3.73,0,False
4d69197784726bd6c668fccf,Cálculo Diferencial,2026-1,3.54,1,True
4d94ef65d7ea1b22130dd14b,Cálculo Diferencial,2026-1,3.03,0,False
4dbf3a12e8d0a95e5394be8a,Cálculo Diferencial,2026-1,3.44,3,True
4f8bd4d8b43e4bd1ebeba025,Cálculo Diferencial,2026-1,3.05,4,True
504877fb05d00879bf46058c,Cálculo Diferencial,2026-1,,7,True
5193aef1082ce3668d163a41,Cálculo Diferencial,2026-1,3.69,0,False
523f52f091968d15419ac403,Cálculo Diferencial,2026-1,,0,False
52ab5f3522b67e325dce79f2,Cálculo Diferencial,2026-1,2.63,0,False
52bd5df76d2297633f438041,Cálculo Diferencial,2026-1,3.2,0,False
52db9d338150e27b4295e2a7,Cálculo Diferencial,2026-1,3.39,0,False
5593215f7d96ff831fd4541f,Cálculo Diferencial,2026-1,3.15,2,True
55bc457c2623f72536b644a1,Cálculo Diferencial,2026-1,4.68,0,False
564afacc24a092b954701967,Cálculo Diferencial,2026-1,4.31,2,True
57b45c748abbb85e4bb838a5,Cálculo Diferencial,2026-1,3.99,5,True
5818e233b5bbd3a777032ee6,Cálculo Diferencial,2026-1,,0,False
5989284588faa346d267c1ae,Cálculo Diferencial,2026-1,1.09,1,True
599bd38456817831f324ceda,Cálculo Diferencial,2026-1,,1,True
59eff624aa40e6230f41d0f3,Cálculo Diferencial,2026-1,,0,False
5b30235177c822ebab1e7d07,Cálculo Diferencial,2026-1,,4,True
5c58e6c71272a7e8016edffc,Cálculo Diferencial,2026-1,2.7,0,False
5db105352a2f7e4f041d5bdb,Cálculo Diferencial,2026-1,3.8,2,True
5f7a607b1fa95e4bbe6997c7,Cálculo Diferencial,2026-1,2.78,0,False
5fd2d48aa1b3a4dbcd338abd,Cálculo Diferencial,2026-1,,1,True
609d0430ca287a0292a166b6,Cálculo Diferencial,2026-1,3.01,0,False
61559d3c5f4d1eb041ffb52d,Cálculo Diferencial,2026-1,,0,False
619c46cff3b9d7fc37110e9c,Cálculo Diferencial,2026-1,3.06,0,False
62394f1b525797d6e57557d7,Cálculo Diferencial,2026-1,3.22,0,False
632d73a899b5acf2ecb8939a,Cálculo Diferencial,2026-1,,0,False
637254b7a51b9db9a8da84f1,Cálculo Diferencial,2026-1,4.15,0,False
6483ee6eb4b792365ae696a1,Cálculo Diferencial,2026-1,,0,False
64dc35c55affa36d2bd69561,Cálculo Diferencial,2026-1,3.85,0,False
65494d6026c6cfad66f19f90,Cálculo Diferencial,2026-1,3.77,1,True
6686871c49e518514edd22ef,Cálculo Diferencial,2026-1,4.01,1,True
66f5480208d84f259fc51db7,Cálculo Diferencial,2026-1,3.25,1,True
67045cd17d7f709bf2a40882,Cálculo Diferencial,2026-1,3.48,0,False
67a37284898b0e5909ae53d8,Cálculo Diferencial,2026-1,4.0,6,True
69cbe0964b76ca29911ec264,Cálculo Diferencial,2026-1,3.24,0,False
69f8c63397dc78108df52500,Cálculo Diferencial,2026-1,,1,True
6a5b05b2874e64966f4df214,Cálculo Diferencial,2026-1,,0,False
6b4302820000b589247f7a65,Cálculo Diferencial,2026-1,3.83,0,False
6b8f7dcac6f996175a905a7d,Cálculo Diferencial,2026-1,2.67,0,False
6be2eaf61dad93033080607f,Cálculo Diferencial,2026-1,4.58,0,False
6c761b757b16ceb39b7ea8fc,Cálculo Diferencial,2026-1,0.56,0,False
6c83c0cbceb2dfc748b155fe,Cálculo Diferencial,2026-1,,0,False
6e838e8855e6ee2b66fdbad9,Cálculo Diferencial,2026-1,,0,False
6f41b5761dd32ad7fd3aa56b,Cálculo Diferencial,2026-1,3.6,0,False
6f6b9c956f5e93bae7ca8556,Cálculo Diferencial,2026-1,,0,False
70a4428336a78bbbb93a7645,Cálculo Diferencial,2026-1,,0,False
711f208da46cef4c13777b26,Cálculo Diferencial,2026-1,0.0,0,False
717b66230eb18410d67cc96f,Cálculo Diferencial,2026-1,3.91,0,False
722fe3b42db233ce9eb076c5,Cálculo Diferencial,2026-1,3.59,0,False
72ee569dc4b145965cf5d59c,Cálculo Diferencial,2026-1,,0,False
72fa73d6762b7039e4d23389,Cálculo Diferencial,2026-1,,1,True
73743931c2638c696f4884a8,Cálculo Diferencial,2026-1,3.63,0,False
7387da93cd0c9b675d5bd6f5,Cálculo Diferencial,2026-1,4.41,1,True
73d6aa9a188fcb43b149620a,Cálculo Diferencial,2026-1,3.02,1,True
7456aab26b51a94cc1366687,Cálculo Diferencial,2026-1,0.28,0,False
74bc0475bdcbf0125b26ec74,Cálculo Diferencial,2026-1,4.31,0,False
74fb234032c0801a20425bec,Cálculo Diferencial,2026-1,0.0,0,False
7568c7356327a2070ca159a6,Cálculo Diferencial,2026-1,3.15,0,False
758f2b40715b3a34148ccf89,Cálculo Diferencial,2026-1,5.0,1,True
75fd51d55f12ee62735b4553,Cálculo Diferencial,2026-1,3.13,3,True
7646b085187564a672ceab3a,Cálculo Diferencial,2026-1,3.11,0,False
76cfc9562e242d4028c18dd0,Cálculo Diferencial,2026-1,3.23,2,True
77294b60bedc35c1d619d247,Cálculo Diferencial,2026-1,3.23,0,False
78490027eec9ba216f447535,Cálculo Diferencial,2026-1,2.53,0,False
78931f218916ffcf8aa1731c,Cálculo Diferencial,2026-1,,0,False
7a676475b2220f0189309012,Cálculo Diferencial,2026-1,3.76,0,False
7bbfde480d71644255ccc60c,Cálculo Diferencial,2026-1,3.35,0,False
7c20d9aaa177c0c55b4efc33,Cálculo Diferencial,2026-1,3.02,0,False
7d1f79f6526afe174417db61,Cálculo Diferencial,2026-1,2.69,1,True
7d47fa3bb5c259a14b0aa22f,Cálculo Diferencial,2026-1,3.04,0,False
7dcc296547efce72584f5ee9,Cálculo Diferencial,2026-1,2.57,0,False
7f93fc3a4dc9fa911e9b0873,Cálculo Diferencial,2026-1,3.01,0,False
80654358eca036898f90fb37,Cálculo Diferencial,2026-1,3.0,0,False
80eb3951948451deb0ddec77,Cálculo Diferencial,2026-1,,0,False
821b4e5ba2de4e76eba4326d,Cálculo Diferencial,2026-1,,0,False
824aa96c9f31c0fbbcb13f1e,Cálculo Diferencial,2026-1,2.39,0,False
83ebbf8fe64e3db853e7c863,Cálculo Diferencial,2026-1,4.72,0,False
84704a277d312a507b7cdfde,Cálculo Diferencial,2026-1,3.02,0,False
85645cb6b7a78c3bb75b486d,Cálculo Diferencial,2026-1,3.03,0,False
857322df6a8e82ff185787ad,Cálculo Diferencial,2026-1,3.51,0,False
864f3550519488112cde269a,Cálculo Diferencial,2026-1,,1,True
86e524c08bd39b89f78e8097,Cálculo Diferencial,2026-1,,0,False
8755d89b390648a09a13f960,Cálculo Diferencial,2026-1,2.64,0,False
879ed454e4b0fbe9a26e6994,Cálculo Diferencial,2026-1,3.94,0,False
87a4f43b9e2c65ab5b69b41a,Cálculo Diferencial,2026-1,2.57,0,False
87da3a3bcc9bb105f5f7e85a,Cálculo Diferencial,2026-1,2.45,0,False
880e079cbf2b274b6d8d85cc,Cálculo Diferencial,2026-1,,0,False
892e1800e77ea52f217a2098,Cálculo Diferencial,2026-1,,0,False
8a1c56ac70e8ceba1fc9000e,Cálculo Diferencial,2026-1,,3,True
8a64e82fdf6b5692138aeef4,Cálculo Diferencial,2026-1,4.23,0,False
8bead020ea181c85cf833293,Cálculo Diferencial,2026-1,4.16,1,True
8c82eebbb0b49820620ec5dd,Cálculo Diferencial,2026-1,3.01,0,False
8d7289c5d4e77da52824b864,Cálculo Diferencial,2026-1,,1,True
8d83bd7e71960438e9b1bacf,Cálculo Diferencial,2026-1,3.79,0,False
8dc6585ca03c49583d8a038e,Cálculo Diferencial,2026-1,3.03,4,True
8ea32c0269caae600d7b888d,Cálculo Diferencial,2026-1,,3,True
8f7fb890179618d029facc81,Cálculo Diferencial,2026-1,3.44,2,True
8f90e773b407967a31a9343b,Cálculo Diferencial,2026-1,3.29,0,False
90d45967703cc33e75f10598,Cálculo Diferencial,2026-1,,0,False
922c72b5710b4d9def52641b,Cálculo Diferencial,2026-1,2.02,0,False
92858cf8af87f72d30a11f30,Cálculo Diferencial,2026-1,4.73,4,True
932ad2d41b42adc7d2db705e,Cálculo Diferencial,2026-1,3.02,0,False
93a10e91b2cc2e8cbc994b71,Cálculo Diferencial,2026-1,4.0,0,False
93ab537ef175c81520fb2cc1,Cálculo Diferencial,2026-1,1.77,0,False
93e78c3f6f9586b681186061,Cálculo Diferencial,2026-1,1.57,0,False
960114f8668f5d573d458dc8,Cálculo Diferencial,2026-1,3.71,8,True
963caa29a607df4f128d46a3,Cálculo Diferencial,2026-1,3.61,0,False
9696008588f53f870fe8a104,Cálculo Diferencial,2026-1,3.96,0,False
96ab0f94d541ad9d5d16031b,Cálculo Diferencial,2026-1,,0,False
96b5956be0aaa8cdf3dffa26,Cálculo Diferencial,2026-1,3.25,0,False
974ebea015e9c5c9e069953f,Cálculo Diferencial,2026-1,,0,False
97a587823d4de5e431d7695b,Cálculo Diferencial,2026-1,4.37,0,False
97c91f53a321e06145a1f02b,Cálculo Diferencial,2026-1,3.01,0,False
9822beb47c8e0439dc722013,Cálculo Diferencial,2026-1,,0,False
98740740ef8041432db3d4a5,Cálculo Diferencial,2026-1,3.06,0,False
98d68cececff3ffd008dda17,Cálculo Diferencial,2026-1,4.36,2,True
98f4a486d665581c4cc10004,Cálculo Diferencial,2026-1,,0,False
99554368315859aebd22e4b6,Cálculo Diferencial,2026-1,3.96,1,True
99e4ea1551d25b4499f426ac,Cálculo Diferencial,2026-1,,0,False
9a05c69b9f72b6d4f4b47bc7,Cálculo Diferencial,2026-1,4.13,0,False
9a0f9c2b1a0919a9edcfa933,Cálculo Diferencial,2026-1,,0,False
9a5f8810b5dfd03ed0994716,Cálculo Diferencial,2026-1,3.29,4,True
9b8233c9a2c07bdb815a2677,Cálculo Diferencial,2026-1,3.34,0,False
9b9e01dc3a458c8e96217584,Cálculo Diferencial,2026-1,4.0,0,False
9bd2e0abc17ba60c01c10872,Cálculo Diferencial,2026-1,3.95,2,True
9d61b1d572accb201fddbb4f,Cálculo Diferencial,2026-1,3.46,0,False
9d6f456697b10ced67d664d2,Cálculo Diferencial,2026-1,3.24,0,False
9ece0761bfd6acd464cfb41a,Cálculo Diferencial,2026-1,3.93,0,False
9ed368bc721e9f33a772e108,Cálculo Diferencial,2026-1,3.06,2,True
9fbdc65bd6b2eb8bc145403f,Cálculo Diferencial,2026-1,,0,False
a005ed200bc796c546b01ffc,Cálculo Diferencial,2026-1,,0,False
a016bb3bf3c5aaa05838b11e,Cálculo Diferencial,2026-1,,0,False
a036ae65246382b9a0c6a656,Cálculo Diferencial,2026-1,3.43,0,False
a132bc341a03e7d5ea4bb3cc,Cálculo Diferencial,2026-1,3.0,2,True
a22b6a85eea19f3028840004,Cálculo Diferencial,2026-1,3.35,0,False
a260d6bb1d762ac9288bc0f1,Cálculo Diferencial,2026-1,4.56,0,False
a2f912c60b0af63daba7572b,Cálculo Diferencial,2026-1,4.25,1,True
a3bc1f658ba3f2a17f2d67ea,Cálculo Diferencial,2026-1,3.34,8,True
a418c3080f76bc02f8f87223,Cálculo Diferencial,2026-1,,0,False
a5d9d1410f971d51fc8084f8,Cálculo Diferencial,2026-1,3.42,0,False
a6abfe3d3e2d1c135222b685,Cálculo Diferencial,2026-1,3.19,0,False
a71362007d811380f07f050f,Cálculo Diferencial,2026-1,3.76,0,False
a7276e53d90addd6ed217a88,Cálculo Diferencial,2026-1,2.75,0,False
a782972a7061e3917064685f,Cálculo Diferencial,2026-1,3.75,0,False
a7a7dd00bb2504d14ba1f66f,Cálculo Diferencial,2026-1,,0,False
a7c7f9520e2526c23d71258e,Cálculo Diferencial,2026-1,3.22,0,False
a829fa4ae7b0976606457df4,Cálculo Diferencial,2026-1,4.45,4,True
a89aa064a884761be0fe59db,Cálculo Diferencial,2026-1,0.72,0,False
a98f079e6744d42f2b17fcf3,Cálculo Diferencial,2026-1,3.2,2,True
a9b8c09c54f6c450a28978d2,Cálculo Diferencial,2026-1,2.8,0,False
aa3d0f6c1e5eaf0e1f6b71fc,Cálculo Diferencial,2026-1,3.08,2,True
ab22864310af4f347f3d0391,Cálculo Diferencial,2026-1,,0,False
ab7bf148dd11257b4e6337d4,Cálculo Diferencial,2026-1,3.0,1,True
ac97c58d231b241dbe2fe6b8,Cálculo Diferencial,2026-1,3.07,4,True
acd092e7a054e450eeffc019,Cálculo Diferencial,2026-1,,1,True
ada69fb1659e706b26da9a95,Cálculo Diferencial,2026-1,4.76,14,True
ae57c6d8603d34b3df51120b,Cálculo Diferencial,2026-1,3.87,1,True
aefcad09c969548e5cbd0dc6,Cálculo Diferencial,2026-1,3.07,0,False
af4a44ecda63e2f874166230,Cálculo Diferencial,2026-1,2.57,0,False
b01206ecb96728d23b52fdf3,Cálculo Diferencial,2026-1,,0,False
b03fdd0a1d750f15bb57edb8,Cálculo Diferencial,2026-1,4.32,0,False
b0749a87489b16ba80364635,Cálculo Diferencial,2026-1,3.99,1,True
b0cbb6f3de7b9d8277bf024d,Cálculo Diferencial,2026-1,,0,False
b299ac87bc6d028b43e9c04e,Cálculo Diferencial,2026-1,1.68,0,False
b2b18986a1826d1df10e8301,Cálculo Diferencial,2026-1,3.67,0,False
b329e841e9c63609346522d9,Cálculo Diferencial,2026-1,3.8,0,False
b3be86410800155c244b432c,Cálculo Diferencial,2026-1,,1,True
b3d0bb43e288e7fad59941ec,Cálculo Diferencial,2026-1,,0,False
b40d9383d251f31c320db8ea,Cálculo Diferencial,2026-1,3.37,0,False
b52c35abf9b06c9f4f1e87f6,Cálculo Diferencial,2026-1,4.01,1,True
b56cb31ec6b902702a6320b6,Cálculo Diferencial,2026-1,,0,False
b5e5c015d25e11ee96c1884c,Cálculo Diferencial,2026-1,,0,False
b6a9aebcbf5c6026d9e60d2a,Cálculo Diferencial,2026-1,3.93,4,True
b7f953113cbba0bb21ae2eba,Cálculo Diferencial,2026-1,4.82,0,False
b88d1254350c78bb8a26c2e1,Cálculo Diferencial,2026-1,,0,False
b97c651e06f918c8394495e0,Cálculo Diferencial,2026-1,,0,False
b9f89bd27f65f591131e67db,Cálculo Diferencial,2026-1,,0,False
ba1096df98936d5914087130,Cálculo Diferencial,2026-1,3.65,0,False
bb2de516c1b9e5c703d15697,Cálculo Diferencial,2026-1,4.14,0,False
bc625a3d12c5d3d43f9842b3,Cálculo Diferencial,2026-1,4.64,0,False
bcb0bed23a1f6b18203fbc81,Cálculo Diferencial,2026-1,3.69,0,False
bce750ae8204fb92a5563e28,Cálculo Diferencial,2026-1,2.98,0,False
bdb4ea3c9453a3092d6bb16f,Cálculo Diferencial,2026-1,1.93,5,True
be9d34471597a9d59a196f12,Cálculo Diferencial,2026-1,3.37,1,True
c03717bc271de5139afe3872,Cálculo Diferencial,2026-1,,0,False
c0a11da5ec115700b340ade1,Cálculo Diferencial,2026-1,3.05,1,True
c10e0131342d70e904e67d42,Cálculo Diferencial,2026-1,,0,False
c11b80f176b1e93f6437fd3d,Cálculo Diferencial,2026-1,,0,False
c149e8af7f3953a2190178cb,Cálculo Diferencial,2026-1,,0,False
c1b61c0beaf1a13f7ca53d0c,Cálculo Diferencial,2026-1,3.43,0,False
c26965529bd140d15b400f40,Cálculo Diferencial,2026-1,,0,False
c34fb98e2620b05e0bed6c59,Cálculo Diferencial,2026-1,3.41,1,True
c4b6ffabb6608a15a0129586,Cálculo Diferencial,2026-1,2.39,0,False
c52b4856389ef3554a5f0903,Cálculo Diferencial,2026-1,,0,False
c5bba80f87b41fd6790c98b6,Cálculo Diferencial,2026-1,3.99,0,False
c65cc5f6e76732a98dd80f3f,Cálculo Diferencial,2026-1,3.0,0,False
c6f23c29ed5ac193dfdd87ea,Cálculo Diferencial,2026-1,,1,True
c71e8f9dc724dd6020110a43,Cálculo Diferencial,2026-1,3.1,1,True
c727b136278196a74b7d7f03,Cálculo Diferencial,2026-1,,0,False
c7681c5e313b3e17fb4cf833,Cálculo Diferencial,2026-1,3.49,0,False
c777c39341c51e7f84b1c9dd,Cálculo Diferencial,2026-1,3.03,1,True
c8e4678e6b3cffb2ae83e48b,Cálculo Diferencial,2026-1,3.0,0,False
ca1cde21a916a95a251e91a2,Cálculo Diferencial,2026-1,3.94,0,False
ca5077adb5510c01d3b6973b,Cálculo Diferencial,2026-1,3.63,0,False
cc20b76a09cc8223011c12c1,Cálculo Diferencial,2026-1,,0,False
cdb7e2adee37b00c67c8bce1,Cálculo Diferencial,2026-1,4.3,2,True
cde8dad15d0c000ca5b272a2,Cálculo Diferencial,2026-1,3.78,0,False
ce818fb070bc20de3d521545,Cálculo Diferencial,2026-1,3.05,0,False
cf08c6199454fbee84a9b8ad,Cálculo Diferencial,2026-1,4.05,3,True
cf6c7ccc89a83bca851abb07,Cálculo Diferencial,2026-1,,0,False
d020531e17f34a7a71f7e47e,Cálculo Diferencial,2026-1,,1,True
d088182d622b735bd78674f2,Cálculo Diferencial,2026-1,3.31,0,False
d1ae9aa0b65291a42954303c,Cálculo Diferencial,2026-1,0.83,0,False
d1d949c957214ec47c8f238e,Cálculo Diferencial,2026-1,,0,False
d1e5c99412e0d9fb22654d44,Cálculo Diferencial,2026-1,3.8,0,False
d22ce701f1aeb6d87aee1137,Cálculo Diferencial,2026-1,3.44,2,True
d2723da02d89d868fc461d19,Cálculo Diferencial,2026-1,4.17,2,True
d382ca31aac753dbaa4a1b79,Cálculo Diferencial,2026-1,4.02,1,True
d59332c6c44cbaa8a6f8b446,Cálculo Diferencial,2026-1,1.37,1,True
d687ace247fec15e4f7f8639,Cálculo Diferencial,2026-1,3.54,1,True
d81c96c20f2df3e1218fd665,Cálculo Diferencial,2026-1,3.13,0,False
d83d43c4cfb5e058232aa9af,Cálculo Diferencial,2026-1,3.22,0,False
d8afbcb53c9b20850208e9b2,Cálculo Diferencial,2026-1,,0,False
d9f4e5bc90d2d58d6bd0c8b4,Cálculo Diferencial,2026-1,3.89,0,False
da2b1a70a04281760874f05a,Cálculo Diferencial,2026-1,4.02,6,True
da69262b7716f3e819d50c9b,Cálculo Diferencial,2026-1,,0,False
db2ce7283c35891e4841041e,Cálculo Diferencial,2026-1,0.0,0,False
db99b71dbfba318f4bf582a5,Cálculo Diferencial,2026-1,3.1,2,True
dc22c16743496bcdc005ea17,Cálculo Diferencial,2026-1,4.91,0,False
dc5c671aec36904603d80e04,Cálculo Diferencial,2026-1,4.14,0,False
dd32ca246adb47bfa0af4fbf,Cálculo Diferencial,2026-1,,0,False
ddb0ec625c79d0ecd8f47d95,Cálculo Diferencial,2026-1,3.21,0,False
de54e52508b21e271849c08a,Cálculo Diferencial,2026-1,3.4,0,False
de5cf856d6bd145ad7e12220,Cálculo Diferencial,2026-1,,0,False
e023810c906946c4e6090305,Cálculo Diferencial,2026-1,3.76,1,True
e02ea78e6b5cc76b22afaca1,Cálculo Diferencial,2026-1,3.79,0,False
e0bae91a26860083476df8ed,Cálculo Diferencial,2026-1,2.8,0,False
e0c72d00486852f1b5c31848,Cálculo Diferencial,2026-1,,0,False
e0c796bf0d9ca98dbab2b47a,Cálculo Diferencial,2026-1,3.3,0,False
e18211508ddc6c9a52575e4a,Cálculo Diferencial,2026-1,3.29,0,False
e2f696cbb0acc700c03ec02c,Cálculo Diferencial,2026-1,3.84,0,False
e3f912211ba546debd1b9777,Cálculo Diferencial,2026-1,3.02,5,True
e3f91906b7784a6bf710548c,Cálculo Diferencial,2026-1,2.5,1,True
e434e3be1f42324c1fe15139,Cálculo Diferencial,2026-1,,0,False
e49e6337807583dd25415d3f,Cálculo Diferencial,2026-1,,1,True
e4c4cdb3d004afec63ede085,Cálculo Diferencial,2026-1,2.45,1,True
e7696ad9176f0d9c46706482,Cálculo Diferencial,2026-1,,0,False
e8b0350fba2447fda357154f,Cálculo Diferencial,2026-1,,2,True
e9652fb80f9cd50aaf97f2be,Cálculo Diferencial,2026-1,2.52,0,False
eaaef67c9816e46df372f9e1,Cálculo Diferencial,2026-1,3.05,0,False
eb0bd022d6baf7bb426ff005,Cálculo Diferencial,2026-1,,0,False
eb51a0d375b386c9bf8c24c5,Cálculo Diferencial,2026-1,3.01,0,False
ec6ac6abbecf694c3dcf40d8,Cálculo Diferencial,2026-1,,0,False
ec72e6defbe01252afa76116,Cálculo Diferencial,2026-1,3.7,0,False
ecead2e73070d3515630510a,Cálculo Diferencial,2026-1,,0,False
ed2d8840e56422725c3ac63f,Cálculo Diferencial,2026-1,,0,False
edfd2dec03e08d23af439e33,Cálculo Diferencial,2026-1,,0,False
eec5683623b432f4e965751c,Cálculo Diferencial,2026-1,3.04,0,False
eef48ced6cddec48836ad215,Cálculo Diferencial,2026-1,,1,True
ef0bf3eea6656a05208180db,Cálculo Diferencial,2026-1,0.58,0,False
f206bf8aa26fbb2849ba4118,Cálculo Diferencial,2026-1,4.04,0,False
f2cb6819e0b4572da67f88cb,Cálculo Diferencial,2026-1,2.5,0,False
f3b9c231e5bfdd3c7e4e125f,Cálculo Diferencial,2026-1,3.51,1,True
f4058c280ac1cc1712e696ad,Cálculo Diferencial,2026-1,,1,True
f5f4651f98f806ebc45ebed6,Cálculo Diferencial,2026-1,4.34,0,False
f63a4c8007a6827e116a4949,Cálculo Diferencial,2026-1,,0,False
f65965b433b04f5025cc79e3,Cálculo Diferencial,2026-1,3.02,0,False
f6d5f6b5ca4ed38fa002a6b2,Cálculo Diferencial,2026-1,1.58,0,False
f7259f02c8aff333cb31588c,Cálculo Diferencial,2026-1,3.0,0,False
f778d726a876bc437f4c384f,Cálculo Diferencial,2026-1,,0,False
f8ab7392c22c216cba640be9,Cálculo Diferencial,2026-1,0.0,0,False
f93e2293b8fcc1a70b1505bd,Cálculo Diferencial,2026-1,3.04,4,True
f99f72be266227f759391e82,Cálculo Diferencial,2026-1,,0,False
fa40ed85bc50f3453f0ec3ba,Cálculo Diferencial,2026-1,3.0,0,False
fa74fb549b37981f6641eb76,Cálculo Diferencial,2026-1,2.22,0,False
fa8cc27ddc33472e5720bfe1,Cálculo Diferencial,2026-1,3.78,1,True
fabc42a79303b2159b8de02d,Cálculo Diferencial,2026-1,,0,False
fb604f4b0fe3f4a4b1097ae3,Cálculo Diferencial,2026-1,4.78,0,False
fbb09ef9f9921835743810cb,Cálculo Diferencial,2026-1,,3,True
fc8e2aacdb0f2f04dff87b6c,Cálculo Diferencial,2026-1,3.41,0,False
fd40cfda2ec7623d8125f0a5,Cálculo Diferencial,2026-1,,2,True
fdfe082e8310ad63360ddc48,Cálculo Diferencial,2026-1,,0,False
ff6ec1ec62e2dc3927b52095,Cálculo Diferencial,2026-1,3.6,0,False
ffe16fab237bae910eb48d0a,Cálculo Diferencial,2026-1,0.67,0,False
fffdefdd96d89e44aecb5f2b,Cálculo Diferencial,2026-1,,0,False
01c00cf8e4ca011bb5fd33a8,Cálculo Integral,2026-1,3.63,1,True
021c8ee196052cbdf6918d8d,Cálculo Integral,2026-1,3.93,0,False
0723f214d766586de4e1ff5c,Cálculo Integral,2026-1,3.69,3,True
07bc50e6c2a3c6d17336c74c,Cálculo Integral,2026-1,3.01,20,True
08e12cc72f923f9e9d080301,Cálculo Integral,2026-1,,3,True
0902e858993ef33d4f2e2412,Cálculo Integral,2026-1,,0,False
098144f597221d497467c536,Cálculo Integral,2026-1,,0,False
0a59d077ceb0f8d9829901bd,Cálculo Integral,2026-1,3.0,14,True
0ce5ce20fa95efc8135c0857,Cálculo Integral,2026-1,3.0,0,False
0ea0de138392f7ff7954747c,Cálculo Integral,2026-1,,0,False
10a76c7697c3a428944e6add,Cálculo Integral,2026-1,3.12,3,True
10d6ac6b73b5d85ab0bc69ff,Cálculo Integral,2026-1,,0,False
11d909c70aa7a679276e3477,Cálculo Integral,2026-1,3.13,1,True
126a805c493f1df767c7f760,Cálculo Integral,2026-1,,0,False
16b083be5add4d3de3035674,Cálculo Integral,2026-1,3.03,0,False
178b0e71cc7c588c59f4520e,Cálculo Integral,2026-1,,1,True
17ec940cc5519508bcea2dd3,Cálculo Integral,2026-1,3.02,0,False
18c92509f3e81ed0c28ca0c4,Cálculo Integral,2026-1,4.4,1,True
18f497d293e021301b011a59,Cálculo Integral,2026-1,,0,False
1988c5c56ec10f2b0e74ea8c,Cálculo Integral,2026-1,1.1,0,False
19e31d0851a0941290883d4d,Cálculo Integral,2026-1,3.46,12,True
1b2032526e9aac7cc829c4b4,Cálculo Integral,2026-1,2.31,5,True
1cdd1f784980254d9f07c2dd,Cálculo Integral,2026-1,3.54,2,True
20d7bc123f976a8ac4c64453,Cálculo Integral,2026-1,3.09,0,False
2179eee37a6abd83c87a495e,Cálculo Integral,2026-1,3.04,2,True
229c2f30234a7d40cf9bfed2,Cálculo Integral,2026-1,3.52,2,True
23e8ce2b7966bbf953cd9596,Cálculo Integral,2026-1,2.79,0,False
25785137300f10f9cd9bc5d2,Cálculo Integral,2026-1,3.14,1,True
2737adb8f4df5a99743b64a1,Cálculo Integral,2026-1,3.1,0,False
2a3276256e0e66393d9d50de,Cálculo Integral,2026-1,2.35,0,False
2d24e2782eaa4f61c11280d3,Cálculo Integral,2026-1,3.07,0,False
2d43a27c87ddba8ca6e5239f,Cálculo Integral,2026-1,4.16,2,True
2d8e08d0487f9e5e73cc6bf9,Cálculo Integral,2026-1,2.66,0,False
2de6ee3dae2b9b5106117bab,Cálculo Integral,2026-1,3.08,0,False
31b47f11a3122e9dcf39d8f8,Cálculo Integral,2026-1,3.41,0,False
322f9e6abeaf147c3e60272c,Cálculo Integral,2026-1,2.22,0,False
33de94a8e689cdf81f832b8e,Cálculo Integral,2026-1,,0,False
33deb7ed2e5721f4acdbdb37,Cálculo Integral,2026-1,3.02,0,False
3464d41070d965ad1bd8e00e,Cálculo Integral,2026-1,4.45,0,False
360e196a179b88fb61b745e0,Cálculo Integral,2026-1,2.59,0,False
37d68429464bdc5f79af3e88,Cálculo Integral,2026-1,,0,False
3982b089aa79e2817aa98242,Cálculo Integral,2026-1,3.07,0,False
3b71caa3a75e82166e2ce666,Cálculo Integral,2026-1,1.2,0,False
3c166815ad3da84dc12691f8,Cálculo Integral,2026-1,3.01,2,True
3ca2d33e13e8277526b66a4e,Cálculo Integral,2026-1,,0,False
3cb2cc6598cf6ad58b24121e,Cálculo Integral,2026-1,,0,False
3eb19667ff53eb503a5a5d97,Cálculo Integral,2026-1,,0,False
3f9127fbcc8649f5e5e559d6,Cálculo Integral,2026-1,3.04,0,False
44e7602cebda45eecbf41f17,Cálculo Integral,2026-1,,0,False
4624fab6f7ce832786e2b590,Cálculo Integral,2026-1,3.27,2,True
4722d4c5e09447d3a6e903b2,Cálculo Integral,2026-1,,0,False
4734097de43f86bfed1aaefd,Cálculo Integral,2026-1,,0,False
47be8a6c8ef3e04343bf9307,Cálculo Integral,2026-1,,0,False
47c4fe768f836b7237d0b4d4,Cálculo Integral,2026-1,3.45,2,True
47ef0e890a270c76039be03a,Cálculo Integral,2026-1,3.22,0,False
4a274bfb6e34a937cee6e6f6,Cálculo Integral,2026-1,3.64,0,False
4ad4be3d2df386d9006a890a,Cálculo Integral,2026-1,3.69,3,True
4af2638a0ffd2759810af6b7,Cálculo Integral,2026-1,,0,False
4ca3282889c39495f399104d,Cálculo Integral,2026-1,,0,False
4d324ffe506c15efa15de348,Cálculo Integral,2026-1,2.77,1,True
4e2d84d2012d30ed6ee33b2a,Cálculo Integral,2026-1,2.08,0,False
514b8cc9ae9b859db7bff512,Cálculo Integral,2026-1,3.62,0,False
519e15889180b88fe73e7078,Cálculo Integral,2026-1,3.59,2,True
52db9d338150e27b4295e2a7,Cálculo Integral,2026-1,,0,False
56f39647fb7b32902a1723c2,Cálculo Integral,2026-1,,0,False
5711e58e7c8f0db5c1232abe,Cálculo Integral,2026-1,2.24,0,False
57db98ab11ebada3f952e249,Cálculo Integral,2026-1,3.04,0,False
5873fbf9e0b30211e5c5c483,Cálculo Integral,2026-1,4.0,0,False
59e36b4ebde2e28077a82b0f,Cálculo Integral,2026-1,2.67,0,False
5a87794d7a6d085bd2367b8f,Cálculo Integral,2026-1,3.02,1,True
5bdbab7988a29236d84ab3eb,Cálculo Integral,2026-1,4.24,0,False
5be64427fd515ae8dc638ad5,Cálculo Integral,2026-1,2.65,0,False
5c76332744e45a8ae00e436b,Cálculo Integral,2026-1,1.74,0,False
5d4dce93ad983ccee94ca9bc,Cálculo Integral,2026-1,2.63,0,False
5dd35517f9f0b0046f57c69d,Cálculo Integral,2026-1,,0,False
5ed0374ef37bd19d08e722fc,Cálculo Integral,2026-1,,2,True
5f1369f7e1a982a649976f5e,Cálculo Integral,2026-1,,0,False
60201d6c936a016e4d951d35,Cálculo Integral,2026-1,2.82,2,True
62c06ce025be17373f201f91,Cálculo Integral,2026-1,,0,False
64c2168569b3dcba70d72efe,Cálculo Integral,2026-1,3.02,3,True
65cab7ae08171e8696279ea9,Cálculo Integral,2026-1,3.47,0,False
66218c901ce8602df70fed37,Cálculo Integral,2026-1,2.09,1,True
668f04d141a64aa8de9fa1f5,Cálculo Integral,2026-1,3.57,0,False
66bcd71f5e105aae89e0fe25,Cálculo Integral,2026-1,3.34,3,True
6707592cd76df754070dfb7f,Cálculo Integral,2026-1,4.51,0,False
68c51c73095347add3518317,Cálculo Integral,2026-1,3.02,3,True
6bf818cf7756e1e2a85cc226,Cálculo Integral,2026-1,,0,False
6c41a834a1d794970fa7f26e,Cálculo Integral,2026-1,3.0,0,False
6cdff45e9d66d79cd0bec150,Cálculo Integral,2026-1,3.88,0,False
6da927a715dc6345981af9ed,Cálculo Integral,2026-1,3.04,0,False
6db91f2f83c41b72ad093853,Cálculo Integral,2026-1,4.44,1,True
6e221fd399c66d2d8d7d8ea9,Cálculo Integral,2026-1,3.36,0,False
6f41b5761dd32ad7fd3aa56b,Cálculo Integral,2026-1,3.39,0,False
71c07eea83bc8d7aacd26653,Cálculo Integral,2026-1,0.12,0,False
7216adaed12532972152a339,Cálculo Integral,2026-1,,0,False
731bfbc6af2964a33bad077f,Cálculo Integral,2026-1,4.34,11,True
75abbb6ef93ae9156024c86c,Cálculo Integral,2026-1,,0,False
774afd4c2c08a3daaa174617,Cálculo Integral,2026-1,3.01,1,True
77689a19837293d3befa7fcf,Cálculo Integral,2026-1,3.36,0,False
789152b0f5fdbafb093b87bf,Cálculo Integral,2026-1,2.76,1,True
79ab8838cbd3fd3bef529b24,Cálculo Integral,2026-1,3.71,4,True
7c626cf71303723883c09eea,Cálculo Integral,2026-1,,0,False
7eaf289b4194e4b2b439f733,Cálculo Integral,2026-1,2.55,0,False
80814f184c4f10df290cba0b,Cálculo Integral,2026-1,3.53,1,True
82ab49faba7ca2fa0adc4f74,Cálculo Integral,2026-1,,0,False
83d372ce918381b6ae713d0f,Cálculo Integral,2026-1,3.04,0,False
8457a968845f7fd25b5bfab1,Cálculo Integral,2026-1,2.36,0,False
86a42478b8df4a0007767646,Cálculo Integral,2026-1,3.01,1,True
87274e954e0b6efce2dfa647,Cálculo Integral,2026-1,,0,False
89760db125f9104938f3ee01,Cálculo Integral,2026-1,3.04,0,False
89807235d7153be87a307bde,Cálculo Integral,2026-1,3.01,3,True
8b4d4640be91a9928e4ac58b,Cálculo Integral,2026-1,,0,False
8c35c0c4e98c7d7a63e24e60,Cálculo Integral,2026-1,3.62,3,True
8e2d9d995cdadee827e62e8f,Cálculo Integral,2026-1,3.42,0,False
8fdea87930b6102ffd064c90,Cálculo Integral,2026-1,,4,True
90a70c02f40e5b0c217f1d5c,Cálculo Integral,2026-1,,0,False
98746afd806061cb663bf2c6,Cálculo Integral,2026-1,4.08,1,True
9c41e63bf2d25286da169bbb,Cálculo Integral,2026-1,3.35,13,True
9c7205aa5f368e242b14d282,Cálculo Integral,2026-1,,0,False
9d03981c6de33ca7b45c78ed,Cálculo Integral,2026-1,2.06,0,False
9db02f7129b5b7a73619b775,Cálculo Integral,2026-1,3.56,0,False
9e3ab3ba2a4bcc8ba98f2360,Cálculo Integral,2026-1,3.08,0,False
a06306849191ae3f5391c8c7,Cálculo Integral,2026-1,,0,False
a0c71dcbbfccec6528805530,Cálculo Integral,2026-1,3.59,0,False
a0d7463164d4beacfb4efb4b,Cálculo Integral,2026-1,4.54,0,False
a175876966694c7769747324,Cálculo Integral,2026-1,,0,False
a980ba012134a96d6f4ba619,Cálculo Integral,2026-1,,0,False
aa6863bc91917af4148a9f62,Cálculo Integral,2026-1,3.25,0,False
aa69518f767e02c4efc5b96d,Cálculo Integral,2026-1,3.32,1,True
ac42e77abbb0953fe5b366ea,Cálculo Integral,2026-1,2.63,0,False
af08da599bb9ba2232492b9e,Cálculo Integral,2026-1,2.5,0,False
b1f0838df365280ac911f195,Cálculo Integral,2026-1,3.06,1,True
b6c9a1883a20293abc85917b,Cálculo Integral,2026-1,,0,False
b80b3d1a8b576bb690808d6a,Cálculo Integral,2026-1,3.38,1,True
b81608e54d46841743e21a79,Cálculo Integral,2026-1,3.85,0,False
b91434fd61fd06d2344df54b,Cálculo Integral,2026-1,4.09,1,True
bc307cae60b9382298f613d2,Cálculo Integral,2026-1,3.42,0,False
bcf64b213cb95e4802b9190a,Cálculo Integral,2026-1,,1,True
bd03118da9b3b0627edca4d9,Cálculo Integral,2026-1,,0,False
be2154aec8b08c610c150cb5,Cálculo Integral,2026-1,,0,False
bfcad68189c6f26dbaa494dd,Cálculo Integral,2026-1,3.33,2,True
c0feba7d3fb56895b09f5efc,Cálculo Integral,2026-1,2.58,0,False
c152357e8ef4d905d47e6d44,Cálculo Integral,2026-1,3.34,0,False
c1f0d40a7e9e49503911a23d,Cálculo Integral,2026-1,3.02,0,False
c2f22f40da58853e1d827ba5,Cálculo Integral,2026-1,3.25,0,False
c52b472914b5a5669e89519f,Cálculo Integral,2026-1,3.22,0,False
c6e1de7f27d490a04deedeab,Cálculo Integral,2026-1,,0,False
c7508a583ad2bcf75d9c5020,Cálculo Integral,2026-1,,0,False
c772b90129952c5de7dcc7b5,Cálculo Integral,2026-1,5.0,0,False
c85d77736316265ff421539a,Cálculo Integral,2026-1,2.79,0,False
c9a2377e405a30172114e33e,Cálculo Integral,2026-1,,0,False
cb01b297427e41ef3ce42ce6,Cálculo Integral,2026-1,3.28,13,True
cfad5e967280e509cef5836c,Cálculo Integral,2026-1,3.18,0,False
d087e9387bb0a76e25a6aff9,Cálculo Integral,2026-1,3.78,2,True
d41084b6e85361a5718d3d94,Cálculo Integral,2026-1,2.48,0,False
d67e373790775f5c4ab9223c,Cálculo Integral,2026-1,,0,False
d6be489afb4d2033d5cbc94a,Cálculo Integral,2026-1,3.09,0,False
dba44b99ab48776f7dcdbda9,Cálculo Integral,2026-1,3.03,0,False
dc237f7f606989ad8290ecb0,Cálculo Integral,2026-1,3.01,0,False
dd2b427df2b35b784ef227e2,Cálculo Integral,2026-1,3.0,0,False
de292984b27c83a9cdf4149f,Cálculo Integral,2026-1,4.02,2,True
de5c42cdece0cdd7504db164,Cálculo Integral,2026-1,3.49,4,True
e008df841601a5521911ac38,Cálculo Integral,2026-1,,1,True
e10e17d899678aabf4c2e375,Cálculo Integral,2026-1,3.06,0,False
e17febca2dc71a3d8c365c0d,Cálculo Integral,2026-1,3.07,0,False
e36ceb33608a8404c202e1c7,Cálculo Integral,2026-1,,0,False
e426f82dec6a33fbd91abbff,Cálculo Integral,2026-1,,0,False
e51454541b1d3e1b5824e8cb,Cálculo Integral,2026-1,,0,False
e62f2728cfbf6272aeaab773,Cálculo Integral,2026-1,,0,False
e7365a81280e29124d081302,Cálculo Integral,2026-1,,0,False
e75525e3fdd63a16452b1b74,Cálculo Integral,2026-1,3.23,20,True
e7b594adb9c2ed10463b09b2,Cálculo Integral,2026-1,1.95,6,True
e7fbe4a7d2b14984083047a6,Cálculo Integral,2026-1,,0,False
e85f73212a160de10027ec0a,Cálculo Integral,2026-1,3.22,2,True
ea780b4519ec66db1077300b,Cálculo Integral,2026-1,3.16,0,False
eb02439be79dc0208343e3b4,Cálculo Integral,2026-1,3.73,24,True
eb4ee6cd46a610464fe463ab,Cálculo Integral,2026-1,4.01,0,False
ec90321859e8781a87507723,Cálculo Integral,2026-1,3.02,0,False
ee4acfc8e79f1a5d1d4007a9,Cálculo Integral,2026-1,4.21,3,True
f0f920f4d7f8f9645870d77d,Cálculo Integral,2026-1,1.2,0,False
f5c6a8066f496291fd751a6a,Cálculo Integral,2026-1,3.0,4,True
f5fb452b7eb89c56c280e2aa,Cálculo Integral,2026-1,0.0,0,False
f61561873cfd14de462746b1,Cálculo Integral,2026-1,3.49,0,False
f697d0bdc41785a32d5e25b8,Cálculo Integral,2026-1,3.52,0,False
f9caf34d9040586137b51656,Cálculo Integral,2026-1,3.74,0,False
fdb8835b0456a4a32a501de1,Cálculo Integral,2026-1,3.7,0,False
ffa1e6f2779b34aeb8c2f9cc,Cálculo Integral,2026-1,3.04,0,False
02607c2c2b3880b1514e3e1e,Cálculo Vectorial,2026-1,,0,False
036f359aca32c6e5a2ab055d,Cálculo Vectorial,2026-1,,0,False
063f03dc26f226a8166f03bf,Cálculo Vectorial,2026-1,3.5,0,False
071038cb1c1f4797fa6e8f31,Cálculo Vectorial,2026-1,3.01,0,False
0818d46b0a8721acdc116023,Cálculo Vectorial,2026-1,3.34,0,False
0ad747074c23144800b6eab5,Cálculo Vectorial,2026-1,3.0,0,False
0b6e88ced116b906b2776ef0,Cálculo Vectorial,2026-1,3.45,0,False
0f3cef0919af1d285b338209,Cálculo Vectorial,2026-1,3.45,1,True
0fa8bb63575a20e6d1a7a9bb,Cálculo Vectorial,2026-1,3.28,1,True
16562b56182308c9ade25ab6,Cálculo Vectorial,2026-1,3.5,0,False
1a9f97790fe32753b98cdd8d,Cálculo Vectorial,2026-1,4.04,0,False
1b777e8bf2a4f8c1059ce5cc,Cálculo Vectorial,2026-1,3.35,2,True
1fb6aa4b6bd614420370261e,Cálculo Vectorial,2026-1,,0,False
209e13a531b206343d116a77,Cálculo Vectorial,2026-1,3.01,1,True
2913ae2dbdef9111dfb37f16,Cálculo Vectorial,2026-1,,1,True
2bec01ea465f41fded84191a,Cálculo Vectorial,2026-1,2.37,0,False
31e7a7961b4e192edbd0b697,Cálculo Vectorial,2026-1,3.01,0,False
322569f37eff0d2257669e1e,Cálculo Vectorial,2026-1,3.0,0,False
3302517b83091fd0a6bdc6e8,Cálculo Vectorial,2026-1,4.55,0,False
357f5c8b695477f979ed6378,Cálculo Vectorial,2026-1,2.91,1,True
3617d13b4afe88c9cfa46f24,Cálculo Vectorial,2026-1,3.31,0,False
39b4194bc392b5d4abee763c,Cálculo Vectorial,2026-1,,0,False
3c64eb137925b4a2e7d9c3a9,Cálculo Vectorial,2026-1,2.44,0,False
3d33f32ab21ab63878c4cbcb,Cálculo Vectorial,2026-1,,0,False
472e7275b01a59bb83f93531,Cálculo Vectorial,2026-1,,0,False
4d14afb34e5c4f2e661b8a9e,Cálculo Vectorial,2026-1,3.13,0,False
4d4497320238970681bce0bf,Cálculo Vectorial,2026-1,3.68,0,False
4de34d2f1503bd2fcda5abf9,Cálculo Vectorial,2026-1,4.35,1,True
4e5c8bebbbcd5025caa47ef8,Cálculo Vectorial,2026-1,,0,False
4ea477ecf28501232606684b,Cálculo Vectorial,2026-1,3.11,0,False
50b94b3050a58de29189cc01,Cálculo Vectorial,2026-1,3.31,0,False
512e3ba2f3d4632e8ded60ba,Cálculo Vectorial,2026-1,2.58,0,False
54e55166340c06c2e4412702,Cálculo Vectorial,2026-1,2.68,0,False
56e7fdba67dd178ae9974b7f,Cálculo Vectorial,2026-1,,1,True
59cec217129b8c54fa2638b5,Cálculo Vectorial,2026-1,3.81,1,True
5b67ff4f64525ec9bdb31623,Cálculo Vectorial,2026-1,3.27,0,False
5bf5bc7869a8b92642cb18e2,Cálculo Vectorial,2026-1,,0,False
5e1c42493d3dcb620b337899,Cálculo Vectorial,2026-1,2.8,0,False
5ea73bfa5723c2a4b83ef286,Cálculo Vectorial,2026-1,,0,False
60c23933d5c079da588c65fe,Cálculo Vectorial,2026-1,3.17,0,False
6394d84ee2127343b90a88d9,Cálculo Vectorial,2026-1,,0,False
67ec658bb23674d7ffb307ef,Cálculo Vectorial,2026-1,,0,False
67efe791d1f6b2f79ee18115,Cálculo Vectorial,2026-1,4.1,0,False
69abdadd516bc6f47125bd55,Cálculo Vectorial,2026-1,,1,True
6b6b5e4076b0248a338203bb,Cálculo Vectorial,2026-1,3.01,0,False
6eb08365766c638fcb6b6429,Cálculo Vectorial,2026-1,3.14,1,True
6f84aef9e43e07f6a6617f55,Cálculo Vectorial,2026-1,3.46,0,False
71cd0762fc998ad9e4f4a043,Cálculo Vectorial,2026-1,3.01,1,True
733f1647be2a8d4383fb43e2,Cálculo Vectorial,2026-1,3.67,0,False
7384b2857aed69607e8b70b0,Cálculo Vectorial,2026-1,3.83,0,False
73e9d9af4e58a8fe1659aa7a,Cálculo Vectorial,2026-1,2.76,0,False
742abebc197950505786eaf0,Cálculo Vectorial,2026-1,3.15,1,True
747b5449b7f7a247489297ab,Cálculo Vectorial,2026-1,3.04,0,False
756f8b391056d3f31e707f41,Cálculo Vectorial,2026-1,,0,False
7725960c60fb8dce62bd5f9a,Cálculo Vectorial,2026-1,3.0,0,False
7836686d4df0cf496af12108,Cálculo Vectorial,2026-1,,0,False
789744c6d7eb6556a0240600,Cálculo Vectorial,2026-1,3.73,0,False
7a08158fefce8b170c0cac63,Cálculo Vectorial,2026-1,,0,False
7ba5c0117cf58a6d9bed8cf9,Cálculo Vectorial,2026-1,,0,False
7c9dba2a0d5f1a25783e5ff6,Cálculo Vectorial,2026-1,3.22,0,False
82872b47ee53a0a134532a2f,Cálculo Vectorial,2026-1,3.54,0,False
82c0b6efc50d4d6bcd498ff2,Cálculo Vectorial,2026-1,,1,True
836ce7955d0458f2312af2f5,Cálculo Vectorial,2026-1,3.91,0,False
87ead6a073f20a81ed854778,Cálculo Vectorial,2026-1,3.16,1,True
8cb3920f11971075b3cc3a01,Cálculo Vectorial,2026-1,3.0,0,False
8d62a9c46e294bbb9be8ff7b,Cálculo Vectorial,2026-1,3.03,0,False
8eed88c49eb1388ebb3de1b8,Cálculo Vectorial,2026-1,2.63,2,True
91a37b5b02963c8f8e76f65c,Cálculo Vectorial,2026-1,,0,False
9383cb926e9680bbcdf3eefe,Cálculo Vectorial,2026-1,,0,False
95afa17099db2dea2efabe11,Cálculo Vectorial,2026-1,,0,False
9639c6953c5bfdf302c9d180,Cálculo Vectorial,2026-1,,1,True
964968021c31687ad160c8eb,Cálculo Vectorial,2026-1,3.03,0,False
9757ce689773f17563d3d49e,Cálculo Vectorial,2026-1,3.44,0,False
984dd6fd9e35e8eefdc0be78,Cálculo Vectorial,2026-1,,0,False
9a0da6e1126c924e5a57bd39,Cálculo Vectorial,2026-1,2.6,0,False
9a6a5c0d4a115afedb51fe07,Cálculo Vectorial,2026-1,,0,False
9b5138f56f77be24949d919d,Cálculo Vectorial,2026-1,3.17,0,False
9c49d43546d638385ca0505a,Cálculo Vectorial,2026-1,3.79,1,True
9ec685ab1a2483600041c385,Cálculo Vectorial,2026-1,2.06,0,False
a3185f164c4fdad15372de30,Cálculo Vectorial,2026-1,3.61,0,False
a3cd9a06c77c8e0eadfbf5d5,Cálculo Vectorial,2026-1,2.17,1,True
a5fbd73a03919c94ece453e5,Cálculo Vectorial,2026-1,,0,False
a6ebc7ae4b5d220d5deefe7e,Cálculo Vectorial,2026-1,3.54,0,False
aa4b62aefa97cddf9f6dfeb9,Cálculo Vectorial,2026-1,3.1,0,False
aa8f8babfe9227aa4f57291a,Cálculo Vectorial,2026-1,1.75,0,False
ab5eb6ba3bb9567008aaad5b,Cálculo Vectorial,2026-1,3.38,0,False
ac24275cf4a4210620594fd8,Cálculo Vectorial,2026-1,3.01,0,False
acbc2775c06426843837651f,Cálculo Vectorial,2026-1,3.46,0,False
ae2a6ef6065a0bb1b5813870,Cálculo Vectorial,2026-1,,0,False
aec393980ae8fb4f42a7adf1,Cálculo Vectorial,2026-1,3.56,0,False
b1ee8cb246d1768fd6ee3afb,Cálculo Vectorial,2026-1,3.15,1,True
b22aedec870d7d8b05d20bcc,Cálculo Vectorial,2026-1,,0,False
b3d66df1f333d2ac29939308,Cálculo Vectorial,2026-1,2.5,1,True
b3fd2c979a38e99c6988269c,Cálculo Vectorial,2026-1,2.13,0,False
b4a0f5e005f174cbcb32136d,Cálculo Vectorial,2026-1,,1,True
b509a7cea13050811379c4d6,Cálculo Vectorial,2026-1,,0,False
b60fa3c8c52acf666fa26497,Cálculo Vectorial,2026-1,3.36,1,True
b61cc95cf9b7d95d41d255ef,Cálculo Vectorial,2026-1,1.97,0,False
b7559eb36e569cd70fa53769,Cálculo Vectorial,2026-1,1.69,1,True
b8508ce539f465d97f4db6eb,Cálculo Vectorial,2026-1,,0,False
b8a1b4d62c47f72fb1a0a394,Cálculo Vectorial,2026-1,,0,False
b9d6ed977294512031c14f8d,Cálculo Vectorial,2026-1,,0,False
bd03118da9b3b0627edca4d9,Cálculo Vectorial,2026-1,0.0,0,False
bde5d37431b27886412e2cc0,Cálculo Vectorial,2026-1,2.71,0,False
c0e043ba9b41abf4b1f0a752,Cálculo Vectorial,2026-1,,0,False
c0e906870b618c4738ab49b7,Cálculo Vectorial,2026-1,,0,False
c263eed35e6e4e8b764aced1,Cálculo Vectorial,2026-1,,1,True
c714f2254e1e9e258b9f1c1e,Cálculo Vectorial,2026-1,3.08,1,True
c7b0068c7bab9adfe386ae07,Cálculo Vectorial,2026-1,3.0,1,True
cb03803f13eee863bb588ef1,Cálculo Vectorial,2026-1,4.14,1,True
ceaafcb26db0824c398c79f0,Cálculo Vectorial,2026-1,3.05,1,True
d343d963c975106a9c435608,Cálculo Vectorial,2026-1,4.1,0,False
d43eee2ea57c6899417be35e,Cálculo Vectorial,2026-1,3.29,0,False
d4a2452e88eb35bfffa8383c,Cálculo Vectorial,2026-1,,0,False
db5cdd282e35ee5eb4e558e8,Cálculo Vectorial,2026-1,1.32,0,False
db6e3e9b27af17e7752a5665,Cálculo Vectorial,2026-1,3.0,0,False
df9e93f64f8b71f2eb9e7ba7,Cálculo Vectorial,2026-1,3.92,0,False
e09b9e8ec6b66547c2ef061b,Cálculo Vectorial,2026-1,3.06,1,True
e110e7a46de2d950e6c4b10f,Cálculo Vectorial,2026-1,3.98,0,False
e2f731735f3e284fe0175a1a,Cálculo Vectorial,2026-1,3.04,0,False
e56d945426b8f80d7d89de14,Cálculo Vectorial,2026-1,3.56,0,False
e5fa46f398cf268c1e9069e2,Cálculo Vectorial,2026-1,2.83,0,False
e666aef10b402c73feb47c33,Cálculo Vectorial,2026-1,2.79,0,False
ea20a3b1acb4a1821f581027,Cálculo Vectorial,2026-1,3.05,1,True
ed4f66b9ed1018a5947f0cb5,Cálculo Vectorial,2026-1,,1,True
ed5d3f4d1c1c79b1495c4e77,Cálculo Vectorial,2026-1,3.0,0,False
f2a8d87c76c6d87591aeca90,Cálculo Vectorial,2026-1,4.2,0,False
f3e95b8dadf07fa3acb69126,Cálculo Vectorial,2026-1,2.62,0,False
fa560e209b89d3de38ce443c,Cálculo Vectorial,2026-1,2.15,0,False
fb0d240e77d5b027fb0c681a,Cálculo Vectorial,2026-1,3.0,0,False
fc0787cafcb0d5cf2db80c8e,Cálculo Vectorial,2026-1,2.5,1,True
fc185395565f0444e551d9d1,Cálculo Vectorial,2026-1,3.13,1,True
fd0b6bf02b5222063e5db0ee,Cálculo Vectorial,2026-1,2.5,0,False
036f359aca32c6e5a2ab055d,Ecuaciones Diferenciales,2026-1,,0,False
07524e9a1e80e691e13a8911,Ecuaciones Diferenciales,2026-1,3.1,0,False
0913599556f9775b58ace79d,Ecuaciones Diferenciales,2026-1,,0,False
0b6e88ced116b906b2776ef0,Ecuaciones Diferenciales,2026-1,3.16,0,False
0d12b168cf6aaed15c04cada,Ecuaciones Diferenciales,2026-1,3.63,7,True
0f3cef0919af1d285b338209,Ecuaciones Diferenciales,2026-1,3.0,3,True
0fa8bb63575a20e6d1a7a9bb,Ecuaciones Diferenciales,2026-1,,2,True
15e1f667ead9dc090440762c,Ecuaciones Diferenciales,2026-1,4.9,20,True
16562b56182308c9ade25ab6,Ecuaciones Diferenciales,2026-1,3.48,1,True
16a3d472d795d2dee131229e,Ecuaciones Diferenciales,2026-1,4.9,4,True
16cc43bd7367258b1c8a9ded,Ecuaciones Diferenciales,2026-1,,0,False
1a9f97790fe32753b98cdd8d,Ecuaciones Diferenciales,2026-1,3.57,0,False
1bbb1ea0a627088941f28843,Ecuaciones Diferenciales,2026-1,,0,False
209e13a531b206343d116a77,Ecuaciones Diferenciales,2026-1,3.0,1,True
20d7bc123f976a8ac4c64453,Ecuaciones Diferenciales,2026-1,2.87,0,False
236f2787e3dc1046e28d87cb,Ecuaciones Diferenciales,2026-1,,0,False
23e8ce2b7966bbf953cd9596,Ecuaciones Diferenciales,2026-1,0.66,0,False
259ae18970c734c8c3e6d65a,Ecuaciones Diferenciales,2026-1,4.5,0,False
27d35d6684f0279a2f9ae675,Ecuaciones Diferenciales,2026-1,3.06,0,False
28b1bcc7b8801235ebc0e8b9,Ecuaciones Diferenciales,2026-1,3.45,0,False
28f107cc1b2336d0453e13a9,Ecuaciones Diferenciales,2026-1,3.65,1,True
2a3276256e0e66393d9d50de,Ecuaciones Diferenciales,2026-1,3.0,4,True
2bec01ea465f41fded84191a,Ecuaciones Diferenciales,2026-1,2.58,1,True
31e7a7961b4e192edbd0b697,Ecuaciones Diferenciales,2026-1,3.0,6,True
3302517b83091fd0a6bdc6e8,Ecuaciones Diferenciales,2026-1,5.0,0,False
352e89d1e01f6d1f25b15e5a,Ecuaciones Diferenciales,2026-1,4.9,0,False
3617d13b4afe88c9cfa46f24,Ecuaciones Diferenciales,2026-1,3.23,0,False
36aecd2bf1e9c93b24cf15f6,Ecuaciones Diferenciales,2026-1,3.59,0,False
39b4d95e9e76ce35e55e48a1,Ecuaciones Diferenciales,2026-1,3.11,1,True
3a9165d948006b9dc9044521,Ecuaciones Diferenciales,2026-1,5.0,0,False
3bdbc22b1f4169f4c656d0ef,Ecuaciones Diferenciales,2026-1,,0,False
3c64eb137925b4a2e7d9c3a9,Ecuaciones Diferenciales,2026-1,,0,False
3d33f32ab21ab63878c4cbcb,Ecuaciones Diferenciales,2026-1,3.02,0,False
3ef756994d949d2e9d70c503,Ecuaciones Diferenciales,2026-1,3.33,0,False
472e7275b01a59bb83f93531,Ecuaciones Diferenciales,2026-1,,0,False
4d6513c5cfb2a93f1af3d35e,Ecuaciones Diferenciales,2026-1,3.45,1,True
4de34d2f1503bd2fcda5abf9,Ecuaciones Diferenciales,2026-1,4.76,2,True
4ea477ecf28501232606684b,Ecuaciones Diferenciales,2026-1,3.92,1,True
5bf5bc7869a8b92642cb18e2,Ecuaciones Diferenciales,2026-1,5.0,0,False
5ea73bfa5723c2a4b83ef286,Ecuaciones Diferenciales,2026-1,,0,False
60c23933d5c079da588c65fe,Ecuaciones Diferenciales,2026-1,4.9,2,True
6252aa882129912c8a236cd6,Ecuaciones Diferenciales,2026-1,3.86,0,False
6394d84ee2127343b90a88d9,Ecuaciones Diferenciales,2026-1,,0,False
63b7961a26703b92ad80c9b1,Ecuaciones Diferenciales,2026-1,,0,False
65cc3736ff8aa52ac3ae2c8e,Ecuaciones Diferenciales,2026-1,4.9,0,False
66b382e7a71f804ef7caf384,Ecuaciones Diferenciales,2026-1,3.16,0,False
6b6b5e4076b0248a338203bb,Ecuaciones Diferenciales,2026-1,5.0,0,False
6eb08365766c638fcb6b6429,Ecuaciones Diferenciales,2026-1,3.93,0,False
6f4aac9e31101abbb86be3f8,Ecuaciones Diferenciales,2026-1,3.55,2,True
6f55bb3dbb47c1c22b2e6e92,Ecuaciones Diferenciales,2026-1,4.9,0,False
6f84aef9e43e07f6a6617f55,Ecuaciones Diferenciales,2026-1,4.9,0,False
71cd0762fc998ad9e4f4a043,Ecuaciones Diferenciales,2026-1,5.0,0,False
733f1647be2a8d4383fb43e2,Ecuaciones Diferenciales,2026-1,4.63,0,False
742abebc197950505786eaf0,Ecuaciones Diferenciales,2026-1,3.7,3,True
747b5449b7f7a247489297ab,Ecuaciones Diferenciales,2026-1,3.24,3,True
7567107f3697fe6292141a44,Ecuaciones Diferenciales,2026-1,4.46,2,True
756f8b391056d3f31e707f41,Ecuaciones Diferenciales,2026-1,,0,False
7adcd8acacba8f2889cba512,Ecuaciones Diferenciales,2026-1,2.71,0,False
7b47172f079e670ccb8b3942,Ecuaciones Diferenciales,2026-1,3.44,0,False
7ba5c0117cf58a6d9bed8cf9,Ecuaciones Diferenciales,2026-1,4.85,2,True
7c9dba2a0d5f1a25783e5ff6,Ecuaciones Diferenciales,2026-1,3.21,2,True
82c0b6efc50d4d6bcd498ff2,Ecuaciones Diferenciales,2026-1,3.0,0,False
8457a968845f7fd25b5bfab1,Ecuaciones Diferenciales,2026-1,5.0,0,False
85a96aa322af394e9c9c8aa7,Ecuaciones Diferenciales,2026-1,2.9,0,False
8be572c8b06c99e6a0a5225e,Ecuaciones Diferenciales,2026-1,3.42,0,False
90296ebc8e8f9ad4e877e882,Ecuaciones Diferenciales,2026-1,3.89,3,True
9383cb926e9680bbcdf3eefe,Ecuaciones Diferenciales,2026-1,,0,False
958db126b726feca5e9527b3,Ecuaciones Diferenciales,2026-1,4.9,0,False
9710bdb955a552d68a618ed3,Ecuaciones Diferenciales,2026-1,1.57,0,False
984dd6fd9e35e8eefdc0be78,Ecuaciones Diferenciales,2026-1,,1,True
9a0da6e1126c924e5a57bd39,Ecuaciones Diferenciales,2026-1,1.73,0,False
9c49d43546d638385ca0505a,Ecuaciones Diferenciales,2026-1,4.66,2,True
9ca12d68d73d180507143ee7,Ecuaciones Diferenciales,2026-1,3.13,4,True
9dd8ff0c8f988f1620a38829,Ecuaciones Diferenciales,2026-1,3.87,0,False
9e49da7fdd34d09dcf54f595,Ecuaciones Diferenciales,2026-1,,0,False
9ec685ab1a2483600041c385,Ecuaciones Diferenciales,2026-1,3.23,2,True
9efe8f92bc8239ffbe76a8a3,Ecuaciones Diferenciales,2026-1,5.0,0,False
a3cd9a06c77c8e0eadfbf5d5,Ecuaciones Diferenciales,2026-1,3.01,2,True
a6ebc7ae4b5d220d5deefe7e,Ecuaciones Diferenciales,2026-1,4.8,0,False
aa4b62aefa97cddf9f6dfeb9,Ecuaciones Diferenciales,2026-1,3.12,0,False
abc996e9bed006259f9f1c8d,Ecuaciones Diferenciales,2026-1,3.58,0,False
acbc2775c06426843837651f,Ecuaciones Diferenciales,2026-1,3.3,0,False
ade01c4d3e00c34d33a767d5,Ecuaciones Diferenciales,2026-1,4.32,0,False
aec393980ae8fb4f42a7adf1,Ecuaciones Diferenciales,2026-1,3.27,1,True
b530c37242eb72f6f40d7d3f,Ecuaciones Diferenciales,2026-1,2.64,0,False
b5829dcdcfa15cc4bc315d3c,Ecuaciones Diferenciales,2026-1,3.45,1,True
b60fa3c8c52acf666fa26497,Ecuaciones Diferenciales,2026-1,,0,False
b8fcbb52de311151bbd8f070,Ecuaciones Diferenciales,2026-1,3.02,0,False
bd03118da9b3b0627edca4d9,Ecuaciones Diferenciales,2026-1,4.9,0,False
bde5d37431b27886412e2cc0,Ecuaciones Diferenciales,2026-1,3.28,1,True
be8e8ecbfb1184edce39166b,Ecuaciones Diferenciales,2026-1,3.22,1,True
bfcad68189c6f26dbaa494dd,Ecuaciones Diferenciales,2026-1,,2,True
c19d7e14f4d4e599f64f004b,Ecuaciones Diferenciales,2026-1,4.9,0,False
c263eed35e6e4e8b764aced1,Ecuaciones Diferenciales,2026-1,,0,False
c55e3b10dac44236dd47d54d,Ecuaciones Diferenciales,2026-1,3.69,0,False
c7b0068c7bab9adfe386ae07,Ecuaciones Diferenciales,2026-1,5.0,0,False
cb03803f13eee863bb588ef1,Ecuaciones Diferenciales,2026-1,4.47,8,True
cddd0e295c748c02e28202c2,Ecuaciones Diferenciales,2026-1,3.61,1,True
d52d31353bf4ca19fa6cc766,Ecuaciones Diferenciales,2026-1,3.54,2,True
d707ebe127c529256ebc3699,Ecuaciones Diferenciales,2026-1,5.0,0,False
d74f3af9005a9fa0a4a8dd09,Ecuaciones Diferenciales,2026-1,4.9,0,False
da26cb24f16ed64d6294a6ee,Ecuaciones Diferenciales,2026-1,3.83,0,False
daa6523dfc25fdf3368b44a2,Ecuaciones Diferenciales,2026-1,,0,False
db6e3e9b27af17e7752a5665,Ecuaciones Diferenciales,2026-1,,0,False
df9e93f64f8b71f2eb9e7ba7,Ecuaciones Diferenciales,2026-1,3.95,0,False
dfd3e0d0bd358572e56227c1,Ecuaciones Diferenciales,2026-1,2.36,0,False
e49e87b8fb4cb61626a67534,Ecuaciones Diferenciales,2026-1,4.9,0,False
e8fac6fc091c79af94fb902f,Ecuaciones Diferenciales,2026-1,3.17,1,True
ea20a3b1acb4a1821f581027,Ecuaciones Diferenciales,2026-1,2.64,11,True
ebe5c3a243f4bbe30f737c21,Ecuaciones Diferenciales,2026-1,3.1,1,True
ed4f66b9ed1018a5947f0cb5,Ecuaciones Diferenciales,2026-1,,0,False
f1e259f0dcfc6f2b27f742fd,Ecuaciones Diferenciales,2026-1,,0,False
f3c92aa7dfe34986475dc2b7,Ecuaciones Diferenciales,2026-1,3.52,0,False
f3e95b8dadf07fa3acb69126,Ecuaciones Diferenciales,2026-1,2.49,1,True
f4742fbdebd7fc2d115706a1,Ecuaciones Diferenciales,2026-1,4.72,0,False
f8bd805927a73a0956ef1d52,Ecuaciones Diferenciales,2026-1,3.47,0,False
f9c3f86bee23f23aa78dd610,Ecuaciones Diferenciales,2026-1,3.0,0,False
facc17de211e4a7d3ba907db,Ecuaciones Diferenciales,2026-1,4.14,1,True
fad7eb0b3ad408b8932cec2c,Ecuaciones Diferenciales,2026-1,3.24,5,True
fb2ebf8d1c3d90caa419457f,Ecuaciones Diferenciales,2026-1,2.82,3,True
fba8ad48641c336a45494ba4,Ecuaciones Diferenciales,2026-1,3.4,0,False
fbb30ffb5c9d65601b40bdff,Ecuaciones Diferenciales,2026-1,4.6,9,True
fc185395565f0444e551d9d1,Ecuaciones Diferenciales,2026-1,3.42,1,True
fc8663aaf6c049c1d121bf7b,Ecuaciones Diferenciales,2026-1,,0,False
fd0b6bf02b5222063e5db0ee,Ecuaciones Diferenciales,2026-1,3.0,6,True
036f359aca32c6e5a2ab055d,Electricidad y Magnetismo,2026-1,,1,True
03702117c008d5b828d3a640,Electricidad y Magnetismo,2026-1,4.46,4,True
063f03dc26f226a8166f03bf,Electricidad y Magnetismo,2026-1,3.01,0,False
0818d46b0a8721acdc116023,Electricidad y Magnetismo,2026-1,3.0,0,False
0ba12bdcb3b2aebcabd207c6,Electricidad y Magnetismo,2026-1,,0,False
0d12b168cf6aaed15c04cada,Electricidad y Magnetismo,2026-1,3.5,2,True
102a4df14908de8fd2647ea5,Electricidad y Magnetismo,2026-1,2.47,0,False
10d6ac6b73b5d85ab0bc69ff,Electricidad y Magnetismo,2026-1,,0,False
16562b56182308c9ade25ab6,Electricidad y Magnetismo,2026-1,3.92,0,False
16e4932bc6ae51a64786b173,Electricidad y Magnetismo,2026-1,1.26,2,True
1a9f97790fe32753b98cdd8d,Electricidad y Magnetismo,2026-1,3.38,0,False
1c0c431fe2de43c3d04f6695,Electricidad y Magnetismo,2026-1,2.7,0,False
1dc3568a9f43da95d67a1d69,Electricidad y Magnetismo,2026-1,3.06,1,True
1e99b4d4d3aff2fa0848ba5a,Electricidad y Magnetismo,2026-1,1.12,0,False
20d7bc123f976a8ac4c64453,Electricidad y Magnetismo,2026-1,3.31,0,False
259ae18970c734c8c3e6d65a,Electricidad y Magnetismo,2026-1,3.0,4,True
2737adb8f4df5a99743b64a1,Electricidad y Magnetismo,2026-1,2.46,0,False
283da0f5e3fa21419d2f97d2,Electricidad y Magnetismo,2026-1,4.06,0,False
2913ae2dbdef9111dfb37f16,Electricidad y Magnetismo,2026-1,1.9,0,False
2ba52be94d7ec50e12631dc7,Electricidad y Magnetismo,2026-1,4.4,4,True
2d1e4f834182d614364526f0,Electricidad y Magnetismo,2026-1,,0,False
31e04d22447cd13712ec4ee8,Electricidad y Magnetismo,2026-1,2.42,1,True
3302517b83091fd0a6bdc6e8,Electricidad y Magnetismo,2026-1,4.45,0,False
331507548272018473d0a3e9,Electricidad y Magnetismo,2026-1,,0,False
36aecd2bf1e9c93b24cf15f6,Electricidad y Magnetismo,2026-1,4.37,0,False
385e6ed9cc258d036408567f,Electricidad y Magnetismo,2026-1,,0,False
39b4d95e9e76ce35e55e48a1,Electricidad y Magnetismo,2026-1,3.08,0,False
3a9072d3287d78037d49297e,Electricidad y Magnetismo,2026-1,3.3,0,False
3aa39487eca279e68b617cc7,Electricidad y Magnetismo,2026-1,3.05,0,False
3bdbc22b1f4169f4c656d0ef,Electricidad y Magnetismo,2026-1,3.0,0,False
3d33f32ab21ab63878c4cbcb,Electricidad y Magnetismo,2026-1,,0,False
42828d02c3506f5790360ac2,Electricidad y Magnetismo,2026-1,,1,True
45830b532353c4fa7fd63292,Electricidad y Magnetismo,2026-1,3.51,0,False
45cf9bd7c777bb85de24b450,Electricidad y Magnetismo,2026-1,3.2,0,False
483be61fa523a1d04581e1c0,Electricidad y Magnetismo,2026-1,3.21,0,False
499e77b4ad909544c731b222,Electricidad y Magnetismo,2026-1,3.35,0,False
4d6513c5cfb2a93f1af3d35e,Electricidad y Magnetismo,2026-1,3.07,0,False
4de34d2f1503bd2fcda5abf9,Electricidad y Magnetismo,2026-1,4.52,1,True
50e6a3bb77d6754706e7c99b,Electricidad y Magnetismo,2026-1,2.17,0,False
512e3ba2f3d4632e8ded60ba,Electricidad y Magnetismo,2026-1,3.02,0,False
54776e71dce0778ece797b4b,Electricidad y Magnetismo,2026-1,3.25,0,False
549df1916b906046c2045388,Electricidad y Magnetismo,2026-1,,0,False
54e55166340c06c2e4412702,Electricidad y Magnetismo,2026-1,1.97,0,False
5b4f00a1cb364de32a1d505a,Electricidad y Magnetismo,2026-1,3.01,2,True
5c54e9e202f272462a51cafe,Electricidad y Magnetismo,2026-1,,1,True
5f4716101ac2d7ee889f93b3,Electricidad y Magnetismo,2026-1,3.4,0,False
5faf6d738eaadcb40db1c929,Electricidad y Magnetismo,2026-1,3.25,0,False
60c23933d5c079da588c65fe,Electricidad y Magnetismo,2026-1,2.52,1,True
6252aa882129912c8a236cd6,Electricidad y Magnetismo,2026-1,3.41,0,False
639d95befe1d194570be7da3,Electricidad y Magnetismo,2026-1,4.35,1,True
65afdf7bbe3c162d9e31930c,Electricidad y Magnetismo,2026-1,3.87,2,True
69abdadd516bc6f47125bd55,Electricidad y Magnetismo,2026-1,,1,True
6a8a53a89965b90d770f1392,Electricidad y Magnetismo,2026-1,3.03,0,False
6b6b5e4076b0248a338203bb,Electricidad y Magnetismo,2026-1,3.14,0,False
6e16fdaa9651a8009cb910d9,Electricidad y Magnetismo,2026-1,,0,False
6f345e7c3c43e3aa3e099aa2,Electricidad y Magnetismo,2026-1,3.2,1,True
707ea27166c04832998e7e23,Electricidad y Magnetismo,2026-1,3.28,0,False
733f1647be2a8d4383fb43e2,Electricidad y Magnetismo,2026-1,3.7,1,True
740c2cc2aa0f7c1f2e9bbd58,Electricidad y Magnetismo,2026-1,4.01,0,False
742abebc197950505786eaf0,Electricidad y Magnetismo,2026-1,3.19,1,True
7564f1f9c601b7bc3baea87b,Electricidad y Magnetismo,2026-1,3.57,0,False
7567107f3697fe6292141a44,Electricidad y Magnetismo,2026-1,4.11,0,False
7587c6f1c423c836bb0f75d5,Electricidad y Magnetismo,2026-1,4.27,0,False
775969edc9f140f9ba7075e9,Electricidad y Magnetismo,2026-1,,0,False
7836686d4df0cf496af12108,Electricidad y Magnetismo,2026-1,,0,False
7a2fd887d6b968dea42da26e,Electricidad y Magnetismo,2026-1,3.46,0,False
7adcd8acacba8f2889cba512,Electricidad y Magnetismo,2026-1,,1,True
7b47172f079e670ccb8b3942,Electricidad y Magnetismo,2026-1,3.37,0,False
80b385eb09b83b302ac48896,Electricidad y Magnetismo,2026-1,3.85,0,False
82872b47ee53a0a134532a2f,Electricidad y Magnetismo,2026-1,3.54,0,False
83d372ce918381b6ae713d0f,Electricidad y Magnetismo,2026-1,2.69,0,False
8478a0a3811b3943f9c669ef,Electricidad y Magnetismo,2026-1,4.13,1,True
85a96aa322af394e9c9c8aa7,Electricidad y Magnetismo,2026-1,,0,False
8600e608e5bff24c715b8137,Electricidad y Magnetismo,2026-1,4.02,0,False
87db6d5ec642781bd11aaa96,Electricidad y Magnetismo,2026-1,3.03,0,False
87ead6a073f20a81ed854778,Electricidad y Magnetismo,2026-1,3.88,0,False
881bbbcaa57f65fee72ce83d,Electricidad y Magnetismo,2026-1,3.24,0,False
88238e538b608fb690334460,Electricidad y Magnetismo,2026-1,,0,False
897a0d971f753f416b061857,Electricidad y Magnetismo,2026-1,,0,False
8983ef3a150ca9e925759505,Electricidad y Magnetismo,2026-1,3.12,0,False
954ea9d4d9b0be50f45aad8e,Electricidad y Magnetismo,2026-1,3.21,0,False
96c851c6a1cabee6d6e42b9d,Electricidad y Magnetismo,2026-1,3.45,0,False
9710bdb955a552d68a618ed3,Electricidad y Magnetismo,2026-1,1.71,0,False
9a0da6e1126c924e5a57bd39,Electricidad y Magnetismo,2026-1,,0,False
9b5138f56f77be24949d919d,Electricidad y Magnetismo,2026-1,4.25,1,True
9d9a075776dfce76641c3968,Electricidad y Magnetismo,2026-1,3.1,0,False
9dd8ff0c8f988f1620a38829,Electricidad y Magnetismo,2026-1,4.26,0,False
9de473412d2d3352eed3d3a3,Electricidad y Magnetismo,2026-1,3.12,0,False
9e49da7fdd34d09dcf54f595,Electricidad y Magnetismo,2026-1,2.7,0,False
a2d123f2b5bd2608f29aad5c,Electricidad y Magnetismo,2026-1,3.73,0,False
a3bd1c88094dd66272329003,Electricidad y Magnetismo,2026-1,3.35,1,True
acbc2775c06426843837651f,Electricidad y Magnetismo,2026-1,3.22,0,False
ad451794797b98645e9b3ad3,Electricidad y Magnetismo,2026-1,3.38,0,False
ade01c4d3e00c34d33a767d5,Electricidad y Magnetismo,2026-1,4.29,0,False
ae2a6ef6065a0bb1b5813870,Electricidad y Magnetismo,2026-1,3.43,0,False
aec393980ae8fb4f42a7adf1,Electricidad y Magnetismo,2026-1,3.38,0,False
af9b186e4575678129f9a0d2,Electricidad y Magnetismo,2026-1,3.0,1,True
b078f2e394219c2d182ba4a9,Electricidad y Magnetismo,2026-1,,0,False
b2d71b8d1e553242bfe62396,Electricidad y Magnetismo,2026-1,3.05,1,True
b388deb6aafd6bb91b9bb8ee,Electricidad y Magnetismo,2026-1,,0,False
b3d66df1f333d2ac29939308,Electricidad y Magnetismo,2026-1,,2,True
b509a7cea13050811379c4d6,Electricidad y Magnetismo,2026-1,1.8,0,False
b5829dcdcfa15cc4bc315d3c,Electricidad y Magnetismo,2026-1,3.38,0,False
b60fa3c8c52acf666fa26497,Electricidad y Magnetismo,2026-1,,0,False
b7adb848bf22df75c52042bb,Electricidad y Magnetismo,2026-1,4.3,0,False
b91bb67b87ab14729f777d96,Electricidad y Magnetismo,2026-1,3.59,1,True
ba4579b7813c9a6c2e3fa519,Electricidad y Magnetismo,2026-1,3.46,0,False
baf6b887947c065052b1a4f0,Electricidad y Magnetismo,2026-1,3.53,2,True
bddb2c9d52267ac497421147,Electricidad y Magnetismo,2026-1,2.52,0,False
be8e8ecbfb1184edce39166b,Electricidad y Magnetismo,2026-1,3.31,0,False
becb744060a4e3eef89a3acc,Electricidad y Magnetismo,2026-1,3.1,0,False
c126f0dd8e5bba88ddf9c44d,Electricidad y Magnetismo,2026-1,,0,False
c19d7e14f4d4e599f64f004b,Electricidad y Magnetismo,2026-1,,0,False
c676f50fb29bbd89f3fd405e,Electricidad y Magnetismo,2026-1,,0,False
c95a7c2c127a0f2a372630a4,Electricidad y Magnetismo,2026-1,3.45,1,True
caacd1ae953252c4368e5c32,Electricidad y Magnetismo,2026-1,2.79,0,False
ccc4bc4afb29aa3c3394d780,Electricidad y Magnetismo,2026-1,3.44,0,False
cd132e913b4b6619de7c1bdb,Electricidad y Magnetismo,2026-1,3.0,0,False
d4a2452e88eb35bfffa8383c,Electricidad y Magnetismo,2026-1,,0,False
d52d31353bf4ca19fa6cc766,Electricidad y Magnetismo,2026-1,,1,True
d6e08aa3df818a3c2109bd18,Electricidad y Magnetismo,2026-1,3.12,0,False
d8530c68af6c91f9b5507b8b,Electricidad y Magnetismo,2026-1,3.6,0,False
da26cb24f16ed64d6294a6ee,Electricidad y Magnetismo,2026-1,3.63,0,False
db5cdd282e35ee5eb4e558e8,Electricidad y Magnetismo,2026-1,3.06,0,False
dba44b99ab48776f7dcdbda9,Electricidad y Magnetismo,2026-1,3.8,0,False
dd5117903396a4a1f1f8fe80,Electricidad y Magnetismo,2026-1,3.4,0,False
dde1293ccddfb34f5e5c8e39,Electricidad y Magnetismo,2026-1,3.11,2,True
dfd3e0d0bd358572e56227c1,Electricidad y Magnetismo,2026-1,,0,False
e0ce929e1243cf4bad67934c,Electricidad y Magnetismo,2026-1,3.7,0,False
e110e7a46de2d950e6c4b10f,Electricidad y Magnetismo,2026-1,1.6,0,False
e2a8aecd339f4826f9244147,Electricidad y Magnetismo,2026-1,,0,False
e56d945426b8f80d7d89de14,Electricidad y Magnetismo,2026-1,3.73,0,False
e6b1826e2f59586d83eadd99,Electricidad y Magnetismo,2026-1,3.95,0,False
e737d3a0b073fd32efc2857b,Electricidad y Magnetismo,2026-1,4.63,0,False
e8fac6fc091c79af94fb902f,Electricidad y Magnetismo,2026-1,3.18,0,False
eabcca853467dc42e12337bb,Electricidad y Magnetismo,2026-1,,0,False
ebbfda808072beb8814e3459,Electricidad y Magnetismo,2026-1,4.01,1,True
ed4f66b9ed1018a5947f0cb5,Electricidad y Magnetismo,2026-1,,0,False
ed5d3f4d1c1c79b1495c4e77,Electricidad y Magnetismo,2026-1,3.13,1,True
f05312046d67f433adda5a3f,Electricidad y Magnetismo,2026-1,,0,False
f3c92aa7dfe34986475dc2b7,Electricidad y Magnetismo,2026-1,3.21,1,True
f3e95b8dadf07fa3acb69126,Electricidad y Magnetismo,2026-1,,0,False
f88e13f2e47096c5c99bc590,Electricidad y Magnetismo,2026-1,3.53,0,False
f8bd805927a73a0956ef1d52,Electricidad y Magnetismo,2026-1,3.33,0,False
facc17de211e4a7d3ba907db,Electricidad y Magnetismo,2026-1,4.54,0,False
fba8ad48641c336a45494ba4,Electricidad y Magnetismo,2026-1,3.34,1,True
fbb30ffb5c9d65601b40bdff,Electricidad y Magnetismo,2026-1,4.3,2,True
fd0b6bf02b5222063e5db0ee,Electricidad y Magnetismo,2026-1,,1,True
fe99c7a1690d88b535554925,Electricidad y Magnetismo,2026-1,4.1,0,False
0d12b168cf6aaed15c04cada,Fortalecimiento Académico: Física,2026-1,,0,False
10067850c327c8ee925cdf0f,Fortalecimiento Académico: Física,2026-1,,0,False
102a4df14908de8fd2647ea5,Fortalecimiento Académico: Física,2026-1,,0,False
18c0efcbe3c6ac55e6e0f30c,Fortalecimiento Académico: Física,2026-1,,0,False
1dc3568a9f43da95d67a1d69,Fortalecimiento Académico: Física,2026-1,,0,False
229c2f30234a7d40cf9bfed2,Fortalecimiento Académico: Física,2026-1,,0,False
259ae18970c734c8c3e6d65a,Fortalecimiento Académico: Física,2026-1,,0,False
25c6841db688390d38a5ea36,Fortalecimiento Académico: Física,2026-1,,0,False
288fe50c824af9fb690bfec4,Fortalecimiento Académico: Física,2026-1,,0,False
28f107cc1b2336d0453e13a9,Fortalecimiento Académico: Física,2026-1,,0,False
2913ae2dbdef9111dfb37f16,Fortalecimiento Académico: Física,2026-1,,0,False
2ba52be94d7ec50e12631dc7,Fortalecimiento Académico: Física,2026-1,,0,False
31e04d22447cd13712ec4ee8,Fortalecimiento Académico: Física,2026-1,,0,False
36aecd2bf1e9c93b24cf15f6,Fortalecimiento Académico: Física,2026-1,,0,False
39b4d95e9e76ce35e55e48a1,Fortalecimiento Académico: Física,2026-1,,0,False
3aca133b0c527758738415db,Fortalecimiento Académico: Física,2026-1,,0,False
42145e4e40b537bb85d5c746,Fortalecimiento Académico: Física,2026-1,,0,False
45cf9bd7c777bb85de24b450,Fortalecimiento Académico: Física,2026-1,,0,False
460414d766caaea49089dbb5,Fortalecimiento Académico: Física,2026-1,,0,False
483be61fa523a1d04581e1c0,Fortalecimiento Académico: Física,2026-1,,0,False
5396ea9e73037d3b71adfd8d,Fortalecimiento Académico: Física,2026-1,,0,False
54776e71dce0778ece797b4b,Fortalecimiento Académico: Física,2026-1,,0,False
5711e58e7c8f0db5c1232abe,Fortalecimiento Académico: Física,2026-1,,0,False
5b4f00a1cb364de32a1d505a,Fortalecimiento Académico: Física,2026-1,,0,False
6a8a53a89965b90d770f1392,Fortalecimiento Académico: Física,2026-1,,0,False
6e221fd399c66d2d8d7d8ea9,Fortalecimiento Académico: Física,2026-1,,0,False
6f345e7c3c43e3aa3e099aa2,Fortalecimiento Académico: Física,2026-1,,0,False
742abebc197950505786eaf0,Fortalecimiento Académico: Física,2026-1,,0,False
77d782ce22a23b6985f8f17e,Fortalecimiento Académico: Física,2026-1,,0,False
7836686d4df0cf496af12108,Fortalecimiento Académico: Física,2026-1,,0,False
7adcd8acacba8f2889cba512,Fortalecimiento Académico: Física,2026-1,,0,False
7da38e16790671daaf288b07,Fortalecimiento Académico: Física,2026-1,,0,False
85a96aa322af394e9c9c8aa7,Fortalecimiento Académico: Física,2026-1,,0,False
9032ab2eedbd367f541da3e2,Fortalecimiento Académico: Física,2026-1,,0,False
954ea9d4d9b0be50f45aad8e,Fortalecimiento Académico: Física,2026-1,,0,False
9b5138f56f77be24949d919d,Fortalecimiento Académico: Física,2026-1,,0,False
9d9a075776dfce76641c3968,Fortalecimiento Académico: Física,2026-1,,0,False
9db02f7129b5b7a73619b775,Fortalecimiento Académico: Física,2026-1,,0,False
a2d123f2b5bd2608f29aad5c,Fortalecimiento Académico: Física,2026-1,,0,False
a3bd1c88094dd66272329003,Fortalecimiento Académico: Física,2026-1,,0,False
acbc2775c06426843837651f,Fortalecimiento Académico: Física,2026-1,,0,False
ade01c4d3e00c34d33a767d5,Fortalecimiento Académico: Física,2026-1,,0,False
af9b186e4575678129f9a0d2,Fortalecimiento Académico: Física,2026-1,,0,False
b2d71b8d1e553242bfe62396,Fortalecimiento Académico: Física,2026-1,,0,False
c126f0dd8e5bba88ddf9c44d,Fortalecimiento Académico: Física,2026-1,,0,False
c676f50fb29bbd89f3fd405e,Fortalecimiento Académico: Física,2026-1,,0,False
d8530c68af6c91f9b5507b8b,Fortalecimiento Académico: Física,2026-1,,0,False
de5c42cdece0cdd7504db164,Fortalecimiento Académico: Física,2026-1,,0,False
e8387e7e237fdb120924327d,Fortalecimiento Académico: Física,2026-1,,0,False
ebbfda808072beb8814e3459,Fortalecimiento Académico: Física,2026-1,,0,False
ecab4466989b7b15ccde9c76,Fortalecimiento Académico: Física,2026-1,,0,False
ee4acfc8e79f1a5d1d4007a9,Fortalecimiento Académico: Física,2026-1,,0,False
f3c92aa7dfe34986475dc2b7,Fortalecimiento Académico: Física,2026-1,,0,False
fba8ad48641c336a45494ba4,Fortalecimiento Académico: Física,2026-1,,0,False
fbb30ffb5c9d65601b40bdff,Fortalecimiento Académico: Física,2026-1,,0,False
fcd5f12d39172c1c2946c851,Fortalecimiento Académico: Física,2026-1,,0,False
0182877cc7b4e56383c60931,Fortalecimiento Académico: Matemáticas,2026-1,,0,False
01c00cf8e4ca011bb5fd33a8,Fortalecimiento Académico: Matemáticas,2026-1,,0,False
05fc95ec91ad0fa14cb0c234,Fortalecimiento Académico: Matemáticas,2026-1,,0,False
07726cd8108fb2c45812f79f,Fortalecimiento Académico: Matemáticas,2026-1,,0,False
079e0bb43050809b7587d422,Fortalecimiento Académico: Matemáticas,2026-1,,0,False
0bc4a0b4b15af06dfe15a61e,Fortalecimiento Académico: Matemáticas,2026-1,,0,False
0dad83b1520ab94b6e36751c,Fortalecimiento Académico: Matemáticas,2026-1,,0,False
0eb030409667f607cfc454c0,Fortalecimiento Académico: Matemáticas,2026-1,,0,False
0fae3ccb2b018a389d43d8e6,Fortalecimiento Académico: Matemáticas,2026-1,,0,False
126a805c493f1df767c7f760,Fortalecimiento Académico: Matemáticas,2026-1,,0,False
13075c4a2efc7cf49fad63cb,Fortalecimiento Académico: Matemáticas,2026-1,,0,False
13dd433123fe4f2bb7c81b12,Fortalecimiento Académico: Matemáticas,2026-1,,0,False
166bb74ef810034d9de43e90,Fortalecimiento Académico: Matemáticas,2026-1,,0,False
16b083be5add4d3de3035674,Fortalecimiento Académico: Matemáticas,2026-1,,0,False
178b0e71cc7c588c59f4520e,Fortalecimiento Académico: Matemáticas,2026-1,,0,False
18c0efcbe3c6ac55e6e0f30c,Fortalecimiento Académico: Matemáticas,2026-1,,0,False
18c8ed95de27b3db9e46c788,Fortalecimiento Académico: Matemáticas,2026-1,,0,False
18c92509f3e81ed0c28ca0c4,Fortalecimiento Académico: Matemáticas,2026-1,,0,False
1988c5c56ec10f2b0e74ea8c,Fortalecimiento Académico: Matemáticas,2026-1,,0,False
19cfab2761f52d634bea8dba,Fortalecimiento Académico: Matemáticas,2026-1,,0,False
1e26932013a243c9bf9647ab,Fortalecimiento Académico: Matemáticas,2026-1,,0,False
1e6374dccd6525038e918eb2,Fortalecimiento Académico: Matemáticas,2026-1,,0,False
1f049369cd569d6dfcf66ac0,Fortalecimiento Académico: Matemáticas,2026-1,,0,False
1f16fbedff92fb4f256ff61b,Fortalecimiento Académico: Matemáticas,2026-1,,0,False
20449c0380df4543ff568a00,Fortalecimiento Académico: Matemáticas,2026-1,,0,False
23d0e76fe9fec7cf8e7113b2,Fortalecimiento Académico: Matemáticas,2026-1,,0,False
25a617e083e198104921637a,Fortalecimiento Académico: Matemáticas,2026-1,,0,False
25edc455d2d60d9097145a62,Fortalecimiento Académico: Matemáticas,2026-1,,0,False
2a063bf494241be7ee0e626e,Fortalecimiento Académico: Matemáticas,2026-1,,0,False
2b6e6060a36a5e485e36ebbf,Fortalecimiento Académico: Matemáticas,2026-1,,0,False
2d43a27c87ddba8ca6e5239f,Fortalecimiento Académico: Matemáticas,2026-1,,0,False
2e6b340040561f9c1f63dfac,Fortalecimiento Académico: Matemáticas,2026-1,,0,False
304c142c8c74fe3802f1469e,Fortalecimiento Académico: Matemáticas,2026-1,,0,False
33c4ecb6a29546d354a81208,Fortalecimiento Académico: Matemáticas,2026-1,,0,False
37a42f84d0d9a7ef4ca27783,Fortalecimiento Académico: Matemáticas,2026-1,,0,False
3a0c75aec674de5ca3a9e4aa,Fortalecimiento Académico: Matemáticas,2026-1,,0,False
3be835b28dea1264df2132bf,Fortalecimiento Académico: Matemáticas,2026-1,,0,False
3ca9ac5a9f3171d55397c3d0,Fortalecimiento Académico: Matemáticas,2026-1,,0,False
3ca9bde5a1e9ad93fb1a6cff,Fortalecimiento Académico: Matemáticas,2026-1,,0,False
3ddce47ae5e066bdf5839cb4,Fortalecimiento Académico: Matemáticas,2026-1,,0,False
400014a7a3952db3d2bcbda8,Fortalecimiento Académico: Matemáticas,2026-1,,0,False
45939362bf1a51a700cce60d,Fortalecimiento Académico: Matemáticas,2026-1,,0,False
475b1e264308d9ccc36eac9d,Fortalecimiento Académico: Matemáticas,2026-1,,0,False
5021114f360516811b64eb62,Fortalecimiento Académico: Matemáticas,2026-1,,0,False
504877fb05d00879bf46058c,Fortalecimiento Académico: Matemáticas,2026-1,,0,False
53bb86e12c3eae5a90843bb8,Fortalecimiento Académico: Matemáticas,2026-1,,0,False
564afacc24a092b954701967,Fortalecimiento Académico: Matemáticas,2026-1,,0,False
57db98ab11ebada3f952e249,Fortalecimiento Académico: Matemáticas,2026-1,,0,False
5818e233b5bbd3a777032ee6,Fortalecimiento Académico: Matemáticas,2026-1,,0,False
59ef5ae38aa37196a73f7585,Fortalecimiento Académico: Matemáticas,2026-1,,0,False
5c76332744e45a8ae00e436b,Fortalecimiento Académico: Matemáticas,2026-1,,0,False
5dd35517f9f0b0046f57c69d,Fortalecimiento Académico: Matemáticas,2026-1,,0,False
5ec3b05a3be8e9bdcb88aae2,Fortalecimiento Académico: Matemáticas,2026-1,,0,False
5ed0374ef37bd19d08e722fc,Fortalecimiento Académico: Matemáticas,2026-1,,0,False
5fd2d48aa1b3a4dbcd338abd,Fortalecimiento Académico: Matemáticas,2026-1,,0,False
5fdbf7612ed7d0c63210633a,Fortalecimiento Académico: Matemáticas,2026-1,,0,False
63d3bb949e53cf4b4b9f0473,Fortalecimiento Académico: Matemáticas,2026-1,,0,False
66218c901ce8602df70fed37,Fortalecimiento Académico: Matemáticas,2026-1,,0,False
66bcd71f5e105aae89e0fe25,Fortalecimiento Académico: Matemáticas,2026-1,,0,False
67a37284898b0e5909ae53d8,Fortalecimiento Académico: Matemáticas,2026-1,,0,False
6a8a4fc9e9d8586fd97e39ac,Fortalecimiento Académico: Matemáticas,2026-1,,0,False
6b4302820000b589247f7a65,Fortalecimiento Académico: Matemáticas,2026-1,,0,False
6c83c0cbceb2dfc748b155fe,Fortalecimiento Académico: Matemáticas,2026-1,,0,False
6da927a715dc6345981af9ed,Fortalecimiento Académico: Matemáticas,2026-1,,0,False
6e221fd399c66d2d8d7d8ea9,Fortalecimiento Académico: Matemáticas,2026-1,,0,False
6ea0a6610a66d8a6bfa0508d,Fortalecimiento Académico: Matemáticas,2026-1,,0,False
731bfbc6af2964a33bad077f,Fortalecimiento Académico: Matemáticas,2026-1,,0,False
7456aab26b51a94cc1366687,Fortalecimiento Académico: Matemáticas,2026-1,,0,False
79ab8838cbd3fd3bef529b24,Fortalecimiento Académico: Matemáticas,2026-1,,0,False
7dcc296547efce72584f5ee9,Fortalecimiento Académico: Matemáticas,2026-1,,0,False
7f93fc3a4dc9fa911e9b0873,Fortalecimiento Académico: Matemáticas,2026-1,,0,False
80eb3951948451deb0ddec77,Fortalecimiento Académico: Matemáticas,2026-1,,0,False
8162f02dda1125c019203250,Fortalecimiento Académico: Matemáticas,2026-1,,0,False
82ab49faba7ca2fa0adc4f74,Fortalecimiento Académico: Matemáticas,2026-1,,0,False
864f3550519488112cde269a,Fortalecimiento Académico: Matemáticas,2026-1,,0,False
8711f493cfc5c682eb346a62,Fortalecimiento Académico: Matemáticas,2026-1,,0,False
87274e954e0b6efce2dfa647,Fortalecimiento Académico: Matemáticas,2026-1,,0,False
87fc07d94e6c1afc9282f7dd,Fortalecimiento Académico: Matemáticas,2026-1,,0,False
89807235d7153be87a307bde,Fortalecimiento Académico: Matemáticas,2026-1,,0,False
8f7fb890179618d029facc81,Fortalecimiento Académico: Matemáticas,2026-1,,0,False
8fdea87930b6102ffd064c90,Fortalecimiento Académico: Matemáticas,2026-1,,0,False
93e78c3f6f9586b681186061,Fortalecimiento Académico: Matemáticas,2026-1,,0,False
96b5956be0aaa8cdf3dffa26,Fortalecimiento Académico: Matemáticas,2026-1,,0,False
99554368315859aebd22e4b6,Fortalecimiento Académico: Matemáticas,2026-1,,0,False
9a5f8810b5dfd03ed0994716,Fortalecimiento Académico: Matemáticas,2026-1,,0,False
9b9e01dc3a458c8e96217584,Fortalecimiento Académico: Matemáticas,2026-1,,0,False
9c41e63bf2d25286da169bbb,Fortalecimiento Académico: Matemáticas,2026-1,,0,False
a06306849191ae3f5391c8c7,Fortalecimiento Académico: Matemáticas,2026-1,,0,False
a132bc341a03e7d5ea4bb3cc,Fortalecimiento Académico: Matemáticas,2026-1,,0,False
a3bc1f658ba3f2a17f2d67ea,Fortalecimiento Académico: Matemáticas,2026-1,,0,False
a4a953dd8673336bba5f646e,Fortalecimiento Académico: Matemáticas,2026-1,,0,False
a6abfe3d3e2d1c135222b685,Fortalecimiento Académico: Matemáticas,2026-1,,0,False
a7a7dd00bb2504d14ba1f66f,Fortalecimiento Académico: Matemáticas,2026-1,,0,False
a98f079e6744d42f2b17fcf3,Fortalecimiento Académico: Matemáticas,2026-1,,0,False
aa3d0f6c1e5eaf0e1f6b71fc,Fortalecimiento Académico: Matemáticas,2026-1,,0,False
aa69518f767e02c4efc5b96d,Fortalecimiento Académico: Matemáticas,2026-1,,0,False
ab0921507e99961f8bc69dd0,Fortalecimiento Académico: Matemáticas,2026-1,,0,False
ab7bf148dd11257b4e6337d4,Fortalecimiento Académico: Matemáticas,2026-1,,0,False
ada69fb1659e706b26da9a95,Fortalecimiento Académico: Matemáticas,2026-1,,0,False
ae57c6d8603d34b3df51120b,Fortalecimiento Académico: Matemáticas,2026-1,,0,False
b52c35abf9b06c9f4f1e87f6,Fortalecimiento Académico: Matemáticas,2026-1,,0,False
b55a7fcc552591cafe30dc0d,Fortalecimiento Académico: Matemáticas,2026-1,,0,False
b69414f229539261c4ee00ad,Fortalecimiento Académico: Matemáticas,2026-1,,0,False
b6ca3f4d405a8ac89b7883e4,Fortalecimiento Académico: Matemáticas,2026-1,,0,False
b81608e54d46841743e21a79,Fortalecimiento Académico: Matemáticas,2026-1,,0,False
ba3f35931233807b2b12a87c,Fortalecimiento Académico: Matemáticas,2026-1,,0,False
be9d34471597a9d59a196f12,Fortalecimiento Académico: Matemáticas,2026-1,,0,False
bf2c30ef74d0cca03890ebc1,Fortalecimiento Académico: Matemáticas,2026-1,,0,False
bfacaa28d0327b2b02eef2df,Fortalecimiento Académico: Matemáticas,2026-1,,0,False
c71e8f9dc724dd6020110a43,Fortalecimiento Académico: Matemáticas,2026-1,,0,False
c759850ec8542727e5d7d6ed,Fortalecimiento Académico: Matemáticas,2026-1,,0,False
c777c39341c51e7f84b1c9dd,Fortalecimiento Académico: Matemáticas,2026-1,,0,False
c78730d1935a9fdba75c65d9,Fortalecimiento Académico: Matemáticas,2026-1,,0,False
cd5a875304158c867e774c14,Fortalecimiento Académico: Matemáticas,2026-1,,0,False
ceb88f2d867b3a1e826a09ac,Fortalecimiento Académico: Matemáticas,2026-1,,0,False
ced2b3cc9d9a80a500686625,Fortalecimiento Académico: Matemáticas,2026-1,,0,False
d2723da02d89d868fc461d19,Fortalecimiento Académico: Matemáticas,2026-1,,0,False
d3af5d5b25d0be653fd5349e,Fortalecimiento Académico: Matemáticas,2026-1,,0,False
d59332c6c44cbaa8a6f8b446,Fortalecimiento Académico: Matemáticas,2026-1,,0,False
d6a5e0cfbbc10e8d86281f44,Fortalecimiento Académico: Matemáticas,2026-1,,0,False
dc5c671aec36904603d80e04,Fortalecimiento Académico: Matemáticas,2026-1,,0,False
e023810c906946c4e6090305,Fortalecimiento Académico: Matemáticas,2026-1,,0,False
e13362bd66934334d494346e,Fortalecimiento Académico: Matemáticas,2026-1,,0,False
e1b175d45f90bdf2454dda82,Fortalecimiento Académico: Matemáticas,2026-1,,0,False
e38b386e8bf3810354c2ee52,Fortalecimiento Académico: Matemáticas,2026-1,,0,False
e3f912211ba546debd1b9777,Fortalecimiento Académico: Matemáticas,2026-1,,0,False
e426f82dec6a33fbd91abbff,Fortalecimiento Académico: Matemáticas,2026-1,,0,False
e608edb42bb9ee93347bacde,Fortalecimiento Académico: Matemáticas,2026-1,,0,False
e75525e3fdd63a16452b1b74,Fortalecimiento Académico: Matemáticas,2026-1,,0,False
e7b594adb9c2ed10463b09b2,Fortalecimiento Académico: Matemáticas,2026-1,,0,False
e8b0350fba2447fda357154f,Fortalecimiento Académico: Matemáticas,2026-1,,0,False
eb02439be79dc0208343e3b4,Fortalecimiento Académico: Matemáticas,2026-1,,0,False
eb51a0d375b386c9bf8c24c5,Fortalecimiento Académico: Matemáticas,2026-1,,0,False
ec976d62584961589b2d4092,Fortalecimiento Académico: Matemáticas,2026-1,,0,False
ecead2e73070d3515630510a,Fortalecimiento Académico: Matemáticas,2026-1,,0,False
ef0bf3eea6656a05208180db,Fortalecimiento Académico: Matemáticas,2026-1,,0,False
f01d093d9c4609c788303307,Fortalecimiento Académico: Matemáticas,2026-1,,0,False
f350925330d57112936a7540,Fortalecimiento Académico: Matemáticas,2026-1,,0,False
f4603f8750589e8e9a5c2b9b,Fortalecimiento Académico: Matemáticas,2026-1,,0,False
f5c6a8066f496291fd751a6a,Fortalecimiento Académico: Matemáticas,2026-1,,0,False
f63a4c8007a6827e116a4949,Fortalecimiento Académico: Matemáticas,2026-1,,0,False
f8af1d1803e25bbc640f944d,Fortalecimiento Académico: Matemáticas,2026-1,,0,False
f8d5dd5224fd1098689656ea,Fortalecimiento Académico: Matemáticas,2026-1,,0,False
fa0f59128ae7e849f1041041,Fortalecimiento Académico: Matemáticas,2026-1,,0,False
fd63f3110e581191a16ea124,Fortalecimiento Académico: Matemáticas,2026-1,,0,False
00bf13ae2c6bc3fa2b2cfe26,Fundamentos Matemáticos,2026-1,4.07,0,False
02630362cdcfe8de2f79f265,Fundamentos Matemáticos,2026-1,3.9,0,False
0485946877247eb171ce0464,Fundamentos Matemáticos,2026-1,3.1,0,False
07b839f52f809a3411e5e7e1,Fundamentos Matemáticos,2026-1,4.16,0,False
08ce0ed1de63c261339ab031,Fundamentos Matemáticos,2026-1,3.28,0,False
092520ff6cf054356b78a495,Fundamentos Matemáticos,2026-1,3.79,0,False
0ad05dd2fd04f226cfa85300,Fundamentos Matemáticos,2026-1,4.39,0,False
0eb030409667f607cfc454c0,Fundamentos Matemáticos,2026-1,4.19,2,True
0f14ac74cd1e5ad9fdbc37dd,Fundamentos Matemáticos,2026-1,4.1,0,False
110b4a1a7f5b4d3ed50695eb,Fundamentos Matemáticos,2026-1,1.51,0,False
12767aa7b5a37fe220dc98cd,Fundamentos Matemáticos,2026-1,4.0,0,False
1308eb7b14faca1eb43728c0,Fundamentos Matemáticos,2026-1,,0,False
143622cbf9c41f319338f8a9,Fundamentos Matemáticos,2026-1,3.34,1,True
14418fcf7fdbbd3caf6276d0,Fundamentos Matemáticos,2026-1,4.68,0,False
1789163156b716684b6ee9e6,Fundamentos Matemáticos,2026-1,2.42,0,False
18c0efcbe3c6ac55e6e0f30c,Fundamentos Matemáticos,2026-1,3.47,0,False
18c8ed95de27b3db9e46c788,Fundamentos Matemáticos,2026-1,4.4,0,False
1a68adf2c453589189bae158,Fundamentos Matemáticos,2026-1,0.0,0,False
1b2032526e9aac7cc829c4b4,Fundamentos Matemáticos,2026-1,4.02,0,False
1d0a43c1cf4d74df5efb1445,Fundamentos Matemáticos,2026-1,4.86,0,False
1f225d9e1d75efefe08af926,Fundamentos Matemáticos,2026-1,3.59,0,False
225388b6828747eac550d57d,Fundamentos Matemáticos,2026-1,,0,False
23814b03e6d63fd72a052fef,Fundamentos Matemáticos,2026-1,3.63,0,False
25a617e083e198104921637a,Fundamentos Matemáticos,2026-1,4.05,0,False
266ca803bbf98e1f91ae8b29,Fundamentos Matemáticos,2026-1,4.0,0,False
27a7a5fc440e2f068ddc8a4b,Fundamentos Matemáticos,2026-1,2.37,0,False
27db8468a09679bff7e99e3c,Fundamentos Matemáticos,2026-1,3.6,0,False
27f7ea9a10a8eaf19d02398a,Fundamentos Matemáticos,2026-1,3.5,0,False
28b1bcc7b8801235ebc0e8b9,Fundamentos Matemáticos,2026-1,3.76,0,False
294bdcbe6bcbfa868f7314f7,Fundamentos Matemáticos,2026-1,3.8,0,False
2b314d5788a604f8fc2095d7,Fundamentos Matemáticos,2026-1,3.8,0,False
2d43a27c87ddba8ca6e5239f,Fundamentos Matemáticos,2026-1,4.84,0,False
30a8943c022398db92088fc7,Fundamentos Matemáticos,2026-1,4.2,0,False
3185eececbb8789732973362,Fundamentos Matemáticos,2026-1,,1,True
33367c39a3292cfcf46f01a4,Fundamentos Matemáticos,2026-1,1.6,0,False
34ccfcd6f602543028eb1b84,Fundamentos Matemáticos,2026-1,4.0,0,False
367d451e59b26d39257dab0d,Fundamentos Matemáticos,2026-1,3.83,1,True
3732846a35b1c980092afa46,Fundamentos Matemáticos,2026-1,3.51,0,False
384553d85533373cb2375e8a,Fundamentos Matemáticos,2026-1,2.78,0,False
39cb6b7a4d2ef39b5684b5ce,Fundamentos Matemáticos,2026-1,3.87,0,False
3ae398cafcbe4d1b8341937d,Fundamentos Matemáticos,2026-1,5.0,0,False
3f9cd6c720f3633853155cd9,Fundamentos Matemáticos,2026-1,4.58,0,False
400014a7a3952db3d2bcbda8,Fundamentos Matemáticos,2026-1,3.9,0,False
40bd36a2b539962aeee1a636,Fundamentos Matemáticos,2026-1,4.08,0,False
417faaead3f56cec4900e9ed,Fundamentos Matemáticos,2026-1,3.8,0,False
4508e03ea4a6f85ba9e49184,Fundamentos Matemáticos,2026-1,4.76,0,False
478d6512a445ea3893994cb9,Fundamentos Matemáticos,2026-1,4.9,0,False
47c4fe768f836b7237d0b4d4,Fundamentos Matemáticos,2026-1,4.68,0,False
48869d99fc6c9e45176cbfb0,Fundamentos Matemáticos,2026-1,4.51,0,False
4a85511cc990c2874b9ce524,Fundamentos Matemáticos,2026-1,4.82,0,False
4ba2cfe94d9016c57569ebe9,Fundamentos Matemáticos,2026-1,0.0,0,False
4c152fe00ed5438cf191affe,Fundamentos Matemáticos,2026-1,2.87,0,False
4d26487ca19bc8a40ec8ee75,Fundamentos Matemáticos,2026-1,3.7,0,False
4d324ffe506c15efa15de348,Fundamentos Matemáticos,2026-1,3.37,0,False
4d4d0fde218b2d7abbcdd378,Fundamentos Matemáticos,2026-1,3.5,0,False
4d69197784726bd6c668fccf,Fundamentos Matemáticos,2026-1,3.14,0,False
4dbf3a12e8d0a95e5394be8a,Fundamentos Matemáticos,2026-1,3.6,0,False
4f76183d97e47bceb9c1ea01,Fundamentos Matemáticos,2026-1,3.58,0,False
4f8bd4d8b43e4bd1ebeba025,Fundamentos Matemáticos,2026-1,3.12,0,False
52db9d338150e27b4295e2a7,Fundamentos Matemáticos,2026-1,4.42,0,False
5593215f7d96ff831fd4541f,Fundamentos Matemáticos,2026-1,4.3,0,False
55bc457c2623f72536b644a1,Fundamentos Matemáticos,2026-1,3.54,0,False
564afacc24a092b954701967,Fundamentos Matemáticos,2026-1,4.2,0,False
566142a5d2523cc9983a76ab,Fundamentos Matemáticos,2026-1,4.01,0,False
57b45c748abbb85e4bb838a5,Fundamentos Matemáticos,2026-1,4.4,0,False
599945c34cb44e77f35c3833,Fundamentos Matemáticos,2026-1,5.0,0,False
59eff624aa40e6230f41d0f3,Fundamentos Matemáticos,2026-1,,0,False
5b30235177c822ebab1e7d07,Fundamentos Matemáticos,2026-1,4.21,0,False
5f7a607b1fa95e4bbe6997c7,Fundamentos Matemáticos,2026-1,2.78,0,False
60201d6c936a016e4d951d35,Fundamentos Matemáticos,2026-1,3.59,0,False
61559d3c5f4d1eb041ffb52d,Fundamentos Matemáticos,2026-1,4.4,0,False
619c46cff3b9d7fc37110e9c,Fundamentos Matemáticos,2026-1,3.67,0,False
634d0f20979428df01204382,Fundamentos Matemáticos,2026-1,,0,False
642dce7c53c10fff8e12ab98,Fundamentos Matemáticos,2026-1,,0,False
6483ee6eb4b792365ae696a1,Fundamentos Matemáticos,2026-1,2.32,0,False
64dc35c55affa36d2bd69561,Fundamentos Matemáticos,2026-1,3.0,0,False
66f5480208d84f259fc51db7,Fundamentos Matemáticos,2026-1,4.1,0,False
67a37284898b0e5909ae53d8,Fundamentos Matemáticos,2026-1,3.92,0,False
68158d5ba97d62a351f558ac,Fundamentos Matemáticos,2026-1,4.94,0,False
695720cff4bdda03ee3e9db6,Fundamentos Matemáticos,2026-1,3.15,1,True
69f8c63397dc78108df52500,Fundamentos Matemáticos,2026-1,2.1,0,False
6b8f7dcac6f996175a905a7d,Fundamentos Matemáticos,2026-1,2.66,0,False
6f41b5761dd32ad7fd3aa56b,Fundamentos Matemáticos,2026-1,3.4,0,False
70a4428336a78bbbb93a7645,Fundamentos Matemáticos,2026-1,3.69,0,False
73743931c2638c696f4884a8,Fundamentos Matemáticos,2026-1,3.9,0,False
7387da93cd0c9b675d5bd6f5,Fundamentos Matemáticos,2026-1,4.3,0,False
74bc0475bdcbf0125b26ec74,Fundamentos Matemáticos,2026-1,4.0,0,False
7568c7356327a2070ca159a6,Fundamentos Matemáticos,2026-1,3.03,0,False
7646b085187564a672ceab3a,Fundamentos Matemáticos,2026-1,3.9,0,False
78490027eec9ba216f447535,Fundamentos Matemáticos,2026-1,2.48,0,False
7abef37e2c06e090048d69e5,Fundamentos Matemáticos,2026-1,3.53,0,False
7bbfde480d71644255ccc60c,Fundamentos Matemáticos,2026-1,3.85,1,True
7c20d9aaa177c0c55b4efc33,Fundamentos Matemáticos,2026-1,2.65,0,False
7d1f79f6526afe174417db61,Fundamentos Matemáticos,2026-1,3.58,0,False
7d47fa3bb5c259a14b0aa22f,Fundamentos Matemáticos,2026-1,4.5,0,False
7dcc296547efce72584f5ee9,Fundamentos Matemáticos,2026-1,,0,False
7ec4fa1b7cfb7ca63c39e6a7,Fundamentos Matemáticos,2026-1,,0,False
7f93fc3a4dc9fa911e9b0873,Fundamentos Matemáticos,2026-1,3.21,1,True
80654358eca036898f90fb37,Fundamentos Matemáticos,2026-1,4.7,0,False
80eb3951948451deb0ddec77,Fundamentos Matemáticos,2026-1,4.1,0,False
84704a277d312a507b7cdfde,Fundamentos Matemáticos,2026-1,3.58,1,True
857322df6a8e82ff185787ad,Fundamentos Matemáticos,2026-1,3.59,1,True
86e524c08bd39b89f78e8097,Fundamentos Matemáticos,2026-1,,0,False
8a1c56ac70e8ceba1fc9000e,Fundamentos Matemáticos,2026-1,3.9,0,False
8a64e82fdf6b5692138aeef4,Fundamentos Matemáticos,2026-1,4.38,0,False
8bead020ea181c85cf833293,Fundamentos Matemáticos,2026-1,4.5,0,False
8c82eebbb0b49820620ec5dd,Fundamentos Matemáticos,2026-1,3.71,0,False
8d7289c5d4e77da52824b864,Fundamentos Matemáticos,2026-1,3.55,0,False
8d83bd7e71960438e9b1bacf,Fundamentos Matemáticos,2026-1,,0,False
8dc6585ca03c49583d8a038e,Fundamentos Matemáticos,2026-1,3.5,0,False
8ea32c0269caae600d7b888d,Fundamentos Matemáticos,2026-1,4.06,0,False
92858cf8af87f72d30a11f30,Fundamentos Matemáticos,2026-1,5.0,0,False
958db126b726feca5e9527b3,Fundamentos Matemáticos,2026-1,3.51,1,True
96b5956be0aaa8cdf3dffa26,Fundamentos Matemáticos,2026-1,3.8,0,False
97a587823d4de5e431d7695b,Fundamentos Matemáticos,2026-1,4.4,0,False
98d68cececff3ffd008dda17,Fundamentos Matemáticos,2026-1,5.0,0,False
99554368315859aebd22e4b6,Fundamentos Matemáticos,2026-1,4.96,0,False
99e4ea1551d25b4499f426ac,Fundamentos Matemáticos,2026-1,4.4,0,False
9a5f8810b5dfd03ed0994716,Fundamentos Matemáticos,2026-1,4.11,0,False
9b8233c9a2c07bdb815a2677,Fundamentos Matemáticos,2026-1,3.62,0,False
9bd2e0abc17ba60c01c10872,Fundamentos Matemáticos,2026-1,4.24,0,False
9d61b1d572accb201fddbb4f,Fundamentos Matemáticos,2026-1,3.5,0,False
9d6f456697b10ced67d664d2,Fundamentos Matemáticos,2026-1,2.12,0,False
9ece0761bfd6acd464cfb41a,Fundamentos Matemáticos,2026-1,4.2,0,False
9ed368bc721e9f33a772e108,Fundamentos Matemáticos,2026-1,4.4,0,False
a0198b83bcdcbb0e71fe0c38,Fundamentos Matemáticos,2026-1,5.0,0,False
a036ae65246382b9a0c6a656,Fundamentos Matemáticos,2026-1,4.5,0,False
a132bc341a03e7d5ea4bb3cc,Fundamentos Matemáticos,2026-1,3.1,1,True
a175876966694c7769747324,Fundamentos Matemáticos,2026-1,3.7,0,False
a22b6a85eea19f3028840004,Fundamentos Matemáticos,2026-1,3.29,2,True
a24b334f89d92e9a667c0e76,Fundamentos Matemáticos,2026-1,4.0,2,True
a260d6bb1d762ac9288bc0f1,Fundamentos Matemáticos,2026-1,5.0,0,False
a2f912c60b0af63daba7572b,Fundamentos Matemáticos,2026-1,3.81,0,False
a6abfe3d3e2d1c135222b685,Fundamentos Matemáticos,2026-1,3.17,1,True
a71362007d811380f07f050f,Fundamentos Matemáticos,2026-1,4.8,0,False
a7a7dd00bb2504d14ba1f66f,Fundamentos Matemáticos,2026-1,,1,True
a829fa4ae7b0976606457df4,Fundamentos Matemáticos,2026-1,4.7,0,False
a876472e6729c77da0ce0c6c,Fundamentos Matemáticos,2026-1,4.8,0,False
a98f079e6744d42f2b17fcf3,Fundamentos Matemáticos,2026-1,3.6,0,False
a9b8c09c54f6c450a28978d2,Fundamentos Matemáticos,2026-1,3.19,0,False
ac97c58d231b241dbe2fe6b8,Fundamentos Matemáticos,2026-1,3.8,0,False
ae2a6ef6065a0bb1b5813870,Fundamentos Matemáticos,2026-1,3.7,0,False
ae57c6d8603d34b3df51120b,Fundamentos Matemáticos,2026-1,4.02,1,True
af4a44ecda63e2f874166230,Fundamentos Matemáticos,2026-1,2.84,0,False
b0749a87489b16ba80364635,Fundamentos Matemáticos,2026-1,5.0,0,False
b1a48019adb83e5d9be82470,Fundamentos Matemáticos,2026-1,3.3,0,False
b22aedec870d7d8b05d20bcc,Fundamentos Matemáticos,2026-1,3.85,0,False
b2b18986a1826d1df10e8301,Fundamentos Matemáticos,2026-1,4.1,0,False
b3d0bb43e288e7fad59941ec,Fundamentos Matemáticos,2026-1,3.2,0,False
b52c35abf9b06c9f4f1e87f6,Fundamentos Matemáticos,2026-1,3.68,0,False
b56cb31ec6b902702a6320b6,Fundamentos Matemáticos,2026-1,4.0,0,False
b5e5c015d25e11ee96c1884c,Fundamentos Matemáticos,2026-1,4.12,0,False
b614203634b708f6787f19d2,Fundamentos Matemáticos,2026-1,5.0,0,False
b6a9aebcbf5c6026d9e60d2a,Fundamentos Matemáticos,2026-1,4.5,0,False
b7f953113cbba0bb21ae2eba,Fundamentos Matemáticos,2026-1,4.91,0,False
b97c651e06f918c8394495e0,Fundamentos Matemáticos,2026-1,,0,False
b9f89bd27f65f591131e67db,Fundamentos Matemáticos,2026-1,3.0,0,False
bb2de516c1b9e5c703d15697,Fundamentos Matemáticos,2026-1,4.6,0,False
bce750ae8204fb92a5563e28,Fundamentos Matemáticos,2026-1,3.94,0,False
bd047ae2df0ded38534b0636,Fundamentos Matemáticos,2026-1,0.0,0,False
bdb4ea3c9453a3092d6bb16f,Fundamentos Matemáticos,2026-1,3.2,0,False
be9d34471597a9d59a196f12,Fundamentos Matemáticos,2026-1,5.0,0,False
c04154e66bb68144a46c2e86,Fundamentos Matemáticos,2026-1,4.7,0,False
c0a11da5ec115700b340ade1,Fundamentos Matemáticos,2026-1,3.51,0,False
c10e0131342d70e904e67d42,Fundamentos Matemáticos,2026-1,4.0,0,False
c149e8af7f3953a2190178cb,Fundamentos Matemáticos,2026-1,3.51,0,False
c34fb98e2620b05e0bed6c59,Fundamentos Matemáticos,2026-1,3.57,0,False
c4b6ffabb6608a15a0129586,Fundamentos Matemáticos,2026-1,3.61,0,False
c6f23c29ed5ac193dfdd87ea,Fundamentos Matemáticos,2026-1,3.98,0,False
c777c39341c51e7f84b1c9dd,Fundamentos Matemáticos,2026-1,3.71,0,False
c85d77736316265ff421539a,Fundamentos Matemáticos,2026-1,4.14,0,False
ca5077adb5510c01d3b6973b,Fundamentos Matemáticos,2026-1,4.52,0,False
cb01b297427e41ef3ce42ce6,Fundamentos Matemáticos,2026-1,3.65,0,False
cdb7e2adee37b00c67c8bce1,Fundamentos Matemáticos,2026-1,4.5,0,False
ce818fb070bc20de3d521545,Fundamentos Matemáticos,2026-1,3.44,1,True
cf08c6199454fbee84a9b8ad,Fundamentos Matemáticos,2026-1,4.67,1,True
d020531e17f34a7a71f7e47e,Fundamentos Matemáticos,2026-1,3.71,0,False
d22ce701f1aeb6d87aee1137,Fundamentos Matemáticos,2026-1,3.8,0,False
d2723da02d89d868fc461d19,Fundamentos Matemáticos,2026-1,2.72,0,False
d3749f32bf191d39acb3548c,Fundamentos Matemáticos,2026-1,3.99,0,False
d382ca31aac753dbaa4a1b79,Fundamentos Matemáticos,2026-1,3.5,0,False
d687ace247fec15e4f7f8639,Fundamentos Matemáticos,2026-1,4.52,0,False
d81c96c20f2df3e1218fd665,Fundamentos Matemáticos,2026-1,3.0,0,False
da2b1a70a04281760874f05a,Fundamentos Matemáticos,2026-1,3.4,0,False
db99b71dbfba318f4bf582a5,Fundamentos Matemáticos,2026-1,3.4,0,False
dc22c16743496bcdc005ea17,Fundamentos Matemáticos,2026-1,5.0,0,False
dd2b427df2b35b784ef227e2,Fundamentos Matemáticos,2026-1,3.8,0,False
de7eab248bbd2467826929d5,Fundamentos Matemáticos,2026-1,4.11,0,False
e023810c906946c4e6090305,Fundamentos Matemáticos,2026-1,4.22,1,True
e0bae91a26860083476df8ed,Fundamentos Matemáticos,2026-1,2.47,0,False
e0c72d00486852f1b5c31848,Fundamentos Matemáticos,2026-1,4.1,0,False
e1048b646af3f275c8e9e882,Fundamentos Matemáticos,2026-1,4.86,0,False
e2d63ae49b9302a982a93a11,Fundamentos Matemáticos,2026-1,,0,False
e3f912211ba546debd1b9777,Fundamentos Matemáticos,2026-1,4.5,1,True
e3f91906b7784a6bf710548c,Fundamentos Matemáticos,2026-1,3.64,0,False
e4c4cdb3d004afec63ede085,Fundamentos Matemáticos,2026-1,3.19,1,True
e4eef031fcd4b7a21b97ce64,Fundamentos Matemáticos,2026-1,4.5,0,False
e56d945426b8f80d7d89de14,Fundamentos Matemáticos,2026-1,4.5,0,False
e5f6043f8466e6b653ea3c43,Fundamentos Matemáticos,2026-1,4.86,0,False
e75d78dd11dfa284050ecafa,Fundamentos Matemáticos,2026-1,4.44,0,False
e7696ad9176f0d9c46706482,Fundamentos Matemáticos,2026-1,3.5,0,False
e8b0350fba2447fda357154f,Fundamentos Matemáticos,2026-1,,0,False
eb30a90ec386fc6aa651f261,Fundamentos Matemáticos,2026-1,3.7,0,False
ecead2e73070d3515630510a,Fundamentos Matemáticos,2026-1,1.6,0,False
f3b9c231e5bfdd3c7e4e125f,Fundamentos Matemáticos,2026-1,3.83,0,False
f5f4651f98f806ebc45ebed6,Fundamentos Matemáticos,2026-1,4.64,0,False
f63a4c8007a6827e116a4949,Fundamentos Matemáticos,2026-1,3.6,0,False
f65965b433b04f5025cc79e3,Fundamentos Matemáticos,2026-1,3.79,0,False
f93e2293b8fcc1a70b1505bd,Fundamentos Matemáticos,2026-1,3.0,0,False
fa1d27d1873f8d26c4489eaa,Fundamentos Matemáticos,2026-1,3.18,0,False
fa74fb549b37981f6641eb76,Fundamentos Matemáticos,2026-1,3.64,0,False
fd40cfda2ec7623d8125f0a5,Fundamentos Matemáticos,2026-1,,0,False
06d1c0e326f52068b818dddb,Fundamentos de Química,2026-1,,0,False
079e0bb43050809b7587d422,Fundamentos de Química,2026-1,1.35,0,False
07bc50e6c2a3c6d17336c74c,Fundamentos de Química,2026-1,3.02,1,True
0859a951c536501fdb4a6645,Fundamentos de Química,2026-1,2.19,1,True
08ce0ed1de63c261339ab031,Fundamentos de Química,2026-1,3.29,0,False
0ad05dd2fd04f226cfa85300,Fundamentos de Química,2026-1,3.55,0,False
0ea0de138392f7ff7954747c,Fundamentos de Química,2026-1,3.04,1,True
0f14ac74cd1e5ad9fdbc37dd,Fundamentos de Química,2026-1,3.65,0,False
104914860e612d95564666b4,Fundamentos de Química,2026-1,,0,False
10a76c7697c3a428944e6add,Fundamentos de Química,2026-1,3.52,0,False
11e82e37c30e102da40ab6be,Fundamentos de Química,2026-1,4.65,0,False
143622cbf9c41f319338f8a9,Fundamentos de Química,2026-1,3.36,0,False
14418fcf7fdbbd3caf6276d0,Fundamentos de Química,2026-1,3.84,0,False
15eeb62881977e5efc4d25fb,Fundamentos de Química,2026-1,3.74,0,False
166bb74ef810034d9de43e90,Fundamentos de Química,2026-1,3.02,0,False
18c8ed95de27b3db9e46c788,Fundamentos de Química,2026-1,4.54,1,True
19e31d0851a0941290883d4d,Fundamentos de Química,2026-1,3.56,0,False
1d0a43c1cf4d74df5efb1445,Fundamentos de Química,2026-1,4.07,1,True
1f16fbedff92fb4f256ff61b,Fundamentos de Química,2026-1,0.83,0,False
1f225d9e1d75efefe08af926,Fundamentos de Química,2026-1,2.55,0,False
21d7f729aaa3bc314e56ec72,Fundamentos de Química,2026-1,4.36,1,True
2262f78662cf8f992f7d0b3e,Fundamentos de Química,2026-1,3.48,0,False
22bb09f3a33f03ce1dbe4a37,Fundamentos de Química,2026-1,,0,False
25edc455d2d60d9097145a62,Fundamentos de Química,2026-1,,0,False
266ca803bbf98e1f91ae8b29,Fundamentos de Química,2026-1,3.3,0,False
2a063bf494241be7ee0e626e,Fundamentos de Química,2026-1,3.4,0,False
2c5abda0e980fb16895a286e,Fundamentos de Química,2026-1,4.68,0,False
2d1e4f834182d614364526f0,Fundamentos de Química,2026-1,3.02,0,False
30a8943c022398db92088fc7,Fundamentos de Química,2026-1,3.6,0,False
30d35e36dfbd44fb2643e663,Fundamentos de Química,2026-1,3.09,0,False
31fda14f6098c3ed2a0d3dc5,Fundamentos de Química,2026-1,4.34,0,False
367d451e59b26d39257dab0d,Fundamentos de Química,2026-1,3.47,0,False
3e607c3d10972d3e8e7a1c5c,Fundamentos de Química,2026-1,4.02,0,False
40bd36a2b539962aeee1a636,Fundamentos de Química,2026-1,3.56,0,False
45939362bf1a51a700cce60d,Fundamentos de Química,2026-1,,0,False
48d2309d22ddffba66307380,Fundamentos de Química,2026-1,2.55,0,False
4ca3282889c39495f399104d,Fundamentos de Química,2026-1,1.13,0,False
4dbf3a12e8d0a95e5394be8a,Fundamentos de Química,2026-1,3.04,1,True
4f8bd4d8b43e4bd1ebeba025,Fundamentos de Química,2026-1,3.33,0,False
5593215f7d96ff831fd4541f,Fundamentos de Química,2026-1,3.33,0,False
564afacc24a092b954701967,Fundamentos de Química,2026-1,3.93,1,True
5818e233b5bbd3a777032ee6,Fundamentos de Química,2026-1,,0,False
5989284588faa346d267c1ae,Fundamentos de Química,2026-1,0.61,0,False
59eff624aa40e6230f41d0f3,Fundamentos de Química,2026-1,,0,False
5e2267ed905084442694f360,Fundamentos de Química,2026-1,0.05,0,False
5ea73bfa5723c2a4b83ef286,Fundamentos de Química,2026-1,3.39,0,False
5fd2d48aa1b3a4dbcd338abd,Fundamentos de Química,2026-1,1.58,0,False
60201d6c936a016e4d951d35,Fundamentos de Química,2026-1,3.13,0,False
62394f1b525797d6e57557d7,Fundamentos de Química,2026-1,3.35,0,False
6394d84ee2127343b90a88d9,Fundamentos de Química,2026-1,,0,False
64dc35c55affa36d2bd69561,Fundamentos de Química,2026-1,3.08,0,False
65494d6026c6cfad66f19f90,Fundamentos de Química,2026-1,3.84,1,True
6be2eaf61dad93033080607f,Fundamentos de Química,2026-1,4.69,0,False
6c83c0cbceb2dfc748b155fe,Fundamentos de Química,2026-1,3.03,0,False
6e221fd399c66d2d8d7d8ea9,Fundamentos de Química,2026-1,2.68,0,False
731bfbc6af2964a33bad077f,Fundamentos de Química,2026-1,3.97,1,True
733f1647be2a8d4383fb43e2,Fundamentos de Química,2026-1,4.51,0,False
73d6aa9a188fcb43b149620a,Fundamentos de Química,2026-1,3.3,0,False
758f2b40715b3a34148ccf89,Fundamentos de Química,2026-1,3.81,0,False
75fd51d55f12ee62735b4553,Fundamentos de Química,2026-1,3.0,0,False
76cfc9562e242d4028c18dd0,Fundamentos de Química,2026-1,3.34,0,False
7bbfde480d71644255ccc60c,Fundamentos de Química,2026-1,3.78,0,False
7c20d9aaa177c0c55b4efc33,Fundamentos de Química,2026-1,3.29,0,False
7d1f79f6526afe174417db61,Fundamentos de Química,2026-1,3.02,0,False
7dcc296547efce72584f5ee9,Fundamentos de Química,2026-1,3.02,0,False
7ec4fa1b7cfb7ca63c39e6a7,Fundamentos de Química,2026-1,,0,False
892e1800e77ea52f217a2098,Fundamentos de Química,2026-1,,0,False
8a1c56ac70e8ceba1fc9000e,Fundamentos de Química,2026-1,1.64,0,False
8a64e82fdf6b5692138aeef4,Fundamentos de Química,2026-1,3.67,0,False
8bead020ea181c85cf833293,Fundamentos de Química,2026-1,3.8,0,False
8d7289c5d4e77da52824b864,Fundamentos de Química,2026-1,2.54,0,False
8dc6585ca03c49583d8a038e,Fundamentos de Química,2026-1,3.0,0,False
8ea32c0269caae600d7b888d,Fundamentos de Química,2026-1,3.03,0,False
90d45967703cc33e75f10598,Fundamentos de Química,2026-1,3.08,0,False
922c72b5710b4d9def52641b,Fundamentos de Química,2026-1,3.06,0,False
92858cf8af87f72d30a11f30,Fundamentos de Química,2026-1,4.31,0,False
932ad2d41b42adc7d2db705e,Fundamentos de Química,2026-1,2.72,0,False
960114f8668f5d573d458dc8,Fundamentos de Química,2026-1,3.43,0,False
9696008588f53f870fe8a104,Fundamentos de Química,2026-1,3.68,0,False
96ab0f94d541ad9d5d16031b,Fundamentos de Química,2026-1,3.09,0,False
974ebea015e9c5c9e069953f,Fundamentos de Química,2026-1,0.89,0,False
97a587823d4de5e431d7695b,Fundamentos de Química,2026-1,4.27,0,False
98d68cececff3ffd008dda17,Fundamentos de Química,2026-1,4.48,1,True
9a05c69b9f72b6d4f4b47bc7,Fundamentos de Química,2026-1,3.68,0,False
9e49da7fdd34d09dcf54f595,Fundamentos de Química,2026-1,3.03,0,False
9ece0761bfd6acd464cfb41a,Fundamentos de Química,2026-1,3.27,1,True
a016bb3bf3c5aaa05838b11e,Fundamentos de Química,2026-1,1.9,0,False
a2f912c60b0af63daba7572b,Fundamentos de Química,2026-1,4.04,0,False
a4b1aed3c6b2393a8e4f7da4,Fundamentos de Química,2026-1,0.0,0,False
a5d9d1410f971d51fc8084f8,Fundamentos de Química,2026-1,,0,False
a6abfe3d3e2d1c135222b685,Fundamentos de Química,2026-1,3.25,0,False
a71362007d811380f07f050f,Fundamentos de Química,2026-1,4.75,0,False
a7276e53d90addd6ed217a88,Fundamentos de Química,2026-1,3.13,0,False
a829fa4ae7b0976606457df4,Fundamentos de Química,2026-1,3.98,1,True
a980ba012134a96d6f4ba619,Fundamentos de Química,2026-1,3.04,0,False
aa3d0f6c1e5eaf0e1f6b71fc,Fundamentos de Química,2026-1,3.57,0,False
acd092e7a054e450eeffc019,Fundamentos de Química,2026-1,3.55,0,False
ae57c6d8603d34b3df51120b,Fundamentos de Química,2026-1,3.69,0,False
af4a44ecda63e2f874166230,Fundamentos de Química,2026-1,,0,False
b299ac87bc6d028b43e9c04e,Fundamentos de Química,2026-1,0.59,0,False
b3be86410800155c244b432c,Fundamentos de Química,2026-1,,0,False
b3fd2c979a38e99c6988269c,Fundamentos de Química,2026-1,3.22,0,False
b52c35abf9b06c9f4f1e87f6,Fundamentos de Química,2026-1,3.12,0,False
b6a9aebcbf5c6026d9e60d2a,Fundamentos de Química,2026-1,4.09,0,False
b7f953113cbba0bb21ae2eba,Fundamentos de Química,2026-1,4.13,0,False
b88d1254350c78bb8a26c2e1,Fundamentos de Química,2026-1,3.02,0,False
b91434fd61fd06d2344df54b,Fundamentos de Química,2026-1,3.62,0,False
b9d6ed977294512031c14f8d,Fundamentos de Química,2026-1,3.42,0,False
ba1096df98936d5914087130,Fundamentos de Química,2026-1,3.01,0,False
bce750ae8204fb92a5563e28,Fundamentos de Química,2026-1,2.58,0,False
c4b6ffabb6608a15a0129586,Fundamentos de Química,2026-1,3.07,0,False
c71e8f9dc724dd6020110a43,Fundamentos de Química,2026-1,2.08,0,False
c777c39341c51e7f84b1c9dd,Fundamentos de Química,2026-1,3.02,0,False
c8e4678e6b3cffb2ae83e48b,Fundamentos de Química,2026-1,3.38,0,False
ca1cde21a916a95a251e91a2,Fundamentos de Química,2026-1,4.21,1,True
ce818fb070bc20de3d521545,Fundamentos de Química,2026-1,3.44,0,False
cf08c6199454fbee84a9b8ad,Fundamentos de Química,2026-1,4.27,2,True
d020531e17f34a7a71f7e47e,Fundamentos de Química,2026-1,2.55,0,False
d1d949c957214ec47c8f238e,Fundamentos de Química,2026-1,0.44,0,False
d2723da02d89d868fc461d19,Fundamentos de Química,2026-1,,0,False
d687ace247fec15e4f7f8639,Fundamentos de Química,2026-1,,0,False
d81c96c20f2df3e1218fd665,Fundamentos de Química,2026-1,,0,False
d8afbcb53c9b20850208e9b2,Fundamentos de Química,2026-1,,0,False
da2b1a70a04281760874f05a,Fundamentos de Química,2026-1,3.9,1,True
e023810c906946c4e6090305,Fundamentos de Química,2026-1,3.45,0,False
e3f912211ba546debd1b9777,Fundamentos de Química,2026-1,4.54,4,True
e426f82dec6a33fbd91abbff,Fundamentos de Química,2026-1,,0,False
e434e3be1f42324c1fe15139,Fundamentos de Química,2026-1,,0,False
e85f73212a160de10027ec0a,Fundamentos de Química,2026-1,3.07,0,False
e8b0350fba2447fda357154f,Fundamentos de Química,2026-1,,0,False
e9652fb80f9cd50aaf97f2be,Fundamentos de Química,2026-1,3.04,0,False
ea780b4519ec66db1077300b,Fundamentos de Química,2026-1,3.31,0,False
edfd2dec03e08d23af439e33,Fundamentos de Química,2026-1,1.22,0,False
f206bf8aa26fbb2849ba4118,Fundamentos de Química,2026-1,3.47,0,False
f3b9c231e5bfdd3c7e4e125f,Fundamentos de Química,2026-1,3.9,0,False
f4742fbdebd7fc2d115706a1,Fundamentos de Química,2026-1,3.98,0,False
f6d5f6b5ca4ed38fa002a6b2,Fundamentos de Química,2026-1,2.57,0,False
f8ab7392c22c216cba640be9,Fundamentos de Química,2026-1,0.0,0,False
f93e2293b8fcc1a70b1505bd,Fundamentos de Química,2026-1,2.74,1,True
fdb8835b0456a4a32a501de1,Fundamentos de Química,2026-1,3.15,0,False
ff6ec1ec62e2dc3927b52095,Fundamentos de Química,2026-1,4.0,0,False
021c8ee196052cbdf6918d8d,Física Mecánica,2026-1,3.85,1,True
02607c2c2b3880b1514e3e1e,Física Mecánica,2026-1,3.0,0,False
0b8a81e4873bc92acdd571af,Física Mecánica,2026-1,3.01,9,True
0c9550d05cef6c0040c586ad,Física Mecánica,2026-1,3.21,5,True
0ce5ce20fa95efc8135c0857,Física Mecánica,2026-1,3.4,0,False
0ea2c7ad61ca26f92f4ffae6,Física Mecánica,2026-1,3.82,0,False
10067850c327c8ee925cdf0f,Física Mecánica,2026-1,,0,False
10a76c7697c3a428944e6add,Física Mecánica,2026-1,3.09,0,False
1135548ea7dedf8302dcdef5,Física Mecánica,2026-1,,1,True
11e82e37c30e102da40ab6be,Física Mecánica,2026-1,3.91,0,False
13643fd4ba89146bc67dd43a,Física Mecánica,2026-1,,0,False
163ca1e283332d7e04bf5ff1,Física Mecánica,2026-1,3.36,0,False
178b0e71cc7c588c59f4520e,Física Mecánica,2026-1,,0,False
17ec940cc5519508bcea2dd3,Física Mecánica,2026-1,3.13,2,True
1988c5c56ec10f2b0e74ea8c,Física Mecánica,2026-1,,0,False
2179eee37a6abd83c87a495e,Física Mecánica,2026-1,3.09,2,True
21b189e186d11e6978921e84,Física Mecánica,2026-1,3.71,0,False
21e3aaacd5e71e74f4b97262,Física Mecánica,2026-1,4.19,0,False
229c2f30234a7d40cf9bfed2,Física Mecánica,2026-1,,1,True
236f2787e3dc1046e28d87cb,Física Mecánica,2026-1,1.29,0,False
25785137300f10f9cd9bc5d2,Física Mecánica,2026-1,3.53,0,False
259f66f5be8c36c4d058e792,Física Mecánica,2026-1,3.12,0,False
25c6841db688390d38a5ea36,Física Mecánica,2026-1,3.03,1,True
2670823b504d3da772963662,Física Mecánica,2026-1,3.05,0,False
2737adb8f4df5a99743b64a1,Física Mecánica,2026-1,3.15,0,False
288fe50c824af9fb690bfec4,Física Mecánica,2026-1,3.38,0,False
28f107cc1b2336d0453e13a9,Física Mecánica,2026-1,3.62,0,False
2a3276256e0e66393d9d50de,Física Mecánica,2026-1,3.64,0,False
2bd7cc4465d4920057326a71,Física Mecánica,2026-1,4.56,0,False
2d237e685f433409aaa10514,Física Mecánica,2026-1,2.69,0,False
31b47f11a3122e9dcf39d8f8,Física Mecánica,2026-1,2.7,2,True
32a1e8316125ca2c20195004,Física Mecánica,2026-1,4.11,0,False
334a21144779a14204dfde4d,Física Mecánica,2026-1,1.59,0,False
36b632f201f0eb5e5cc1fbb8,Física Mecánica,2026-1,3.0,0,False
373b0f28ddd1594f55c870b3,Física Mecánica,2026-1,1.65,0,False
37d68429464bdc5f79af3e88,Física Mecánica,2026-1,1.8,0,False
3982b089aa79e2817aa98242,Física Mecánica,2026-1,2.8,0,False
3b5403278140780c98c835f9,Física Mecánica,2026-1,,0,False
3c8c686be99b65080e4f178d,Física Mecánica,2026-1,3.1,0,False
3d477ee54622bd2ce0fa992b,Física Mecánica,2026-1,4.39,0,False
3daa46a08c9b207bfb9e81d4,Física Mecánica,2026-1,2.65,0,False
3eb19667ff53eb503a5a5d97,Física Mecánica,2026-1,3.0,1,True
3fdc824c854d63af5a080c32,Física Mecánica,2026-1,,0,False
41fdb0969dc0b1e0329645c5,Física Mecánica,2026-1,3.26,0,False
42145e4e40b537bb85d5c746,Física Mecánica,2026-1,3.17,0,False
42806bdb0bd294e70754d835,Física Mecánica,2026-1,,0,False
45f112d072eaaad51bc884d3,Física Mecánica,2026-1,3.08,0,False
460414d766caaea49089dbb5,Física Mecánica,2026-1,3.13,1,True
46e80c8db6f1e9197f2416d1,Física Mecánica,2026-1,3.09,0,False
4734097de43f86bfed1aaefd,Física Mecánica,2026-1,,0,False
47be8a6c8ef3e04343bf9307,Física Mecánica,2026-1,,0,False
47ef0e890a270c76039be03a,Física Mecánica,2026-1,3.92,0,False
4e2d84d2012d30ed6ee33b2a,Física Mecánica,2026-1,,0,False
4e427dcab8484769b09262b1,Física Mecánica,2026-1,,1,True
4fa129a25c3d4829567a6817,Física Mecánica,2026-1,3.0,0,False
514b8cc9ae9b859db7bff512,Física Mecánica,2026-1,3.0,0,False
51f46ffde5ec1f58f012d466,Física Mecánica,2026-1,,0,False
52ce94c47b9119e0e8f2927e,Física Mecánica,2026-1,3.2,0,False
54e362349d31253979fbfb6b,Física Mecánica,2026-1,2.51,0,False
5711e58e7c8f0db5c1232abe,Física Mecánica,2026-1,2.78,1,True
57650a12a74806abb04acf92,Física Mecánica,2026-1,3.1,1,True
57db98ab11ebada3f952e249,Física Mecánica,2026-1,,0,False
5ad10194b9bdd68278e7b5c1,Física Mecánica,2026-1,3.72,0,False
5be64427fd515ae8dc638ad5,Física Mecánica,2026-1,3.12,0,False
5bf5bc7869a8b92642cb18e2,Física Mecánica,2026-1,3.42,0,False
5c76332744e45a8ae00e436b,Física Mecánica,2026-1,,0,False
6005aaf00603ae76247dbcfc,Física Mecánica,2026-1,,0,False
60201d6c936a016e4d951d35,Física Mecánica,2026-1,,0,False
61f257fb27edb95311cf49a7,Física Mecánica,2026-1,3.16,1,True
639385851765769842904f9a,Física Mecánica,2026-1,,0,False
64117d4491f05017577bc106,Física Mecánica,2026-1,,0,False
64c2168569b3dcba70d72efe,Física Mecánica,2026-1,3.11,1,True
66218c901ce8602df70fed37,Física Mecánica,2026-1,3.06,0,False
6707592cd76df754070dfb7f,Física Mecánica,2026-1,3.88,0,False
6753428844659be3d48b589e,Física Mecánica,2026-1,3.7,0,False
68355669477bc52350b94dc5,Física Mecánica,2026-1,3.1,0,False
69cbe0964b76ca29911ec264,Física Mecánica,2026-1,3.38,0,False
6cdff45e9d66d79cd0bec150,Física Mecánica,2026-1,3.51,0,False
6deb926343375dec2e623de0,Física Mecánica,2026-1,3.16,0,False
6e221fd399c66d2d8d7d8ea9,Física Mecánica,2026-1,,0,False
6f41b5761dd32ad7fd3aa56b,Física Mecánica,2026-1,3.31,0,False
717b66230eb18410d67cc96f,Física Mecánica,2026-1,3.78,0,False
71f4960bbe7484d91bd12e36,Física Mecánica,2026-1,3.62,0,False
7216adaed12532972152a339,Física Mecánica,2026-1,,1,True
72ea45ee64d3b3870bdce3bf,Física Mecánica,2026-1,2.93,2,True
731bfbc6af2964a33bad077f,Física Mecánica,2026-1,3.7,3,True
742079d6db5a070ae174d0be,Física Mecánica,2026-1,3.28,0,False
774afd4c2c08a3daaa174617,Física Mecánica,2026-1,,0,False
77d782ce22a23b6985f8f17e,Física Mecánica,2026-1,3.41,0,False
7b44b732dc09c988e961b234,Física Mecánica,2026-1,2.55,0,False
7c56f5e731d13e27bbbe9319,Física Mecánica,2026-1,,0,False
7da38e16790671daaf288b07,Física Mecánica,2026-1,2.75,1,True
7ead4e8deebfde7a722c435f,Física Mecánica,2026-1,2.75,0,False
7f612fc5f2a647aebfa21016,Física Mecánica,2026-1,4.06,0,False
8060a99a42be56f7332f9883,Física Mecánica,2026-1,3.39,0,False
80814f184c4f10df290cba0b,Física Mecánica,2026-1,3.45,0,False
8457a968845f7fd25b5bfab1,Física Mecánica,2026-1,,0,False
8566a4eec0c018fcf45eb0ab,Física Mecánica,2026-1,3.08,0,False
85ac4bce41b5d646b80b471e,Física Mecánica,2026-1,3.81,0,False
86a42478b8df4a0007767646,Física Mecánica,2026-1,2.76,0,False
87274e954e0b6efce2dfa647,Física Mecánica,2026-1,,0,False
8cb48bc29bd8041ffea69bfb,Física Mecánica,2026-1,3.13,0,False
8d04000187990a066a448ab6,Física Mecánica,2026-1,,0,False
9032ab2eedbd367f541da3e2,Física Mecánica,2026-1,3.02,0,False
90a70c02f40e5b0c217f1d5c,Física Mecánica,2026-1,3.11,0,False
91a37b5b02963c8f8e76f65c,Física Mecánica,2026-1,2.46,0,False
93adc2d1f9a1519b91d47332,Física Mecánica,2026-1,3.95,0,False
95afa17099db2dea2efabe11,Física Mecánica,2026-1,2.52,0,False
98746afd806061cb663bf2c6,Física Mecánica,2026-1,4.31,0,False
9978aa256404736bad42c83c,Física Mecánica,2026-1,,0,False
9a81a1f848f9629090b2ab9d,Física Mecánica,2026-1,,0,False
9c7205aa5f368e242b14d282,Física Mecánica,2026-1,,0,False
9d03981c6de33ca7b45c78ed,Física Mecánica,2026-1,2.07,1,True
9db02f7129b5b7a73619b775,Física Mecánica,2026-1,3.12,0,False
9ec685ab1a2483600041c385,Física Mecánica,2026-1,3.48,0,False
a0c71dcbbfccec6528805530,Física Mecánica,2026-1,3.36,0,False
a34117a4e0aa03dcef50850f,Física Mecánica,2026-1,3.15,0,False
a6ebc7ae4b5d220d5deefe7e,Física Mecánica,2026-1,3.24,1,True
a782972a7061e3917064685f,Física Mecánica,2026-1,4.52,0,False
af08da599bb9ba2232492b9e,Física Mecánica,2026-1,3.1,0,False
b03fdd0a1d750f15bb57edb8,Física Mecánica,2026-1,4.29,0,False
b052251198d2dae9490948b8,Física Mecánica,2026-1,3.46,0,False
b1f0838df365280ac911f195,Física Mecánica,2026-1,,0,False
b309bf278f5576e587a1d4a3,Física Mecánica,2026-1,2.6,0,False
b4a0f5e005f174cbcb32136d,Física Mecánica,2026-1,3.0,0,False
b5e5c015d25e11ee96c1884c,Física Mecánica,2026-1,,0,False
b60fa3c8c52acf666fa26497,Física Mecánica,2026-1,3.13,0,False
b7e42923e67d4462c7f0241c,Física Mecánica,2026-1,,0,False
b91434fd61fd06d2344df54b,Física Mecánica,2026-1,3.52,7,True
b91e764fb8f5412ac320d0f3,Física Mecánica,2026-1,2.72,0,False
bbae446804ef18a38e7786a9,Física Mecánica,2026-1,3.05,0,False
bc307cae60b9382298f613d2,Física Mecánica,2026-1,3.04,0,False
bd03118da9b3b0627edca4d9,Física Mecánica,2026-1,1.48,0,False
bd8404c8da5991a0373b087f,Física Mecánica,2026-1,,0,False
bfcad68189c6f26dbaa494dd,Física Mecánica,2026-1,3.0,3,True
bfe00d1a96a596f7e14f0329,Física Mecánica,2026-1,3.34,0,False
c0ed06b34cbf5599972d49ef,Física Mecánica,2026-1,4.33,1,True
c0feba7d3fb56895b09f5efc,Física Mecánica,2026-1,3.01,0,False
c152357e8ef4d905d47e6d44,Física Mecánica,2026-1,2.65,0,False
c263eed35e6e4e8b764aced1,Física Mecánica,2026-1,,0,False
c2f22f40da58853e1d827ba5,Física Mecánica,2026-1,3.0,2,True
c52b472914b5a5669e89519f,Física Mecánica,2026-1,2.82,0,False
c5bba80f87b41fd6790c98b6,Física Mecánica,2026-1,3.38,0,False
c6e1de7f27d490a04deedeab,Física Mecánica,2026-1,,0,False
c7508a583ad2bcf75d9c5020,Física Mecánica,2026-1,3.13,2,True
c780d43d336af9b3ba5e3970,Física Mecánica,2026-1,3.22,0,False
c7b0068c7bab9adfe386ae07,Física Mecánica,2026-1,3.01,0,False
c85f5c10a974ba99e7fcd186,Física Mecánica,2026-1,4.5,0,False
cb01b297427e41ef3ce42ce6,Física Mecánica,2026-1,3.2,0,False
cda1873de853bef30f657f83,Física Mecánica,2026-1,,0,False
cf08deec435df69747cb7427,Física Mecánica,2026-1,3.14,0,False
d1e5c99412e0d9fb22654d44,Física Mecánica,2026-1,,0,False
d67e373790775f5c4ab9223c,Física Mecánica,2026-1,,0,False
d707ebe127c529256ebc3699,Física Mecánica,2026-1,3.3,0,False
d770a1e2afb165f21de9bfc4,Física Mecánica,2026-1,3.25,0,False
d8ae28b01e3d2e6e0468e891,Física Mecánica,2026-1,3.89,0,False
d9f4e5bc90d2d58d6bd0c8b4,Física Mecánica,2026-1,4.05,0,False
dba44b99ab48776f7dcdbda9,Física Mecánica,2026-1,3.52,0,False
dd2b427df2b35b784ef227e2,Física Mecánica,2026-1,3.8,1,True
de5c42cdece0cdd7504db164,Física Mecánica,2026-1,3.0,4,True
e008df841601a5521911ac38,Física Mecánica,2026-1,,1,True
e11976b08aa1426d9193ebb8,Física Mecánica,2026-1,,2,True
e36ceb33608a8404c202e1c7,Física Mecánica,2026-1,2.34,0,False
e4eef031fcd4b7a21b97ce64,Física Mecánica,2026-1,3.65,0,False
e75525e3fdd63a16452b1b74,Física Mecánica,2026-1,3.06,2,True
e8387e7e237fdb120924327d,Física Mecánica,2026-1,3.36,5,True
e85f73212a160de10027ec0a,Física Mecánica,2026-1,3.17,2,True
e869e20b4cb5e224c168372a,Física Mecánica,2026-1,2.21,0,False
ea20a3b1acb4a1821f581027,Física Mecánica,2026-1,3.48,0,False
ea780b4519ec66db1077300b,Física Mecánica,2026-1,2.15,0,False
eb4ee6cd46a610464fe463ab,Física Mecánica,2026-1,3.76,0,False
ecab4466989b7b15ccde9c76,Física Mecánica,2026-1,3.16,1,True
ee4acfc8e79f1a5d1d4007a9,Física Mecánica,2026-1,3.88,4,True
f12070523fa510208a1ab2fa,Física Mecánica,2026-1,3.38,0,False
f28fbac40c047a3e176e0657,Física Mecánica,2026-1,0.58,1,True
f3aa8bf42fba2214b2435bce,Física Mecánica,2026-1,,0,False
f61561873cfd14de462746b1,Física Mecánica,2026-1,3.24,0,False
f667ed1e3149bc883afdf588,Física Mecánica,2026-1,3.19,0,False
f697d0bdc41785a32d5e25b8,Física Mecánica,2026-1,3.22,0,False
f6e58124a670d38d30a1e14e,Física Mecánica,2026-1,,0,False
f940c786fc77594553a9c445,Física Mecánica,2026-1,3.91,0,False
f9c3f86bee23f23aa78dd610,Física Mecánica,2026-1,3.47,0,False
fad7eb0b3ad408b8932cec2c,Física Mecánica,2026-1,3.6,0,False
fcd5f12d39172c1c2946c851,Física Mecánica,2026-1,3.14,0,False
fd7f9981d64d19cff9edb594,Física Mecánica,2026-1,3.06,0,False
fdb8835b0456a4a32a501de1,Física Mecánica,2026-1,4.13,0,False
ffe16fab237bae910eb48d0a,Física Mecánica,2026-1,4.14,0,False
06eb2a1371aa0761cccf8ca9,Física Moderna,2026-1,2.84,0,False
0913599556f9775b58ace79d,Física Moderna,2026-1,3.0,0,False
337beff5923ee95b43f2605f,Física Moderna,2026-1,3.11,0,False
3968c520b25fb7b0bfb1c4a3,Física Moderna,2026-1,3.03,0,False
4c2cab9a468b62bd9ca2277c,Física Moderna,2026-1,3.64,0,False
4d14afb34e5c4f2e661b8a9e,Física Moderna,2026-1,2.65,0,False
59cec217129b8c54fa2638b5,Física Moderna,2026-1,3.49,0,False
5b2b77060d13b411002eec5b,Física Moderna,2026-1,3.18,0,False
687f0800a7b062043023b6aa,Física Moderna,2026-1,3.48,0,False
9556d7cf9ffeb47929f6c8b2,Física Moderna,2026-1,2.85,0,False
964968021c31687ad160c8eb,Física Moderna,2026-1,3.25,0,False
b1ee8cb246d1768fd6ee3afb,Física Moderna,2026-1,3.19,0,False
b8a1b4d62c47f72fb1a0a394,Física Moderna,2026-1,3.09,0,False
c0e906870b618c4738ab49b7,Física Moderna,2026-1,,0,False
cbd7c5e4cda09e4f5589bd18,Física Moderna,2026-1,3.1,0,False
e110e7a46de2d950e6c4b10f,Física Moderna,2026-1,2.67,0,False
f260eb3ae38597e7247e928c,Física Moderna,2026-1,4.5,0,False
00bf13ae2c6bc3fa2b2cfe26,Geometría Analítica,2026-1,3.63,1,True
06d1c0e326f52068b818dddb,Geometría Analítica,2026-1,,0,False
079e0bb43050809b7587d422,Geometría Analítica,2026-1,1.68,0,False
07b839f52f809a3411e5e7e1,Geometría Analítica,2026-1,4.35,1,True
0859a951c536501fdb4a6645,Geometría Analítica,2026-1,,1,True
08883fde428345833abb8dfb,Geometría Analítica,2026-1,3.53,10,True
08ce0ed1de63c261339ab031,Geometría Analítica,2026-1,2.77,0,False
08ceb6ea0254509bed5f396c,Geometría Analítica,2026-1,,0,False
0902e858993ef33d4f2e2412,Geometría Analítica,2026-1,2.65,0,False
092520ff6cf054356b78a495,Geometría Analítica,2026-1,3.12,0,False
098144f597221d497467c536,Geometría Analítica,2026-1,3.43,0,False
0ad05dd2fd04f226cfa85300,Geometría Analítica,2026-1,3.16,4,True
0bc4a0b4b15af06dfe15a61e,Geometría Analítica,2026-1,4.02,0,False
0eb030409667f607cfc454c0,Geometría Analítica,2026-1,3.82,0,False
0f14ac74cd1e5ad9fdbc37dd,Geometría Analítica,2026-1,3.89,0,False
104914860e612d95564666b4,Geometría Analítica,2026-1,,0,False
11f915728c0252bd7ce644f1,Geometría Analítica,2026-1,3.0,0,False
1308eb7b14faca1eb43728c0,Geometría Analítica,2026-1,,0,False
137c980fc5ae0a3589132c6d,Geometría Analítica,2026-1,,0,False
143622cbf9c41f319338f8a9,Geometría Analítica,2026-1,3.5,2,True
14418fcf7fdbbd3caf6276d0,Geometría Analítica,2026-1,3.75,3,True
14617053cd2bbfe9227abdab,Geometría Analítica,2026-1,2.32,0,False
149da09e1f35b0b35b38fcb0,Geometría Analítica,2026-1,4.61,6,True
15eeb62881977e5efc4d25fb,Geometría Analítica,2026-1,3.41,0,False
166bb74ef810034d9de43e90,Geometría Analítica,2026-1,3.29,0,False
1789163156b716684b6ee9e6,Geometría Analítica,2026-1,2.56,0,False
180bc0c9ee6f55f471d9c120,Geometría Analítica,2026-1,,0,False
182250fc6b63aeb07a3d7e3a,Geometría Analítica,2026-1,,0,False
18372478f8b9cfcbf9c8b442,Geometría Analítica,2026-1,,0,False
18c0efcbe3c6ac55e6e0f30c,Geometría Analítica,2026-1,2.51,0,False
18c8ed95de27b3db9e46c788,Geometría Analítica,2026-1,4.53,3,True
18c92509f3e81ed0c28ca0c4,Geometría Analítica,2026-1,4.66,2,True
19cfab2761f52d634bea8dba,Geometría Analítica,2026-1,,0,False
1c49f62e974f813d0332b463,Geometría Analítica,2026-1,3.48,0,False
1cdd1f784980254d9f07c2dd,Geometría Analítica,2026-1,4.17,0,False
1d0a43c1cf4d74df5efb1445,Geometría Analítica,2026-1,4.42,1,True
1f049369cd569d6dfcf66ac0,Geometría Analítica,2026-1,,0,False
1f16fbedff92fb4f256ff61b,Geometría Analítica,2026-1,1.67,0,False
1f225d9e1d75efefe08af926,Geometría Analítica,2026-1,2.01,1,True
1f35aad5463df0528037dc69,Geometría Analítica,2026-1,4.03,0,False
21d7f729aaa3bc314e56ec72,Geometría Analítica,2026-1,4.03,0,False
2262f78662cf8f992f7d0b3e,Geometría Analítica,2026-1,3.76,1,True
22bb09f3a33f03ce1dbe4a37,Geometría Analítica,2026-1,,0,False
22e4cf51522db4be6a161af5,Geometría Analítica,2026-1,3.75,0,False
23814b03e6d63fd72a052fef,Geometría Analítica,2026-1,3.25,0,False
23d0e76fe9fec7cf8e7113b2,Geometría Analítica,2026-1,3.01,0,False
25edc455d2d60d9097145a62,Geometría Analítica,2026-1,,0,False
266ca803bbf98e1f91ae8b29,Geometría Analítica,2026-1,3.47,3,True
27906e8f728697651cd0c307,Geometría Analítica,2026-1,,0,False
27a7a5fc440e2f068ddc8a4b,Geometría Analítica,2026-1,,0,False
27db8468a09679bff7e99e3c,Geometría Analítica,2026-1,3.73,0,False
27edc8ace5fd16e6dcf97072,Geometría Analítica,2026-1,,0,False
27f7ea9a10a8eaf19d02398a,Geometría Analítica,2026-1,4.38,0,False
28bfd8f73dbb571a36f79761,Geometría Analítica,2026-1,,0,False
2a063bf494241be7ee0e626e,Geometría Analítica,2026-1,,2,True
2b314d5788a604f8fc2095d7,Geometría Analítica,2026-1,2.66,0,False
2b6e6060a36a5e485e36ebbf,Geometría Analítica,2026-1,2.08,0,False
2bfad85b765f30e565d036f2,Geometría Analítica,2026-1,2.61,0,False
2d3d2142ebcad22bc852985b,Geometría Analítica,2026-1,4.83,0,False
2e66adff4b174944d8de940c,Geometría Analítica,2026-1,,0,False
2e6b340040561f9c1f63dfac,Geometría Analítica,2026-1,3.83,10,True
2ee68b227251ffab4d344d2c,Geometría Analítica,2026-1,,0,False
30a8943c022398db92088fc7,Geometría Analítica,2026-1,3.27,0,False
30d35e36dfbd44fb2643e663,Geometría Analítica,2026-1,3.68,1,True
31fda14f6098c3ed2a0d3dc5,Geometría Analítica,2026-1,4.5,0,False
33de94a8e689cdf81f832b8e,Geometría Analítica,2026-1,1.08,0,False
3464d41070d965ad1bd8e00e,Geometría Analítica,2026-1,3.66,0,False
34ccfcd6f602543028eb1b84,Geometría Analítica,2026-1,4.26,0,False
36430f4813be883f7f29659d,Geometría Analítica,2026-1,3.77,0,False
367d451e59b26d39257dab0d,Geometría Analítica,2026-1,3.03,1,True
375ea32c5778357a76d2cc5e,Geometría Analítica,2026-1,2.58,0,False
3c166815ad3da84dc12691f8,Geometría Analítica,2026-1,2.71,0,False
3ca9ac5a9f3171d55397c3d0,Geometría Analítica,2026-1,,0,False
3d5ad874eb352d8f2d9051b3,Geometría Analítica,2026-1,2.74,0,False
3d663583a44e0c1ea6e4e975,Geometría Analítica,2026-1,2.18,0,False
3ddce47ae5e066bdf5839cb4,Geometría Analítica,2026-1,1.21,0,False
3e607c3d10972d3e8e7a1c5c,Geometría Analítica,2026-1,3.43,0,False
3efc2e410e2caaff1f1dbf1c,Geometría Analítica,2026-1,2.81,0,False
3f9cd6c720f3633853155cd9,Geometría Analítica,2026-1,4.23,1,True
3fc41be97c2c77c4eaeaa01e,Geometría Analítica,2026-1,,0,False
400014a7a3952db3d2bcbda8,Geometría Analítica,2026-1,3.84,0,False
40bd36a2b539962aeee1a636,Geometría Analítica,2026-1,3.5,0,False
417faaead3f56cec4900e9ed,Geometría Analítica,2026-1,2.19,0,False
42806bdb0bd294e70754d835,Geometría Analítica,2026-1,2.75,0,False
4508e03ea4a6f85ba9e49184,Geometría Analítica,2026-1,4.33,0,False
450c14f9e4c3e1e09bb00439,Geometría Analítica,2026-1,,0,False
45939362bf1a51a700cce60d,Geometría Analítica,2026-1,,0,False
4624fab6f7ce832786e2b590,Geometría Analítica,2026-1,3.35,0,False
47200f5eac86b207e062b5b8,Geometría Analítica,2026-1,2.7,0,False
48869d99fc6c9e45176cbfb0,Geometría Analítica,2026-1,3.36,0,False
48d2309d22ddffba66307380,Geometría Analítica,2026-1,3.31,0,False
4c152fe00ed5438cf191affe,Geometría Analítica,2026-1,,0,False
4d4d0fde218b2d7abbcdd378,Geometría Analítica,2026-1,3.27,0,False
4d94ef65d7ea1b22130dd14b,Geometría Analítica,2026-1,3.04,0,False
4dbf3a12e8d0a95e5394be8a,Geometría Analítica,2026-1,3.29,1,True
4e8beb7e51c3a93c8c6fec14,Geometría Analítica,2026-1,4.2,0,False
4e9f65a8b88e887b5c3fc9c9,Geometría Analítica,2026-1,,0,False
4ee12650992e39184d663098,Geometría Analítica,2026-1,3.0,0,False
4f8bd4d8b43e4bd1ebeba025,Geometría Analítica,2026-1,3.39,4,True
504877fb05d00879bf46058c,Geometría Analítica,2026-1,3.11,9,True
5193aef1082ce3668d163a41,Geometría Analítica,2026-1,,1,True
530addcfd3fc8260df658726,Geometría Analítica,2026-1,,0,False
552279da3ec6a6d2a3ee2989,Geometría Analítica,2026-1,3.01,0,False
5593215f7d96ff831fd4541f,Geometría Analítica,2026-1,3.36,2,True
55bc457c2623f72536b644a1,Geometría Analítica,2026-1,3.98,0,False
564afacc24a092b954701967,Geometría Analítica,2026-1,3.67,3,True
56ff4279f68292fa44430fb9,Geometría Analítica,2026-1,2.37,0,False
57b45c748abbb85e4bb838a5,Geometría Analítica,2026-1,2.85,0,False
5818e233b5bbd3a777032ee6,Geometría Analítica,2026-1,,0,False
5873fbf9e0b30211e5c5c483,Geometría Analítica,2026-1,3.6,0,False
5989284588faa346d267c1ae,Geometría Analítica,2026-1,0.59,0,False
59e36b4ebde2e28077a82b0f,Geometría Analítica,2026-1,3.02,0,False
59eff624aa40e6230f41d0f3,Geometría Analítica,2026-1,,0,False
5b30235177c822ebab1e7d07,Geometría Analítica,2026-1,,0,False
5c58e6c71272a7e8016edffc,Geometría Analítica,2026-1,3.33,0,False
5e2267ed905084442694f360,Geometría Analítica,2026-1,0.46,0,False
5ea73bfa5723c2a4b83ef286,Geometría Analítica,2026-1,3.61,0,False
5f7a607b1fa95e4bbe6997c7,Geometría Analítica,2026-1,3.02,2,True
5fd2d48aa1b3a4dbcd338abd,Geometría Analítica,2026-1,,1,True
60201d6c936a016e4d951d35,Geometría Analítica,2026-1,2.91,0,False
609d0430ca287a0292a166b6,Geometría Analítica,2026-1,3.36,0,False
61559d3c5f4d1eb041ffb52d,Geometría Analítica,2026-1,3.01,0,False
61e2428e9e44bf33cf9c7465,Geometría Analítica,2026-1,,0,False
62394f1b525797d6e57557d7,Geometría Analítica,2026-1,2.48,0,False
632d73a899b5acf2ecb8939a,Geometría Analítica,2026-1,,5,True
637254b7a51b9db9a8da84f1,Geometría Analítica,2026-1,3.91,2,True
64216b4ee3fa7ad3251dedfa,Geometría Analítica,2026-1,,0,False
6483ee6eb4b792365ae696a1,Geometría Analítica,2026-1,,0,False
64dc35c55affa36d2bd69561,Geometría Analítica,2026-1,3.8,0,False
65494d6026c6cfad66f19f90,Geometría Analítica,2026-1,4.1,3,True
65ab878385da4d5b8a13e9c2,Geometría Analítica,2026-1,3.5,0,False
662ce38563e308c51507d8c0,Geometría Analítica,2026-1,1.21,0,False
66f5480208d84f259fc51db7,Geometría Analítica,2026-1,4.05,0,False
67a37284898b0e5909ae53d8,Geometría Analítica,2026-1,,3,True
686e33898452b6780d3c8bce,Geometría Analítica,2026-1,1.07,1,True
68c51c73095347add3518317,Geometría Analítica,2026-1,3.15,1,True
695720cff4bdda03ee3e9db6,Geometría Analítica,2026-1,3.02,0,False
6a5b05b2874e64966f4df214,Geometría Analítica,2026-1,,0,False
6b4302820000b589247f7a65,Geometría Analítica,2026-1,3.41,2,True
6be2eaf61dad93033080607f,Geometría Analítica,2026-1,4.55,0,False
6bf54acddc420323de6717ae,Geometría Analítica,2026-1,,0,False
6bf818cf7756e1e2a85cc226,Geometría Analítica,2026-1,3.28,1,True
6c83c0cbceb2dfc748b155fe,Geometría Analítica,2026-1,2.38,0,False
6e838e8855e6ee2b66fdbad9,Geometría Analítica,2026-1,,1,True
6ea0a6610a66d8a6bfa0508d,Geometría Analítica,2026-1,3.0,0,False
6f41b5761dd32ad7fd3aa56b,Geometría Analítica,2026-1,3.87,0,False
6f6b9c956f5e93bae7ca8556,Geometría Analítica,2026-1,3.32,0,False
6ff607e34e419975976404fb,Geometría Analítica,2026-1,3.03,0,False
70a4428336a78bbbb93a7645,Geometría Analítica,2026-1,3.54,0,False
722fe3b42db233ce9eb076c5,Geometría Analítica,2026-1,3.49,0,False
72fa73d6762b7039e4d23389,Geometría Analítica,2026-1,2.52,0,False
73743931c2638c696f4884a8,Geometría Analítica,2026-1,3.91,0,False
7387da93cd0c9b675d5bd6f5,Geometría Analítica,2026-1,4.47,0,False
7456aab26b51a94cc1366687,Geometría Analítica,2026-1,0.0,0,False
74d665a6fd57733d4786d410,Geometría Analítica,2026-1,,0,False
74fb234032c0801a20425bec,Geometría Analítica,2026-1,0.1,0,False
758f2b40715b3a34148ccf89,Geometría Analítica,2026-1,4.31,0,False
75abbb6ef93ae9156024c86c,Geometría Analítica,2026-1,3.16,0,False
75fd51d55f12ee62735b4553,Geometría Analítica,2026-1,3.0,0,False
7646b085187564a672ceab3a,Geometría Analítica,2026-1,,0,False
76cfc9562e242d4028c18dd0,Geometría Analítica,2026-1,3.44,3,True
77294b60bedc35c1d619d247,Geometría Analítica,2026-1,3.71,4,True
789152b0f5fdbafb093b87bf,Geometría Analítica,2026-1,3.14,0,False
78931f218916ffcf8aa1731c,Geometría Analítica,2026-1,,0,False
7a676475b2220f0189309012,Geometría Analítica,2026-1,4.55,0,False
7b736dc0aae090d2e80dd67f,Geometría Analítica,2026-1,,0,False
7bbfde480d71644255ccc60c,Geometría Analítica,2026-1,3.64,2,True
7c20d9aaa177c0c55b4efc33,Geometría Analítica,2026-1,3.04,0,False
7ccbb5cd785f27a366841c68,Geometría Analítica,2026-1,3.56,0,False
7d1f79f6526afe174417db61,Geometría Analítica,2026-1,3.04,0,False
7d47fa3bb5c259a14b0aa22f,Geometría Analítica,2026-1,3.19,0,False
7dcc296547efce72584f5ee9,Geometría Analítica,2026-1,2.5,2,True
7ec4fa1b7cfb7ca63c39e6a7,Geometría Analítica,2026-1,,0,False
7f93fc3a4dc9fa911e9b0873,Geometría Analítica,2026-1,3.15,2,True
80654358eca036898f90fb37,Geometría Analítica,2026-1,3.1,0,False
80eb3951948451deb0ddec77,Geometría Analítica,2026-1,2.4,0,False
83ebbf8fe64e3db853e7c863,Geometría Analítica,2026-1,4.78,1,True
857322df6a8e82ff185787ad,Geometría Analítica,2026-1,3.38,1,True
864f3550519488112cde269a,Geometría Analítica,2026-1,,1,True
86e524c08bd39b89f78e8097,Geometría Analítica,2026-1,,0,False
879ed454e4b0fbe9a26e6994,Geometría Analítica,2026-1,3.99,0,False
87a4f43b9e2c65ab5b69b41a,Geometría Analítica,2026-1,,1,True
87da3a3bcc9bb105f5f7e85a,Geometría Analítica,2026-1,,0,False
880e079cbf2b274b6d8d85cc,Geometría Analítica,2026-1,4.0,0,False
8a1c56ac70e8ceba1fc9000e,Geometría Analítica,2026-1,2.02,0,False
8a4650a1a7963d698f3850e5,Geometría Analítica,2026-1,4.93,0,False
8a638786941cb44e1060bc99,Geometría Analítica,2026-1,3.47,0,False
8a64e82fdf6b5692138aeef4,Geometría Analítica,2026-1,3.24,1,True
8b4d4640be91a9928e4ac58b,Geometría Analítica,2026-1,1.37,0,False
8bead020ea181c85cf833293,Geometría Analítica,2026-1,4.04,0,False
8c35c0c4e98c7d7a63e24e60,Geometría Analítica,2026-1,2.51,0,False
8cb48bc29bd8041ffea69bfb,Geometría Analítica,2026-1,3.42,0,False
8d35d348e1de72b841fe616b,Geometría Analítica,2026-1,,0,False
8d7289c5d4e77da52824b864,Geometría Analítica,2026-1,2.5,3,True
8dc6585ca03c49583d8a038e,Geometría Analítica,2026-1,3.0,0,False
8ea32c0269caae600d7b888d,Geometría Analítica,2026-1,2.83,6,True
8f7fb890179618d029facc81,Geometría Analítica,2026-1,3.62,3,True
8f90e773b407967a31a9343b,Geometría Analítica,2026-1,3.16,0,False
9032ab2eedbd367f541da3e2,Geometría Analítica,2026-1,3.32,0,False
92858cf8af87f72d30a11f30,Geometría Analítica,2026-1,4.4,1,True
932ad2d41b42adc7d2db705e,Geometría Analítica,2026-1,3.44,1,True
93ab537ef175c81520fb2cc1,Geometría Analítica,2026-1,1.54,0,False
93e78c3f6f9586b681186061,Geometría Analítica,2026-1,,0,False
960114f8668f5d573d458dc8,Geometría Analítica,2026-1,3.04,1,True
9696008588f53f870fe8a104,Geometría Analítica,2026-1,4.35,0,False
96b5956be0aaa8cdf3dffa26,Geometría Analítica,2026-1,2.68,1,True
974ebea015e9c5c9e069953f,Geometría Analítica,2026-1,,0,False
97a587823d4de5e431d7695b,Geometría Analítica,2026-1,4.2,0,False
97c91f53a321e06145a1f02b,Geometría Analítica,2026-1,,0,False
9822beb47c8e0439dc722013,Geometría Analítica,2026-1,3.0,4,True
98740740ef8041432db3d4a5,Geometría Analítica,2026-1,3.01,0,False
98d68cececff3ffd008dda17,Geometría Analítica,2026-1,4.75,2,True
98f4a486d665581c4cc10004,Geometría Analítica,2026-1,1.92,0,False
99554368315859aebd22e4b6,Geometría Analítica,2026-1,3.57,0,False
99e4ea1551d25b4499f426ac,Geometría Analítica,2026-1,3.71,0,False
9a05c69b9f72b6d4f4b47bc7,Geometría Analítica,2026-1,3.91,0,False
9a5f8810b5dfd03ed0994716,Geometría Analítica,2026-1,4.24,0,False
9b9e01dc3a458c8e96217584,Geometría Analítica,2026-1,4.18,1,True
9bd2e0abc17ba60c01c10872,Geometría Analítica,2026-1,4.34,0,False
9d61b1d572accb201fddbb4f,Geometría Analítica,2026-1,3.24,0,False
9ece0761bfd6acd464cfb41a,Geometría Analítica,2026-1,3.42,0,False
9ed368bc721e9f33a772e108,Geometría Analítica,2026-1,3.13,0,False
9fbdc65bd6b2eb8bc145403f,Geometría Analítica,2026-1,,0,False
a016bb3bf3c5aaa05838b11e,Geometría Analítica,2026-1,,0,False
a132bc341a03e7d5ea4bb3cc,Geometría Analítica,2026-1,2.86,2,True
a22b6a85eea19f3028840004,Geometría Analítica,2026-1,3.5,0,False
a260d6bb1d762ac9288bc0f1,Geometría Analítica,2026-1,4.79,0,False
a2f912c60b0af63daba7572b,Geometría Analítica,2026-1,4.09,0,False
a3bc1f658ba3f2a17f2d67ea,Geometría Analítica,2026-1,3.84,0,False
a418c3080f76bc02f8f87223,Geometría Analítica,2026-1,,0,False
a6abfe3d3e2d1c135222b685,Geometría Analítica,2026-1,3.86,2,True
a71362007d811380f07f050f,Geometría Analítica,2026-1,4.54,0,False
a7276e53d90addd6ed217a88,Geometría Analítica,2026-1,2.05,1,True
a7c7f9520e2526c23d71258e,Geometría Analítica,2026-1,3.03,0,False
a829fa4ae7b0976606457df4,Geometría Analítica,2026-1,3.95,4,True
a89aa064a884761be0fe59db,Geometría Analítica,2026-1,0.38,0,False
a976f1f09d5e4d4322f890d5,Geometría Analítica,2026-1,,0,False
a98f079e6744d42f2b17fcf3,Geometría Analítica,2026-1,3.69,1,True
aa3d0f6c1e5eaf0e1f6b71fc,Geometría Analítica,2026-1,3.31,1,True
ab22864310af4f347f3d0391,Geometría Analítica,2026-1,,1,True
ab7bf148dd11257b4e6337d4,Geometría Analítica,2026-1,3.01,0,False
ac97c58d231b241dbe2fe6b8,Geometría Analítica,2026-1,3.08,0,False
acd092e7a054e450eeffc019,Geometría Analítica,2026-1,3.39,0,False
ada69fb1659e706b26da9a95,Geometría Analítica,2026-1,4.0,8,True
ae57c6d8603d34b3df51120b,Geometría Analítica,2026-1,3.45,2,True
af4a44ecda63e2f874166230,Geometría Analítica,2026-1,,0,False
b01206ecb96728d23b52fdf3,Geometría Analítica,2026-1,,0,False
b2b18986a1826d1df10e8301,Geometría Analítica,2026-1,3.86,0,False
b329e841e9c63609346522d9,Geometría Analítica,2026-1,3.77,0,False
b3be86410800155c244b432c,Geometría Analítica,2026-1,,0,False
b3d0bb43e288e7fad59941ec,Geometría Analítica,2026-1,2.48,0,False
b40d9383d251f31c320db8ea,Geometría Analítica,2026-1,2.48,0,False
b52c35abf9b06c9f4f1e87f6,Geometría Analítica,2026-1,3.7,2,True
b56cb31ec6b902702a6320b6,Geometría Analítica,2026-1,3.55,0,False
b6a9aebcbf5c6026d9e60d2a,Geometría Analítica,2026-1,4.25,1,True
b7f953113cbba0bb21ae2eba,Geometría Analítica,2026-1,4.62,0,False
b80b3d1a8b576bb690808d6a,Geometría Analítica,2026-1,3.78,0,False
b88d1254350c78bb8a26c2e1,Geometría Analítica,2026-1,2.44,0,False
b97c651e06f918c8394495e0,Geometría Analítica,2026-1,,0,False
b9f89bd27f65f591131e67db,Geometría Analítica,2026-1,,0,False
bb2de516c1b9e5c703d15697,Geometría Analítica,2026-1,4.11,0,False
bc625a3d12c5d3d43f9842b3,Geometría Analítica,2026-1,3.6,0,False
bcd115f691a3dc865a8eef82,Geometría Analítica,2026-1,,0,False
bce750ae8204fb92a5563e28,Geometría Analítica,2026-1,2.43,0,False
bd03118da9b3b0627edca4d9,Geometría Analítica,2026-1,,0,False
bdb4ea3c9453a3092d6bb16f,Geometría Analítica,2026-1,2.77,0,False
be2154aec8b08c610c150cb5,Geometría Analítica,2026-1,3.0,0,False
c03717bc271de5139afe3872,Geometría Analítica,2026-1,,0,False
c10e0131342d70e904e67d42,Geometría Analítica,2026-1,2.34,0,False
c1b61c0beaf1a13f7ca53d0c,Geometría Analítica,2026-1,3.21,0,False
c26965529bd140d15b400f40,Geometría Analítica,2026-1,3.04,0,False
c34fb98e2620b05e0bed6c59,Geometría Analítica,2026-1,3.26,0,False
c4b6ffabb6608a15a0129586,Geometría Analítica,2026-1,,0,False
c52b4856389ef3554a5f0903,Geometría Analítica,2026-1,,0,False
c58c9b85fa5df71c12625492,Geometría Analítica,2026-1,3.29,0,False
c6575bd494ff79c2e306c2ad,Geometría Analítica,2026-1,3.99,0,False
c6f23c29ed5ac193dfdd87ea,Geometría Analítica,2026-1,3.38,0,False
c71e8f9dc724dd6020110a43,Geometría Analítica,2026-1,,0,False
c727b136278196a74b7d7f03,Geometría Analítica,2026-1,2.62,0,False
c777c39341c51e7f84b1c9dd,Geometría Analítica,2026-1,2.54,5,True
ca1cde21a916a95a251e91a2,Geometría Analítica,2026-1,3.87,0,False
ca5077adb5510c01d3b6973b,Geometría Analítica,2026-1,4.09,0,False
cc20b76a09cc8223011c12c1,Geometría Analítica,2026-1,,0,False
cdb7e2adee37b00c67c8bce1,Geometría Analítica,2026-1,4.73,0,False
cde8dad15d0c000ca5b272a2,Geometría Analítica,2026-1,4.74,4,True
ce818fb070bc20de3d521545,Geometría Analítica,2026-1,3.37,1,True
cf08c6199454fbee84a9b8ad,Geometría Analítica,2026-1,4.41,4,True
cf6c7ccc89a83bca851abb07,Geometría Analítica,2026-1,,0,False
d020531e17f34a7a71f7e47e,Geometría Analítica,2026-1,3.0,0,False
d087e9387bb0a76e25a6aff9,Geometría Analítica,2026-1,3.64,1,True
d088182d622b735bd78674f2,Geometría Analítica,2026-1,2.38,1,True
d1d949c957214ec47c8f238e,Geometría Analítica,2026-1,,0,False
d2723da02d89d868fc461d19,Geometría Analítica,2026-1,3.4,0,False
d382ca31aac753dbaa4a1b79,Geometría Analítica,2026-1,3.59,0,False
d41084b6e85361a5718d3d94,Geometría Analítica,2026-1,4.16,0,False
d59332c6c44cbaa8a6f8b446,Geometría Analítica,2026-1,3.02,1,True
d687ace247fec15e4f7f8639,Geometría Analítica,2026-1,4.21,0,False
d6be489afb4d2033d5cbc94a,Geometría Analítica,2026-1,2.46,0,False
d81c96c20f2df3e1218fd665,Geometría Analítica,2026-1,3.26,0,False
d83d43c4cfb5e058232aa9af,Geometría Analítica,2026-1,3.86,0,False
d8afbcb53c9b20850208e9b2,Geometría Analítica,2026-1,,0,False
da2b1a70a04281760874f05a,Geometría Analítica,2026-1,3.02,4,True
da69262b7716f3e819d50c9b,Geometría Analítica,2026-1,,0,False
db99b71dbfba318f4bf582a5,Geometría Analítica,2026-1,3.05,2,True
dc22c16743496bcdc005ea17,Geometría Analítica,2026-1,4.69,2,True
dc5c671aec36904603d80e04,Geometría Analítica,2026-1,3.49,0,False
dd10683035e11d9d55de881c,Geometría Analítica,2026-1,,0,False
de292984b27c83a9cdf4149f,Geometría Analítica,2026-1,4.09,1,True
de54e52508b21e271849c08a,Geometría Analítica,2026-1,3.71,0,False
de5cf856d6bd145ad7e12220,Geometría Analítica,2026-1,1.97,0,False
dece667ea55991a7e18efae2,Geometría Analítica,2026-1,0.0,0,False
e023810c906946c4e6090305,Geometría Analítica,2026-1,4.11,2,True
e02ea78e6b5cc76b22afaca1,Geometría Analítica,2026-1,4.35,1,True
e0c72d00486852f1b5c31848,Geometría Analítica,2026-1,3.67,0,False
e18211508ddc6c9a52575e4a,Geometría Analítica,2026-1,3.15,4,True
e3f912211ba546debd1b9777,Geometría Analítica,2026-1,3.75,14,True
e434e3be1f42324c1fe15139,Geometría Analítica,2026-1,,0,False
e49e6337807583dd25415d3f,Geometría Analítica,2026-1,2.23,0,False
e7fbe4a7d2b14984083047a6,Geometría Analítica,2026-1,,0,False
e8b0350fba2447fda357154f,Geometría Analítica,2026-1,,0,False
e9652fb80f9cd50aaf97f2be,Geometría Analítica,2026-1,3.29,0,False
eb0bd022d6baf7bb426ff005,Geometría Analítica,2026-1,,0,False
eb51a0d375b386c9bf8c24c5,Geometría Analítica,2026-1,3.08,0,False
ec175612e9d9df68b78f3552,Geometría Analítica,2026-1,0.19,0,False
ec6ac6abbecf694c3dcf40d8,Geometría Analítica,2026-1,1.69,0,False
ec72e6defbe01252afa76116,Geometría Analítica,2026-1,3.79,0,False
edfd2dec03e08d23af439e33,Geometría Analítica,2026-1,0.38,0,False
eef48ced6cddec48836ad215,Geometría Analítica,2026-1,,1,True
ef0bf3eea6656a05208180db,Geometría Analítica,2026-1,0.63,0,False
f1e259f0dcfc6f2b27f742fd,Geometría Analítica,2026-1,3.01,0,False
f206bf8aa26fbb2849ba4118,Geometría Analítica,2026-1,3.18,1,True
f2cb6819e0b4572da67f88cb,Geometría Analítica,2026-1,3.17,0,False
f31e5de8eedcef45c9d0df7c,Geometría Analítica,2026-1,3.01,0,False
f3b9c231e5bfdd3c7e4e125f,Geometría Analítica,2026-1,3.6,1,True
f4058c280ac1cc1712e696ad,Geometría Analítica,2026-1,,0,False
f5f4651f98f806ebc45ebed6,Geometría Analítica,2026-1,3.94,0,False
f63a4c8007a6827e116a4949,Geometría Analítica,2026-1,,0,False
f65965b433b04f5025cc79e3,Geometría Analítica,2026-1,,1,True
f6d5f6b5ca4ed38fa002a6b2,Geometría Analítica,2026-1,3.0,0,False
f7259f02c8aff333cb31588c,Geometría Analítica,2026-1,3.23,0,False
f778d726a876bc437f4c384f,Geometría Analítica,2026-1,,0,False
f8ab7392c22c216cba640be9,Geometría Analítica,2026-1,0.0,0,False
f93e2293b8fcc1a70b1505bd,Geometría Analítica,2026-1,2.22,2,True
f99f72be266227f759391e82,Geometría Analítica,2026-1,,0,False
f9caf34d9040586137b51656,Geometría Analítica,2026-1,3.33,0,False
fa74fb549b37981f6641eb76,Geometría Analítica,2026-1,1.92,0,False
fa8cc27ddc33472e5720bfe1,Geometría Analítica,2026-1,3.32,0,False
fabc42a79303b2159b8de02d,Geometría Analítica,2026-1,,0,False
fb604f4b0fe3f4a4b1097ae3,Geometría Analítica,2026-1,,1,True
fbb09ef9f9921835743810cb,Geometría Analítica,2026-1,,0,False
fc8e2aacdb0f2f04dff87b6c,Geometría Analítica,2026-1,2.84,0,False
fd40cfda2ec7623d8125f0a5,Geometría Analítica,2026-1,,0,False
fdfe082e8310ad63360ddc48,Geometría Analítica,2026-1,,0,False
ff6ec1ec62e2dc3927b52095,Geometría Analítica,2026-1,3.5,0,False
fffdefdd96d89e44aecb5f2b,Geometría Analítica,2026-1,,0,False
01c00cf8e4ca011bb5fd33a8,Álgebra Lineal,2026-1,4.32,0,False
047a76c07f6d5de9129997e3,Álgebra Lineal,2026-1,4.08,0,False
06b74a0b54004b6f7e3b1edd,Álgebra Lineal,2026-1,2.92,1,True
07bc50e6c2a3c6d17336c74c,Álgebra Lineal,2026-1,3.17,0,False
08e75ce9f0737a412ded9c50,Álgebra Lineal,2026-1,,1,True
0e7cbe7e47a5d266548c3bda,Álgebra Lineal,2026-1,4.2,2,True
10067850c327c8ee925cdf0f,Álgebra Lineal,2026-1,3.63,0,False
10a76c7697c3a428944e6add,Álgebra Lineal,2026-1,3.76,0,False
163ca1e283332d7e04bf5ff1,Álgebra Lineal,2026-1,3.57,1,True
178b0e71cc7c588c59f4520e,Álgebra Lineal,2026-1,2.84,0,False
17ec940cc5519508bcea2dd3,Álgebra Lineal,2026-1,3.23,2,True
1b8e3e0b8d2a65e7a5d79d35,Álgebra Lineal,2026-1,3.97,1,True
1c33a36f6edb4285c412f508,Álgebra Lineal,2026-1,2.54,0,False
1ebcecc7cb58b6426e84a444,Álgebra Lineal,2026-1,3.36,0,False
1ee8d40daf0a448698e2794a,Álgebra Lineal,2026-1,3.09,0,False
205aa4f31eb2b8dc44ad9f85,Álgebra Lineal,2026-1,0.14,0,False
21e3aaacd5e71e74f4b97262,Álgebra Lineal,2026-1,3.02,0,False
2507d3bdde4d7c8e0736c991,Álgebra Lineal,2026-1,0.31,0,False
25c6841db688390d38a5ea36,Álgebra Lineal,2026-1,3.23,2,True
266ca803bbf98e1f91ae8b29,Álgebra Lineal,2026-1,4.22,0,False
2737adb8f4df5a99743b64a1,Álgebra Lineal,2026-1,3.06,1,True
288fe50c824af9fb690bfec4,Álgebra Lineal,2026-1,4.67,1,True
31b47f11a3122e9dcf39d8f8,Álgebra Lineal,2026-1,2.58,1,True
33deb7ed2e5721f4acdbdb37,Álgebra Lineal,2026-1,2.49,0,False
360e196a179b88fb61b745e0,Álgebra Lineal,2026-1,1.47,0,False
36dd99a4cf0f068df19b56ca,Álgebra Lineal,2026-1,3.43,0,False
3aca133b0c527758738415db,Álgebra Lineal,2026-1,3.53,1,True
3b71caa3a75e82166e2ce666,Álgebra Lineal,2026-1,2.05,1,True
3be5453d48f6f441c3783e5e,Álgebra Lineal,2026-1,3.69,1,True
3ca2d33e13e8277526b66a4e,Álgebra Lineal,2026-1,,0,False
3d477ee54622bd2ce0fa992b,Álgebra Lineal,2026-1,3.98,0,False
41fdb0969dc0b1e0329645c5,Álgebra Lineal,2026-1,3.78,0,False
42806bdb0bd294e70754d835,Álgebra Lineal,2026-1,,0,False
42849d768a78d8190bd751f9,Álgebra Lineal,2026-1,4.75,0,False
42b28a29dc0798d57b1bba76,Álgebra Lineal,2026-1,3.52,0,False
435023b5872d0e37e2202060,Álgebra Lineal,2026-1,3.66,1,True
44e7602cebda45eecbf41f17,Álgebra Lineal,2026-1,3.78,2,True
46f84fa6bd6562a528f5ea23,Álgebra Lineal,2026-1,4.05,1,True
478d6512a445ea3893994cb9,Álgebra Lineal,2026-1,3.69,2,True
47be8a6c8ef3e04343bf9307,Álgebra Lineal,2026-1,,0,False
4852a99c659320a7027a04e2,Álgebra Lineal,2026-1,,0,False
4a274bfb6e34a937cee6e6f6,Álgebra Lineal,2026-1,3.13,0,False
4ab3863d34eefb28333dcab7,Álgebra Lineal,2026-1,3.03,1,True
4dbf3a12e8d0a95e5394be8a,Álgebra Lineal,2026-1,4.21,0,False
4e2d84d2012d30ed6ee33b2a,Álgebra Lineal,2026-1,0.8,0,False
4f76183d97e47bceb9c1ea01,Álgebra Lineal,2026-1,3.42,0,False
4fa129a25c3d4829567a6817,Álgebra Lineal,2026-1,3.76,0,False
5163766959c4990a7415b58d,Álgebra Lineal,2026-1,,0,False
55eda5a3c9e1e2aca46f9018,Álgebra Lineal,2026-1,,0,False
5711e58e7c8f0db5c1232abe,Álgebra Lineal,2026-1,2.52,1,True
57db98ab11ebada3f952e249,Álgebra Lineal,2026-1,3.38,1,True
58b093c13646b8078f11e1c5,Álgebra Lineal,2026-1,4.21,0,False
599bd38456817831f324ceda,Álgebra Lineal,2026-1,,0,False
5ad310cdcb357c8f2ffba944,Álgebra Lineal,2026-1,3.95,4,True
5b640c573d213aaae6cc7ca3,Álgebra Lineal,2026-1,3.38,0,False
5bdbab7988a29236d84ab3eb,Álgebra Lineal,2026-1,4.71,1,True
5be64427fd515ae8dc638ad5,Álgebra Lineal,2026-1,1.92,0,False
5c54e9e202f272462a51cafe,Álgebra Lineal,2026-1,3.1,0,False
5f8f7601d6aa047314dcc37d,Álgebra Lineal,2026-1,4.12,0,False
6005aaf00603ae76247dbcfc,Álgebra Lineal,2026-1,2.32,0,False
619aa71bdd33eba6cb72fb58,Álgebra Lineal,2026-1,1.83,1,True
623334919f6cc8efdffad6ee,Álgebra Lineal,2026-1,3.08,0,False
6252aa882129912c8a236cd6,Álgebra Lineal,2026-1,4.86,0,False
62c06ce025be17373f201f91,Álgebra Lineal,2026-1,,0,False
634d0f20979428df01204382,Álgebra Lineal,2026-1,3.7,0,False
639385851765769842904f9a,Álgebra Lineal,2026-1,,0,False
639d95befe1d194570be7da3,Álgebra Lineal,2026-1,3.94,0,False
656aecfa0a6193fa4d75aa60,Álgebra Lineal,2026-1,4.64,0,False
65afdf7bbe3c162d9e31930c,Álgebra Lineal,2026-1,3.12,0,False
66ae7309691d6a65d054b4db,Álgebra Lineal,2026-1,4.92,1,True
66bcd71f5e105aae89e0fe25,Álgebra Lineal,2026-1,3.72,1,True
6753428844659be3d48b589e,Álgebra Lineal,2026-1,3.91,0,False
67efe791d1f6b2f79ee18115,Álgebra Lineal,2026-1,3.36,1,True
68355669477bc52350b94dc5,Álgebra Lineal,2026-1,4.2,0,False
68a2601a165a91587150691c,Álgebra Lineal,2026-1,4.74,0,False
6a81470f178ce136c1acdda8,Álgebra Lineal,2026-1,3.6,0,False
6da927a715dc6345981af9ed,Álgebra Lineal,2026-1,3.39,0,False
6db91f2f83c41b72ad093853,Álgebra Lineal,2026-1,4.75,0,False
6e221fd399c66d2d8d7d8ea9,Álgebra Lineal,2026-1,4.15,0,False
71c07eea83bc8d7aacd26653,Álgebra Lineal,2026-1,0.32,0,False
72ea45ee64d3b3870bdce3bf,Álgebra Lineal,2026-1,3.64,1,True
731bfbc6af2964a33bad077f,Álgebra Lineal,2026-1,4.56,1,True
73d6aa9a188fcb43b149620a,Álgebra Lineal,2026-1,3.5,0,False
73e9d9af4e58a8fe1659aa7a,Álgebra Lineal,2026-1,3.86,0,False
742079d6db5a070ae174d0be,Álgebra Lineal,2026-1,3.28,2,True
756f8b391056d3f31e707f41,Álgebra Lineal,2026-1,,0,False
78e4c00d3322b7f8de2f2f00,Álgebra Lineal,2026-1,3.56,4,True
7bbfde480d71644255ccc60c,Álgebra Lineal,2026-1,4.76,0,False
7d7b353a6a21a74ccbd27407,Álgebra Lineal,2026-1,4.4,0,False
7eaf289b4194e4b2b439f733,Álgebra Lineal,2026-1,3.51,1,True
7f1b779e22ec8f4219afd5e0,Álgebra Lineal,2026-1,3.67,0,False
7f612fc5f2a647aebfa21016,Álgebra Lineal,2026-1,4.51,2,True
80526823a3204eedcccaf889,Álgebra Lineal,2026-1,3.76,0,False
80814f184c4f10df290cba0b,Álgebra Lineal,2026-1,4.52,2,True
82ab49faba7ca2fa0adc4f74,Álgebra Lineal,2026-1,2.05,0,False
831886e399dd3b1a04873a68,Álgebra Lineal,2026-1,3.34,3,True
840c57e6716b30f793b637ab,Álgebra Lineal,2026-1,3.6,0,False
85a4dbd582670c9ca0e77d43,Álgebra Lineal,2026-1,3.49,0,False
85ac4bce41b5d646b80b471e,Álgebra Lineal,2026-1,4.96,0,False
8755d89b390648a09a13f960,Álgebra Lineal,2026-1,,0,False
89760db125f9104938f3ee01,Álgebra Lineal,2026-1,1.97,0,False
8d04000187990a066a448ab6,Álgebra Lineal,2026-1,1.97,0,False
8fcfae551aabc8ffaa9f6564,Álgebra Lineal,2026-1,4.67,0,False
901f11396c7a3cbcd26bacc7,Álgebra Lineal,2026-1,,0,False
90296ebc8e8f9ad4e877e882,Álgebra Lineal,2026-1,4.87,0,False
9032ab2eedbd367f541da3e2,Álgebra Lineal,2026-1,3.03,1,True
96ab0f94d541ad9d5d16031b,Álgebra Lineal,2026-1,1.9,0,False
97fe9043a1463e5dcc81ec29,Álgebra Lineal,2026-1,,0,False
982ab8c34b974b9e2ce88047,Álgebra Lineal,2026-1,,0,False
98746afd806061cb663bf2c6,Álgebra Lineal,2026-1,4.39,1,True
999cb75b3be325318d5f257f,Álgebra Lineal,2026-1,3.54,4,True
9c41e63bf2d25286da169bbb,Álgebra Lineal,2026-1,2.7,0,False
9db02f7129b5b7a73619b775,Álgebra Lineal,2026-1,3.94,0,False
9e3ab3ba2a4bcc8ba98f2360,Álgebra Lineal,2026-1,3.36,1,True
a0d7463164d4beacfb4efb4b,Álgebra Lineal,2026-1,4.65,0,False
a1442b879cf5eb1c71edc460,Álgebra Lineal,2026-1,4.69,0,False
a23b23e069aae0b47d30e037,Álgebra Lineal,2026-1,,1,True
a446053acdbf9996ebe4435a,Álgebra Lineal,2026-1,,1,True
a4b1aed3c6b2393a8e4f7da4,Álgebra Lineal,2026-1,0.05,0,False
a603c5cf04f6a006471a92a9,Álgebra Lineal,2026-1,3.93,0,False
a7283155157838837779cd6c,Álgebra Lineal,2026-1,3.93,0,False
a8b5bd7511b97300e345bf09,Álgebra Lineal,2026-1,,0,False
a945f69253483cfa94dab70d,Álgebra Lineal,2026-1,3.94,3,True
a980ba012134a96d6f4ba619,Álgebra Lineal,2026-1,3.34,0,False
a9c7c628e17c7098ba8bb79f,Álgebra Lineal,2026-1,2.22,1,True
aa69518f767e02c4efc5b96d,Álgebra Lineal,2026-1,4.13,0,False
b052251198d2dae9490948b8,Álgebra Lineal,2026-1,4.38,1,True
b299ac87bc6d028b43e9c04e,Álgebra Lineal,2026-1,3.48,0,False
b5e5c015d25e11ee96c1884c,Álgebra Lineal,2026-1,,0,False
b6c9a1883a20293abc85917b,Álgebra Lineal,2026-1,3.39,1,True
b81608e54d46841743e21a79,Álgebra Lineal,2026-1,3.95,0,False
b91434fd61fd06d2344df54b,Álgebra Lineal,2026-1,4.53,1,True
ba1096df98936d5914087130,Álgebra Lineal,2026-1,,0,False
ba4579b7813c9a6c2e3fa519,Álgebra Lineal,2026-1,4.29,0,False
c0ed06b34cbf5599972d49ef,Álgebra Lineal,2026-1,4.82,1,True
c0feba7d3fb56895b09f5efc,Álgebra Lineal,2026-1,3.05,0,False
c714f2254e1e9e258b9f1c1e,Álgebra Lineal,2026-1,3.54,0,False
c772b90129952c5de7dcc7b5,Álgebra Lineal,2026-1,4.37,1,True
c8e4678e6b3cffb2ae83e48b,Álgebra Lineal,2026-1,2.63,1,True
ca0116379e451b80514d5461,Álgebra Lineal,2026-1,2.72,0,False
ce818fb070bc20de3d521545,Álgebra Lineal,2026-1,3.78,0,False
d16532abb2170b814878f8fd,Álgebra Lineal,2026-1,5.0,2,True
d41084b6e85361a5718d3d94,Álgebra Lineal,2026-1,3.02,0,False
d43dab4c884eba9bad29a39e,Álgebra Lineal,2026-1,4.75,0,False
d675b90bf24098b5d8526374,Álgebra Lineal,2026-1,3.06,0,False
d8ae28b01e3d2e6e0468e891,Álgebra Lineal,2026-1,3.89,1,True
dd2b427df2b35b784ef227e2,Álgebra Lineal,2026-1,3.14,2,True
de5c42cdece0cdd7504db164,Álgebra Lineal,2026-1,3.36,2,True
def291d26fdd993556a0c954,Álgebra Lineal,2026-1,4.48,0,False
dfff50e472ee62863343136e,Álgebra Lineal,2026-1,2.76,0,False
e17febca2dc71a3d8c365c0d,Álgebra Lineal,2026-1,4.17,0,False
e36ceb33608a8404c202e1c7,Álgebra Lineal,2026-1,3.43,0,False
e5fa46f398cf268c1e9069e2,Álgebra Lineal,2026-1,3.27,0,False
e62f2728cfbf6272aeaab773,Álgebra Lineal,2026-1,1.72,0,False
e8387e7e237fdb120924327d,Álgebra Lineal,2026-1,3.68,0,False
e85f73212a160de10027ec0a,Álgebra Lineal,2026-1,3.04,0,False
eabcca853467dc42e12337bb,Álgebra Lineal,2026-1,,0,False
eb0388d2aff8ba8a8b8ee989,Álgebra Lineal,2026-1,2.83,1,True
eb4ee6cd46a610464fe463ab,Álgebra Lineal,2026-1,4.56,0,False
ebbfda808072beb8814e3459,Álgebra Lineal,2026-1,4.81,0,False
ecab4466989b7b15ccde9c76,Álgebra Lineal,2026-1,3.4,2,True
ee4acfc8e79f1a5d1d4007a9,Álgebra Lineal,2026-1,4.4,3,True
f1e259f0dcfc6f2b27f742fd,Álgebra Lineal,2026-1,3.01,1,True
f3aa8bf42fba2214b2435bce,Álgebra Lineal,2026-1,2.58,0,False
f5c6a8066f496291fd751a6a,Álgebra Lineal,2026-1,3.71,0,False
f61561873cfd14de462746b1,Álgebra Lineal,2026-1,3.71,1,True
f667ed1e3149bc883afdf588,Álgebra Lineal,2026-1,2.9,0,False
f697d0bdc41785a32d5e25b8,Álgebra Lineal,2026-1,3.39,0,False
f940c786fc77594553a9c445,Álgebra Lineal,2026-1,4.86,0,False
f941605b159d540377a72013,Álgebra Lineal,2026-1,4.69,0,False
fc46774934975506dba13241,Álgebra Lineal,2026-1,2.13,1,True
fcd5f12d39172c1c2946c851,Álgebra Lineal,2026-1,2.82,2,True
ff6ec1ec62e2dc3927b52095,Álgebra Lineal,2026-1,,1,True
00e3ba22671e92c2c1548017,Cálculo Diferencial,2026-2,,2,True
0485946877247eb171ce0464,Cálculo Diferencial,2026-2,,0,False
056bd94217966b3c41f5e183,Cálculo Diferencial,2026-2,,0,False
079e0bb43050809b7587d422,Cálculo Diferencial,2026-2,,0,False
0859a951c536501fdb4a6645,Cálculo Diferencial,2026-2,,0,False
08fd3e843c90cdafd41340b2,Cálculo Diferencial,2026-2,,0,False
0bc58f7c354102b1c337ba6f,Cálculo Diferencial,2026-2,,1,True
0e541a2653a9c5a2aa7cf3fe,Cálculo Diferencial,2026-2,,0,False
104914860e612d95564666b4,Cálculo Diferencial,2026-2,,0,False
11f915728c0252bd7ce644f1,Cálculo Diferencial,2026-2,,0,False
1262c0376bfc1864284fbf6d,Cálculo Diferencial,2026-2,,0,False
12767aa7b5a37fe220dc98cd,Cálculo Diferencial,2026-2,,0,False
14617053cd2bbfe9227abdab,Cálculo Diferencial,2026-2,,0,False
1544b676fa98d07ba97bfed7,Cálculo Diferencial,2026-2,,1,True
18372478f8b9cfcbf9c8b442,Cálculo Diferencial,2026-2,,0,False
1a4250e0503ff33e9585ed63,Cálculo Diferencial,2026-2,,1,True
1b1ca72a8e88ee34ddb12bef,Cálculo Diferencial,2026-2,,0,False
1bbf8334ef1aef69a7f337dc,Cálculo Diferencial,2026-2,,1,True
1c49f62e974f813d0332b463,Cálculo Diferencial,2026-2,,0,False
1f049369cd569d6dfcf66ac0,Cálculo Diferencial,2026-2,,0,False
1f225d9e1d75efefe08af926,Cálculo Diferencial,2026-2,,0,False
205aa4f31eb2b8dc44ad9f85,Cálculo Diferencial,2026-2,,0,False
23814b03e6d63fd72a052fef,Cálculo Diferencial,2026-2,,0,False
23d0e76fe9fec7cf8e7113b2,Cálculo Diferencial,2026-2,,0,False
26df483ee7a4699d9ddce984,Cálculo Diferencial,2026-2,,0,False
27a7a5fc440e2f068ddc8a4b,Cálculo Diferencial,2026-2,,0,False
27edc8ace5fd16e6dcf97072,Cálculo Diferencial,2026-2,,1,True
28bfd8f73dbb571a36f79761,Cálculo Diferencial,2026-2,,0,False
28ed185a1308be498ff4f61d,Cálculo Diferencial,2026-2,,0,False
291a668a2322eaa72cea638e,Cálculo Diferencial,2026-2,,0,False
2aa7f95020a8bb493edf6951,Cálculo Diferencial,2026-2,,0,False
2ac36b16b90bd6962b3a30da,Cálculo Diferencial,2026-2,,0,False
2b314d5788a604f8fc2095d7,Cálculo Diferencial,2026-2,,0,False
2cb1192234de8678f29f77d1,Cálculo Diferencial,2026-2,,0,False
2cc71f26025a166b7ea92f69,Cálculo Diferencial,2026-2,,1,True
2d3d2142ebcad22bc852985b,Cálculo Diferencial,2026-2,,0,False
2ee68b227251ffab4d344d2c,Cálculo Diferencial,2026-2,,0,False
2ee79c2491b95f26c4bfa301,Cálculo Diferencial,2026-2,,0,False
325a041f98e773c6c0775866,Cálculo Diferencial,2026-2,,0,False
32b054e8b0b81661605dc1a8,Cálculo Diferencial,2026-2,,0,False
341ddfb9ab800e692032c80f,Cálculo Diferencial,2026-2,,1,True
359c784d43d3fa779e878e8d,Cálculo Diferencial,2026-2,,0,False
373b0f28ddd1594f55c870b3,Cálculo Diferencial,2026-2,,0,False
37a1cfe2637cc0dcef82ff12,Cálculo Diferencial,2026-2,,0,False
384553d85533373cb2375e8a,Cálculo Diferencial,2026-2,,0,False
39074466e04d391b4c2b0559,Cálculo Diferencial,2026-2,,1,True
399301e1e2941d14bdc5f862,Cálculo Diferencial,2026-2,,2,True
39ea5b8b5f63724887c44127,Cálculo Diferencial,2026-2,,0,False
3ca9ac5a9f3171d55397c3d0,Cálculo Diferencial,2026-2,,0,False
3d5ad874eb352d8f2d9051b3,Cálculo Diferencial,2026-2,,0,False
3e4ff22dabe6f217c25a9f25,Cálculo Diferencial,2026-2,,0,False
40d654a65e8bb903aa766b26,Cálculo Diferencial,2026-2,,1,True
417faaead3f56cec4900e9ed,Cálculo Diferencial,2026-2,,0,False
43924c8c2c5dfc4e4b14633e,Cálculo Diferencial,2026-2,,1,True
43c2bdbecea3bc3f23b23c1a,Cálculo Diferencial,2026-2,,0,False
450c14f9e4c3e1e09bb00439,Cálculo Diferencial,2026-2,,0,False
45939362bf1a51a700cce60d,Cálculo Diferencial,2026-2,,0,False
46984cd48e10a64e45c16e7f,Cálculo Diferencial,2026-2,,0,False
474e8177a8af8deb025a6d12,Cálculo Diferencial,2026-2,,1,True
48d2309d22ddffba66307380,Cálculo Diferencial,2026-2,,1,True
4c152fe00ed5438cf191affe,Cálculo Diferencial,2026-2,,0,False
4e7384a798c9903a534037e3,Cálculo Diferencial,2026-2,,3,True
4e8beb7e51c3a93c8c6fec14,Cálculo Diferencial,2026-2,,0,False
4feea4ba9559341b5db65925,Cálculo Diferencial,2026-2,,1,True
504877fb05d00879bf46058c,Cálculo Diferencial,2026-2,,0,False
52ab5f3522b67e325dce79f2,Cálculo Diferencial,2026-2,,1,True
53a62e5f833ade41cb1c3fc5,Cálculo Diferencial,2026-2,,1,True
55165c23e8fce6412738380e,Cálculo Diferencial,2026-2,,0,False
552279da3ec6a6d2a3ee2989,Cálculo Diferencial,2026-2,,0,False
56ff4279f68292fa44430fb9,Cálculo Diferencial,2026-2,,0,False
5829c652637c428e3ad863ac,Cálculo Diferencial,2026-2,,0,False
599bd38456817831f324ceda,Cálculo Diferencial,2026-2,,0,False
5b30235177c822ebab1e7d07,Cálculo Diferencial,2026-2,,0,False
5d1588f1ab86c4b2823afea5,Cálculo Diferencial,2026-2,,2,True
5e6d0c03455b92944620d650,Cálculo Diferencial,2026-2,,1,True
5f7a607b1fa95e4bbe6997c7,Cálculo Diferencial,2026-2,,0,False
605beac55232e2e707856818,Cálculo Diferencial,2026-2,,0,False
60d8233937cad180fa4d365c,Cálculo Diferencial,2026-2,,0,False
61559d3c5f4d1eb041ffb52d,Cálculo Diferencial,2026-2,,0,False
632d73a899b5acf2ecb8939a,Cálculo Diferencial,2026-2,,0,False
6483ee6eb4b792365ae696a1,Cálculo Diferencial,2026-2,,0,False
662ce38563e308c51507d8c0,Cálculo Diferencial,2026-2,,0,False
685a4cfe2b0310eb1af7039c,Cálculo Diferencial,2026-2,,1,True
686e33898452b6780d3c8bce,Cálculo Diferencial,2026-2,,0,False
691d48356f8bb1abf70806d1,Cálculo Diferencial,2026-2,,0,False
69d6fa295823ff779d33b11a,Cálculo Diferencial,2026-2,,0,False
69f8c63397dc78108df52500,Cálculo Diferencial,2026-2,,0,False
6a47c31387931435d38a9576,Cálculo Diferencial,2026-2,,0,False
6a728c11955cf5ab39faa960,Cálculo Diferencial,2026-2,,0,False
6b8f7dcac6f996175a905a7d,Cálculo Diferencial,2026-2,,0,False
6c83c0cbceb2dfc748b155fe,Cálculo Diferencial,2026-2,,0,False
6da7c1cfff44f71e3708a295,Cálculo Diferencial,2026-2,,1,True
6e838e8855e6ee2b66fdbad9,Cálculo Diferencial,2026-2,,0,False
6f6b9c956f5e93bae7ca8556,Cálculo Diferencial,2026-2,,0,False
701b777883da02ba041480c2,Cálculo Diferencial,2026-2,,1,True
70a4428336a78bbbb93a7645,Cálculo Diferencial,2026-2,,0,False
72ee569dc4b145965cf5d59c,Cálculo Diferencial,2026-2,,0,False
72fa73d6762b7039e4d23389,Cálculo Diferencial,2026-2,,0,False
7648da99837f1fde699f28ad,Cálculo Diferencial,2026-2,,0,False
78490027eec9ba216f447535,Cálculo Diferencial,2026-2,,0,False
7bf42da5e01517d270af4b94,Cálculo Diferencial,2026-2,,0,False
7c9afe3cd5644989006f8df8,Cálculo Diferencial,2026-2,,0,False
7cb3c54de9b5d7cf66e73766,Cálculo Diferencial,2026-2,,0,False
7d1f79f6526afe174417db61,Cálculo Diferencial,2026-2,,0,False
7dcc296547efce72584f5ee9,Cálculo Diferencial,2026-2,,0,False
7fe8559cb4539729ab9b9d6b,Cálculo Diferencial,2026-2,,0,False
80eb3951948451deb0ddec77,Cálculo Diferencial,2026-2,,0,False
821b4e5ba2de4e76eba4326d,Cálculo Diferencial,2026-2,,0,False
824aa96c9f31c0fbbcb13f1e,Cálculo Diferencial,2026-2,,0,False
8755d89b390648a09a13f960,Cálculo Diferencial,2026-2,,0,False
87a4f43b9e2c65ab5b69b41a,Cálculo Diferencial,2026-2,,2,True
87da3a3bcc9bb105f5f7e85a,Cálculo Diferencial,2026-2,,0,False
880e079cbf2b274b6d8d85cc,Cálculo Diferencial,2026-2,,0,False
892e1800e77ea52f217a2098,Cálculo Diferencial,2026-2,,0,False
8937afd095c645130e9c3bfd,Cálculo Diferencial,2026-2,,0,False
8a1c56ac70e8ceba1fc9000e,Cálculo Diferencial,2026-2,,0,False
8a4650a1a7963d698f3850e5,Cálculo Diferencial,2026-2,,0,False
8d7289c5d4e77da52824b864,Cálculo Diferencial,2026-2,,0,False
8dd3325bb6a9bf0111dbd9b7,Cálculo Diferencial,2026-2,,1,True
8ea32c0269caae600d7b888d,Cálculo Diferencial,2026-2,,4,True
8fc24a20d636c025fe097ea2,Cálculo Diferencial,2026-2,,1,True
90d45967703cc33e75f10598,Cálculo Diferencial,2026-2,,1,True
90e6fc715a1c2199fba773a7,Cálculo Diferencial,2026-2,,0,False
922c72b5710b4d9def52641b,Cálculo Diferencial,2026-2,,0,False
93e78c3f6f9586b681186061,Cálculo Diferencial,2026-2,,0,False
9612cdc480d9536df55f2041,Cálculo Diferencial,2026-2,,0,False
96ab0f94d541ad9d5d16031b,Cálculo Diferencial,2026-2,,0,False
9822beb47c8e0439dc722013,Cálculo Diferencial,2026-2,,0,False
98c5cf154eb6d66a57a69253,Cálculo Diferencial,2026-2,,0,False
995eca8eb6cf78baeb22749b,Cálculo Diferencial,2026-2,,0,False
99e4ea1551d25b4499f426ac,Cálculo Diferencial,2026-2,,2,True
9a0f9c2b1a0919a9edcfa933,Cálculo Diferencial,2026-2,,0,False
9b7430826cc3b70e79bfd9a2,Cálculo Diferencial,2026-2,,0,False
9bd7804c7a37f25c3bf312be,Cálculo Diferencial,2026-2,,0,False
a24b334f89d92e9a667c0e76,Cálculo Diferencial,2026-2,,0,False
a38f230f343d7b08707368df,Cálculo Diferencial,2026-2,,1,True
a6b7062c1d28ea108211aafd,Cálculo Diferencial,2026-2,,0,False
a6e7f7ba17cba9c04391fd24,Cálculo Diferencial,2026-2,,0,False
a7276e53d90addd6ed217a88,Cálculo Diferencial,2026-2,,0,False
a7a7dd00bb2504d14ba1f66f,Cálculo Diferencial,2026-2,,0,False
a7f1c74eb41a0a919228cfbe,Cálculo Diferencial,2026-2,,1,True
a976f1f09d5e4d4322f890d5,Cálculo Diferencial,2026-2,,0,False
aa25ac8287744907edb99ce8,Cálculo Diferencial,2026-2,,0,False
aadddee225385de17bdaa024,Cálculo Diferencial,2026-2,,0,False
ab6d5b029425a5585751dfc7,Cálculo Diferencial,2026-2,,0,False
acd092e7a054e450eeffc019,Cálculo Diferencial,2026-2,,0,False
afa2034271be00afa3eb7cc3,Cálculo Diferencial,2026-2,,0,False
b01206ecb96728d23b52fdf3,Cálculo Diferencial,2026-2,,0,False
b07934c811a460c3accc70ea,Cálculo Diferencial,2026-2,,0,False
b2d4db8093b8dad11c11f921,Cálculo Diferencial,2026-2,,0,False
b374c99eee29b2f5739298d3,Cálculo Diferencial,2026-2,,1,True
b4e8324846a8eecf1ec84ae2,Cálculo Diferencial,2026-2,,0,False
b505dafd5476f4f40c26c896,Cálculo Diferencial,2026-2,,0,False
b51dfaec0153b59926db8aee,Cálculo Diferencial,2026-2,,0,False
b56cb31ec6b902702a6320b6,Cálculo Diferencial,2026-2,,0,False
b5e5c015d25e11ee96c1884c,Cálculo Diferencial,2026-2,,0,False
b9f89bd27f65f591131e67db,Cálculo Diferencial,2026-2,,0,False
bc1604fdf1eb0276d025f051,Cálculo Diferencial,2026-2,,0,False
bdb4ea3c9453a3092d6bb16f,Cálculo Diferencial,2026-2,,3,True
bdf37b87ce0420f93dd011df,Cálculo Diferencial,2026-2,,0,False
c0a21355b7e933b1caa9bb6b,Cálculo Diferencial,2026-2,,0,False
c10e0131342d70e904e67d42,Cálculo Diferencial,2026-2,,0,False
c149e8af7f3953a2190178cb,Cálculo Diferencial,2026-2,,1,True
c26965529bd140d15b400f40,Cálculo Diferencial,2026-2,,0,False
c4b6ffabb6608a15a0129586,Cálculo Diferencial,2026-2,,0,False
c52b4856389ef3554a5f0903,Cálculo Diferencial,2026-2,,0,False
c56b8e60e3de136ed439fd3d,Cálculo Diferencial,2026-2,,0,False
c5db7eeb9a6ab78cf43e312e,Cálculo Diferencial,2026-2,,0,False
c6f23c29ed5ac193dfdd87ea,Cálculo Diferencial,2026-2,,0,False
c727b136278196a74b7d7f03,Cálculo Diferencial,2026-2,,0,False
c73baa01cedef133f054324d,Cálculo Diferencial,2026-2,,0,False
c87b4ce962bb01e6a562fbaa,Cálculo Diferencial,2026-2,,0,False
ca52c96165383d0650f8d5c7,Cálculo Diferencial,2026-2,,0,False
cb6754339830e91bd95c009e,Cálculo Diferencial,2026-2,,1,True
cc20b76a09cc8223011c12c1,Cálculo Diferencial,2026-2,,1,True
cc969c6cafa777d9bdb58fd0,Cálculo Diferencial,2026-2,,0,False
cd3565b8b0ee1253e8d02bf0,Cálculo Diferencial,2026-2,,0,False
cf2c6144b852314684c349e3,Cálculo Diferencial,2026-2,,0,False
cf3a47b6714d0e6700814ad0,Cálculo Diferencial,2026-2,,0,False
cf6c7ccc89a83bca851abb07,Cálculo Diferencial,2026-2,,0,False
d020531e17f34a7a71f7e47e,Cálculo Diferencial,2026-2,,0,False
d0326377e9c61d2b83039690,Cálculo Diferencial,2026-2,,0,False
d0f6a7772b2e5a31097a3435,Cálculo Diferencial,2026-2,,1,True
d1d949c957214ec47c8f238e,Cálculo Diferencial,2026-2,,0,False
d49319a2c6bbd5d932005043,Cálculo Diferencial,2026-2,,0,False
d5659d2cf5cb412207ec80e5,Cálculo Diferencial,2026-2,,0,False
dad3aca3ded85d5afc17090c,Cálculo Diferencial,2026-2,,0,False
dd10683035e11d9d55de881c,Cálculo Diferencial,2026-2,,0,False
dd32ca246adb47bfa0af4fbf,Cálculo Diferencial,2026-2,,0,False
dd9528675b13af8dc0d1cc76,Cálculo Diferencial,2026-2,,0,False
de3a1f3008b43a3625da57fd,Cálculo Diferencial,2026-2,,0,False
de5cf856d6bd145ad7e12220,Cálculo Diferencial,2026-2,,0,False
e0bae91a26860083476df8ed,Cálculo Diferencial,2026-2,,0,False
e0c72d00486852f1b5c31848,Cálculo Diferencial,2026-2,,1,True
e377cb256af946fb5ffa31c1,Cálculo Diferencial,2026-2,,0,False
e3f91906b7784a6bf710548c,Cálculo Diferencial,2026-2,,0,False
e49e6337807583dd25415d3f,Cálculo Diferencial,2026-2,,0,False
e4c4cdb3d004afec63ede085,Cálculo Diferencial,2026-2,,0,False
e7696ad9176f0d9c46706482,Cálculo Diferencial,2026-2,,0,False
e9652fb80f9cd50aaf97f2be,Cálculo Diferencial,2026-2,,0,False
e9c9bb125bec197d0198fe55,Cálculo Diferencial,2026-2,,0,False
eb0bd022d6baf7bb426ff005,Cálculo Diferencial,2026-2,,0,False
ecead2e73070d3515630510a,Cálculo Diferencial,2026-2,,0,False
ed45a20d45013420a4452281,Cálculo Diferencial,2026-2,,2,True
edf1816b095dc8b291805d92,Cálculo Diferencial,2026-2,,0,False
edfd2dec03e08d23af439e33,Cálculo Diferencial,2026-2,,0,False
eeb5d1ec2bc4da124ad57c61,Cálculo Diferencial,2026-2,,0,False
eef48ced6cddec48836ad215,Cálculo Diferencial,2026-2,,0,False
f0dcb817e06bef2d55a89aed,Cálculo Diferencial,2026-2,,0,False
f6d5f6b5ca4ed38fa002a6b2,Cálculo Diferencial,2026-2,,0,False
f8ab7392c22c216cba640be9,Cálculo Diferencial,2026-2,,0,False
fab81b66d426f38c4f621964,Cálculo Diferencial,2026-2,,0,False
fabc42a79303b2159b8de02d,Cálculo Diferencial,2026-2,,0,False
fad918e7910559f24b10c0e5,Cálculo Diferencial,2026-2,,0,False
fe15f166570f519b826f6f0e,Cálculo Diferencial,2026-2,,0,False
ff61e9eae1b28911904ce94d,Cálculo Diferencial,2026-2,,0,False
fffdefdd96d89e44aecb5f2b,Cálculo Diferencial,2026-2,,0,False
00bf13ae2c6bc3fa2b2cfe26,Cálculo Integral,2026-2,,0,False
017fa3271c12e0358caa0b3a,Cálculo Integral,2026-2,,0,False
073a35b3bf7f280c07e7dd3d,Cálculo Integral,2026-2,,0,False
07b839f52f809a3411e5e7e1,Cálculo Integral,2026-2,,0,False
08883fde428345833abb8dfb,Cálculo Integral,2026-2,,1,True
08ce0ed1de63c261339ab031,Cálculo Integral,2026-2,,0,False
08e12cc72f923f9e9d080301,Cálculo Integral,2026-2,,0,False
092520ff6cf054356b78a495,Cálculo Integral,2026-2,,2,True
098144f597221d497467c536,Cálculo Integral,2026-2,,0,False
0ad05dd2fd04f226cfa85300,Cálculo Integral,2026-2,,0,False
0bc4a0b4b15af06dfe15a61e,Cálculo Integral,2026-2,,0,False
0cde148f98cc46ebaa3c91e4,Cálculo Integral,2026-2,,0,False
0eb030409667f607cfc454c0,Cálculo Integral,2026-2,,0,False
0f14ac74cd1e5ad9fdbc37dd,Cálculo Integral,2026-2,,0,False
10d6ac6b73b5d85ab0bc69ff,Cálculo Integral,2026-2,,0,False
126a805c493f1df767c7f760,Cálculo Integral,2026-2,,0,False
1276933badd57580a23d7170,Cálculo Integral,2026-2,,0,False
143622cbf9c41f319338f8a9,Cálculo Integral,2026-2,,1,True
14418fcf7fdbbd3caf6276d0,Cálculo Integral,2026-2,,0,False
149da09e1f35b0b35b38fcb0,Cálculo Integral,2026-2,,0,False
15eeb62881977e5efc4d25fb,Cálculo Integral,2026-2,,1,True
166bb74ef810034d9de43e90,Cálculo Integral,2026-2,,1,True
1789163156b716684b6ee9e6,Cálculo Integral,2026-2,,0,False
178b0e71cc7c588c59f4520e,Cálculo Integral,2026-2,,0,False
180bc0c9ee6f55f471d9c120,Cálculo Integral,2026-2,,0,False
18c0efcbe3c6ac55e6e0f30c,Cálculo Integral,2026-2,,0,False
18c8ed95de27b3db9e46c788,Cálculo Integral,2026-2,,0,False
1902384559c9a15af373cad9,Cálculo Integral,2026-2,,0,False
1988c5c56ec10f2b0e74ea8c,Cálculo Integral,2026-2,,0,False
1b2032526e9aac7cc829c4b4,Cálculo Integral,2026-2,,0,False
1d0a43c1cf4d74df5efb1445,Cálculo Integral,2026-2,,0,False
1e8299b8a96d46dc225acdb8,Cálculo Integral,2026-2,,0,False
1f35aad5463df0528037dc69,Cálculo Integral,2026-2,,0,False
21b189e186d11e6978921e84,Cálculo Integral,2026-2,,0,False
21d7f729aaa3bc314e56ec72,Cálculo Integral,2026-2,,1,True
2262f78662cf8f992f7d0b3e,Cálculo Integral,2026-2,,1,True
23e8ce2b7966bbf953cd9596,Cálculo Integral,2026-2,,0,False
25a617e083e198104921637a,Cálculo Integral,2026-2,,1,True
266ca803bbf98e1f91ae8b29,Cálculo Integral,2026-2,,0,False
27b26657b3cef47bc938107f,Cálculo Integral,2026-2,,0,False
27db8468a09679bff7e99e3c,Cálculo Integral,2026-2,,0,False
27f7ea9a10a8eaf19d02398a,Cálculo Integral,2026-2,,0,False
294bdcbe6bcbfa868f7314f7,Cálculo Integral,2026-2,,1,True
2a063bf494241be7ee0e626e,Cálculo Integral,2026-2,,1,True
2a3276256e0e66393d9d50de,Cálculo Integral,2026-2,,1,True
2b3851e26b2f7d8a5a03cf61,Cálculo Integral,2026-2,,0,False
2bd7cc4465d4920057326a71,Cálculo Integral,2026-2,,0,False
2c5abda0e980fb16895a286e,Cálculo Integral,2026-2,,0,False
2d237e685f433409aaa10514,Cálculo Integral,2026-2,,0,False
2e6b340040561f9c1f63dfac,Cálculo Integral,2026-2,,3,True
30a8943c022398db92088fc7,Cálculo Integral,2026-2,,0,False
322f9e6abeaf147c3e60272c,Cálculo Integral,2026-2,,0,False
32a1e8316125ca2c20195004,Cálculo Integral,2026-2,,0,False
33782812782256b64646441b,Cálculo Integral,2026-2,,0,False
33de94a8e689cdf81f832b8e,Cálculo Integral,2026-2,,0,False
34ccfcd6f602543028eb1b84,Cálculo Integral,2026-2,,0,False
36430f4813be883f7f29659d,Cálculo Integral,2026-2,,0,False
367d451e59b26d39257dab0d,Cálculo Integral,2026-2,,0,False
36dd99a4cf0f068df19b56ca,Cálculo Integral,2026-2,,0,False
375ea32c5778357a76d2cc5e,Cálculo Integral,2026-2,,0,False
39cb6b7a4d2ef39b5684b5ce,Cálculo Integral,2026-2,,0,False
3b5403278140780c98c835f9,Cálculo Integral,2026-2,,0,False
3b71caa3a75e82166e2ce666,Cálculo Integral,2026-2,,0,False
3be5453d48f6f441c3783e5e,Cálculo Integral,2026-2,,0,False
3ca2d33e13e8277526b66a4e,Cálculo Integral,2026-2,,0,False
3cb2cc6598cf6ad58b24121e,Cálculo Integral,2026-2,,0,False
3e607c3d10972d3e8e7a1c5c,Cálculo Integral,2026-2,,1,True
3eb19667ff53eb503a5a5d97,Cálculo Integral,2026-2,,0,False
3efc2e410e2caaff1f1dbf1c,Cálculo Integral,2026-2,,0,False
400014a7a3952db3d2bcbda8,Cálculo Integral,2026-2,,0,False
40bd36a2b539962aeee1a636,Cálculo Integral,2026-2,,0,False
44e7602cebda45eecbf41f17,Cálculo Integral,2026-2,,0,False
4508e03ea4a6f85ba9e49184,Cálculo Integral,2026-2,,0,False
4722d4c5e09447d3a6e903b2,Cálculo Integral,2026-2,,0,False
4734097de43f86bfed1aaefd,Cálculo Integral,2026-2,,0,False
47be8a6c8ef3e04343bf9307,Cálculo Integral,2026-2,,0,False
48869d99fc6c9e45176cbfb0,Cálculo Integral,2026-2,,0,False
4ca3282889c39495f399104d,Cálculo Integral,2026-2,,0,False
4d26487ca19bc8a40ec8ee75,Cálculo Integral,2026-2,,1,True
4d324ffe506c15efa15de348,Cálculo Integral,2026-2,,0,False
4d4d0fde218b2d7abbcdd378,Cálculo Integral,2026-2,,0,False
4d69197784726bd6c668fccf,Cálculo Integral,2026-2,,1,True
4d94ef65d7ea1b22130dd14b,Cálculo Integral,2026-2,,0,False
4dbf3a12e8d0a95e5394be8a,Cálculo Integral,2026-2,,0,False
4e2d84d2012d30ed6ee33b2a,Cálculo Integral,2026-2,,0,False
4f76183d97e47bceb9c1ea01,Cálculo Integral,2026-2,,0,False
4f8bd4d8b43e4bd1ebeba025,Cálculo Integral,2026-2,,0,False
5193aef1082ce3668d163a41,Cálculo Integral,2026-2,,0,False
51f46ffde5ec1f58f012d466,Cálculo Integral,2026-2,,0,False
52bd5df76d2297633f438041,Cálculo Integral,2026-2,,1,True
52db9d338150e27b4295e2a7,Cálculo Integral,2026-2,,0,False
5593215f7d96ff831fd4541f,Cálculo Integral,2026-2,,1,True
55bc457c2623f72536b644a1,Cálculo Integral,2026-2,,0,False
564afacc24a092b954701967,Cálculo Integral,2026-2,,0,False
5711e58e7c8f0db5c1232abe,Cálculo Integral,2026-2,,0,False
57b45c748abbb85e4bb838a5,Cálculo Integral,2026-2,,0,False
59e36b4ebde2e28077a82b0f,Cálculo Integral,2026-2,,0,False
5be64427fd515ae8dc638ad5,Cálculo Integral,2026-2,,0,False
5c76332744e45a8ae00e436b,Cálculo Integral,2026-2,,0,False
5db105352a2f7e4f041d5bdb,Cálculo Integral,2026-2,,0,False
5dd35517f9f0b0046f57c69d,Cálculo Integral,2026-2,,0,False
5f7a607b1fa95e4bbe6997c7,Cálculo Integral,2026-2,,1,True
609d0430ca287a0292a166b6,Cálculo Integral,2026-2,,0,False
619c46cff3b9d7fc37110e9c,Cálculo Integral,2026-2,,0,False
623334919f6cc8efdffad6ee,Cálculo Integral,2026-2,,0,False
62394f1b525797d6e57557d7,Cálculo Integral,2026-2,,0,False
62c06ce025be17373f201f91,Cálculo Integral,2026-2,,0,False
637254b7a51b9db9a8da84f1,Cálculo Integral,2026-2,,0,False
64dc35c55affa36d2bd69561,Cálculo Integral,2026-2,,0,False
65494d6026c6cfad66f19f90,Cálculo Integral,2026-2,,1,True
66218c901ce8602df70fed37,Cálculo Integral,2026-2,,1,True
6686871c49e518514edd22ef,Cálculo Integral,2026-2,,0,False
66f5480208d84f259fc51db7,Cálculo Integral,2026-2,,0,False
67045cd17d7f709bf2a40882,Cálculo Integral,2026-2,,0,False
67a37284898b0e5909ae53d8,Cálculo Integral,2026-2,,2,True
68713609219561a8e8d2ed8e,Cálculo Integral,2026-2,,0,False
69cbe0964b76ca29911ec264,Cálculo Integral,2026-2,,0,False
6a64f4496c0c8a0b993dbf6d,Cálculo Integral,2026-2,,0,False
6b4302820000b589247f7a65,Cálculo Integral,2026-2,,0,False
6be2eaf61dad93033080607f,Cálculo Integral,2026-2,,0,False
6bf818cf7756e1e2a85cc226,Cálculo Integral,2026-2,,0,False
6ea0a6610a66d8a6bfa0508d,Cálculo Integral,2026-2,,0,False
717b66230eb18410d67cc96f,Cálculo Integral,2026-2,,0,False
7216adaed12532972152a339,Cálculo Integral,2026-2,,0,False
722fe3b42db233ce9eb076c5,Cálculo Integral,2026-2,,0,False
7387da93cd0c9b675d5bd6f5,Cálculo Integral,2026-2,,0,False
73ab6d9886f525938a33c874,Cálculo Integral,2026-2,,0,False
73d6aa9a188fcb43b149620a,Cálculo Integral,2026-2,,3,True
74bc0475bdcbf0125b26ec74,Cálculo Integral,2026-2,,0,False
7568c7356327a2070ca159a6,Cálculo Integral,2026-2,,0,False
758f2b40715b3a34148ccf89,Cálculo Integral,2026-2,,0,False
75abbb6ef93ae9156024c86c,Cálculo Integral,2026-2,,0,False
75fd51d55f12ee62735b4553,Cálculo Integral,2026-2,,0,False
7646b085187564a672ceab3a,Cálculo Integral,2026-2,,0,False
76cfc9562e242d4028c18dd0,Cálculo Integral,2026-2,,5,True
77294b60bedc35c1d619d247,Cálculo Integral,2026-2,,0,False
789152b0f5fdbafb093b87bf,Cálculo Integral,2026-2,,0,False
7a676475b2220f0189309012,Cálculo Integral,2026-2,,0,False
7b44b732dc09c988e961b234,Cálculo Integral,2026-2,,0,False
7bbfde480d71644255ccc60c,Cálculo Integral,2026-2,,0,False
7c20d9aaa177c0c55b4efc33,Cálculo Integral,2026-2,,0,False
7d47fa3bb5c259a14b0aa22f,Cálculo Integral,2026-2,,1,True
7da38e16790671daaf288b07,Cálculo Integral,2026-2,,0,False
7f93fc3a4dc9fa911e9b0873,Cálculo Integral,2026-2,,0,False
80654358eca036898f90fb37,Cálculo Integral,2026-2,,2,True
82ab49faba7ca2fa0adc4f74,Cálculo Integral,2026-2,,0,False
831886e399dd3b1a04873a68,Cálculo Integral,2026-2,,0,False
840c57e6716b30f793b637ab,Cálculo Integral,2026-2,,0,False
84704a277d312a507b7cdfde,Cálculo Integral,2026-2,,0,False
85645cb6b7a78c3bb75b486d,Cálculo Integral,2026-2,,0,False
857322df6a8e82ff185787ad,Cálculo Integral,2026-2,,0,False
87274e954e0b6efce2dfa647,Cálculo Integral,2026-2,,0,False
879ed454e4b0fbe9a26e6994,Cálculo Integral,2026-2,,0,False
87f6337db429e740eda8bd42,Cálculo Integral,2026-2,,0,False
8a64e82fdf6b5692138aeef4,Cálculo Integral,2026-2,,0,False
8bead020ea181c85cf833293,Cálculo Integral,2026-2,,0,False
8c82eebbb0b49820620ec5dd,Cálculo Integral,2026-2,,0,False
8d04000187990a066a448ab6,Cálculo Integral,2026-2,,0,False
8dc6585ca03c49583d8a038e,Cálculo Integral,2026-2,,1,True
8f90e773b407967a31a9343b,Cálculo Integral,2026-2,,0,False
90a70c02f40e5b0c217f1d5c,Cálculo Integral,2026-2,,1,True
92858cf8af87f72d30a11f30,Cálculo Integral,2026-2,,1,True
932ad2d41b42adc7d2db705e,Cálculo Integral,2026-2,,0,False
93a10e91b2cc2e8cbc994b71,Cálculo Integral,2026-2,,0,False
94c8c4bfe7b3302c11b4308d,Cálculo Integral,2026-2,,0,False
960114f8668f5d573d458dc8,Cálculo Integral,2026-2,,7,True
963caa29a607df4f128d46a3,Cálculo Integral,2026-2,,0,False
9696008588f53f870fe8a104,Cálculo Integral,2026-2,,1,True
96b5956be0aaa8cdf3dffa26,Cálculo Integral,2026-2,,0,False
97a587823d4de5e431d7695b,Cálculo Integral,2026-2,,0,False
97c91f53a321e06145a1f02b,Cálculo Integral,2026-2,,1,True
98740740ef8041432db3d4a5,Cálculo Integral,2026-2,,0,False
98d68cececff3ffd008dda17,Cálculo Integral,2026-2,,0,False
99554368315859aebd22e4b6,Cálculo Integral,2026-2,,0,False
9a05c69b9f72b6d4f4b47bc7,Cálculo Integral,2026-2,,0,False
9a5f8810b5dfd03ed0994716,Cálculo Integral,2026-2,,0,False
9b8233c9a2c07bdb815a2677,Cálculo Integral,2026-2,,0,False
9b9e01dc3a458c8e96217584,Cálculo Integral,2026-2,,0,False
9bd2e0abc17ba60c01c10872,Cálculo Integral,2026-2,,2,True
9c7205aa5f368e242b14d282,Cálculo Integral,2026-2,,0,False
9d61b1d572accb201fddbb4f,Cálculo Integral,2026-2,,0,False
9ece0761bfd6acd464cfb41a,Cálculo Integral,2026-2,,0,False
a036ae65246382b9a0c6a656,Cálculo Integral,2026-2,,0,False
a06306849191ae3f5391c8c7,Cálculo Integral,2026-2,,0,False
a132bc341a03e7d5ea4bb3cc,Cálculo Integral,2026-2,,0,False
a175876966694c7769747324,Cálculo Integral,2026-2,,1,True
a22b6a85eea19f3028840004,Cálculo Integral,2026-2,,0,False
a260d6bb1d762ac9288bc0f1,Cálculo Integral,2026-2,,0,False
a2f912c60b0af63daba7572b,Cálculo Integral,2026-2,,0,False
a3bc1f658ba3f2a17f2d67ea,Cálculo Integral,2026-2,,0,False
a446053acdbf9996ebe4435a,Cálculo Integral,2026-2,,1,True
a5d9d1410f971d51fc8084f8,Cálculo Integral,2026-2,,0,False
a6abfe3d3e2d1c135222b685,Cálculo Integral,2026-2,,0,False
a71362007d811380f07f050f,Cálculo Integral,2026-2,,0,False
a782972a7061e3917064685f,Cálculo Integral,2026-2,,0,False
a7c7f9520e2526c23d71258e,Cálculo Integral,2026-2,,0,False
a829fa4ae7b0976606457df4,Cálculo Integral,2026-2,,1,True
a8b5bd7511b97300e345bf09,Cálculo Integral,2026-2,,0,False
a980ba012134a96d6f4ba619,Cálculo Integral,2026-2,,0,False
a98f079e6744d42f2b17fcf3,Cálculo Integral,2026-2,,0,False
aa3d0f6c1e5eaf0e1f6b71fc,Cálculo Integral,2026-2,,1,True
ab7bf148dd11257b4e6337d4,Cálculo Integral,2026-2,,0,False
ada69fb1659e706b26da9a95,Cálculo Integral,2026-2,,1,True
ae57c6d8603d34b3df51120b,Cálculo Integral,2026-2,,0,False
aefcad09c969548e5cbd0dc6,Cálculo Integral,2026-2,,0,False
af08da599bb9ba2232492b9e,Cálculo Integral,2026-2,,0,False
b03fdd0a1d750f15bb57edb8,Cálculo Integral,2026-2,,0,False
b0749a87489b16ba80364635,Cálculo Integral,2026-2,,1,True
b2b18986a1826d1df10e8301,Cálculo Integral,2026-2,,0,False
b329e841e9c63609346522d9,Cálculo Integral,2026-2,,0,False
b40d9383d251f31c320db8ea,Cálculo Integral,2026-2,,0,False
b52c35abf9b06c9f4f1e87f6,Cálculo Integral,2026-2,,0,False
b6a9aebcbf5c6026d9e60d2a,Cálculo Integral,2026-2,,2,True
b6c9a1883a20293abc85917b,Cálculo Integral,2026-2,,0,False
b7f953113cbba0bb21ae2eba,Cálculo Integral,2026-2,,0,False
ba1096df98936d5914087130,Cálculo Integral,2026-2,,0,False
bb2de516c1b9e5c703d15697,Cálculo Integral,2026-2,,0,False
bc625a3d12c5d3d43f9842b3,Cálculo Integral,2026-2,,0,False
bcb0bed23a1f6b18203fbc81,Cálculo Integral,2026-2,,0,False
bcf64b213cb95e4802b9190a,Cálculo Integral,2026-2,,0,False
be2154aec8b08c610c150cb5,Cálculo Integral,2026-2,,0,False
be9d34471597a9d59a196f12,Cálculo Integral,2026-2,,1,True
c0a11da5ec115700b340ade1,Cálculo Integral,2026-2,,0,False
c0feba7d3fb56895b09f5efc,Cálculo Integral,2026-2,,0,False
c1b61c0beaf1a13f7ca53d0c,Cálculo Integral,2026-2,,0,False
c34fb98e2620b05e0bed6c59,Cálculo Integral,2026-2,,2,True
c5bba80f87b41fd6790c98b6,Cálculo Integral,2026-2,,0,False
c65cc5f6e76732a98dd80f3f,Cálculo Integral,2026-2,,1,True
c71e8f9dc724dd6020110a43,Cálculo Integral,2026-2,,0,False
c7508a583ad2bcf75d9c5020,Cálculo Integral,2026-2,,0,False
c7681c5e313b3e17fb4cf833,Cálculo Integral,2026-2,,0,False
c777c39341c51e7f84b1c9dd,Cálculo Integral,2026-2,,0,False
c8e4678e6b3cffb2ae83e48b,Cálculo Integral,2026-2,,0,False
ca1cde21a916a95a251e91a2,Cálculo Integral,2026-2,,1,True
ca5077adb5510c01d3b6973b,Cálculo Integral,2026-2,,1,True
cdb7e2adee37b00c67c8bce1,Cálculo Integral,2026-2,,0,False
cde8dad15d0c000ca5b272a2,Cálculo Integral,2026-2,,0,False
ce818fb070bc20de3d521545,Cálculo Integral,2026-2,,0,False
cf08c6199454fbee84a9b8ad,Cálculo Integral,2026-2,,0,False
d1e5c99412e0d9fb22654d44,Cálculo Integral,2026-2,,0,False
d22ce701f1aeb6d87aee1137,Cálculo Integral,2026-2,,1,True
d2723da02d89d868fc461d19,Cálculo Integral,2026-2,,0,False
d382ca31aac753dbaa4a1b79,Cálculo Integral,2026-2,,0,False
d41084b6e85361a5718d3d94,Cálculo Integral,2026-2,,0,False
d67e373790775f5c4ab9223c,Cálculo Integral,2026-2,,0,False
d687ace247fec15e4f7f8639,Cálculo Integral,2026-2,,0,False
d81c96c20f2df3e1218fd665,Cálculo Integral,2026-2,,0,False
d83d43c4cfb5e058232aa9af,Cálculo Integral,2026-2,,0,False
d92a0d17114a0e3d8ff19709,Cálculo Integral,2026-2,,1,True
d9f4e5bc90d2d58d6bd0c8b4,Cálculo Integral,2026-2,,0,False
da2b1a70a04281760874f05a,Cálculo Integral,2026-2,,7,True
db99b71dbfba318f4bf582a5,Cálculo Integral,2026-2,,0,False
dc22c16743496bcdc005ea17,Cálculo Integral,2026-2,,0,False
dc5c671aec36904603d80e04,Cálculo Integral,2026-2,,0,False
ddb0ec625c79d0ecd8f47d95,Cálculo Integral,2026-2,,0,False
de54e52508b21e271849c08a,Cálculo Integral,2026-2,,0,False
e023810c906946c4e6090305,Cálculo Integral,2026-2,,0,False
e02ea78e6b5cc76b22afaca1,Cálculo Integral,2026-2,,0,False
e0c796bf0d9ca98dbab2b47a,Cálculo Integral,2026-2,,1,True
e11976b08aa1426d9193ebb8,Cálculo Integral,2026-2,,0,False
e18211508ddc6c9a52575e4a,Cálculo Integral,2026-2,,0,False
e2f696cbb0acc700c03ec02c,Cálculo Integral,2026-2,,0,False
e36ceb33608a8404c202e1c7,Cálculo Integral,2026-2,,0,False
e3f912211ba546debd1b9777,Cálculo Integral,2026-2,,1,True
e426f82dec6a33fbd91abbff,Cálculo Integral,2026-2,,0,False
e51454541b1d3e1b5824e8cb,Cálculo Integral,2026-2,,0,False
e62f2728cfbf6272aeaab773,Cálculo Integral,2026-2,,0,False
e7fbe4a7d2b14984083047a6,Cálculo Integral,2026-2,,0,False
e82bf72b6ad9dc224d560244,Cálculo Integral,2026-2,,0,False
eb0388d2aff8ba8a8b8ee989,Cálculo Integral,2026-2,,2,True
eb51a0d375b386c9bf8c24c5,Cálculo Integral,2026-2,,0,False
ec175612e9d9df68b78f3552,Cálculo Integral,2026-2,,0,False
ec72e6defbe01252afa76116,Cálculo Integral,2026-2,,0,False
eec5683623b432f4e965751c,Cálculo Integral,2026-2,,0,False
f1c99b896f6f19cf802df7ac,Cálculo Integral,2026-2,,0,False
f3b9c231e5bfdd3c7e4e125f,Cálculo Integral,2026-2,,0,False
f5f4651f98f806ebc45ebed6,Cálculo Integral,2026-2,,0,False
f65965b433b04f5025cc79e3,Cálculo Integral,2026-2,,0,False
f7259f02c8aff333cb31588c,Cálculo Integral,2026-2,,0,False
f93e2293b8fcc1a70b1505bd,Cálculo Integral,2026-2,,1,True
fa40ed85bc50f3453f0ec3ba,Cálculo Integral,2026-2,,0,False
fa8cc27ddc33472e5720bfe1,Cálculo Integral,2026-2,,0,False
fb604f4b0fe3f4a4b1097ae3,Cálculo Integral,2026-2,,0,False
fc8e2aacdb0f2f04dff87b6c,Cálculo Integral,2026-2,,0,False
ff6ec1ec62e2dc3927b52095,Cálculo Integral,2026-2,,0,False
01c00cf8e4ca011bb5fd33a8,Cálculo Vectorial,2026-2,,0,False
036f359aca32c6e5a2ab055d,Cálculo Vectorial,2026-2,,0,False
09029797a6f74e21de4c6ed7,Cálculo Vectorial,2026-2,,0,False
095bc4a33e91a467365da8e2,Cálculo Vectorial,2026-2,,0,False
0d12b168cf6aaed15c04cada,Cálculo Vectorial,2026-2,,0,False
10a76c7697c3a428944e6add,Cálculo Vectorial,2026-2,,0,False
20d7bc123f976a8ac4c64453,Cálculo Vectorial,2026-2,,0,False
213f5e6ec16f988a573dca6b,Cálculo Vectorial,2026-2,,0,False
27d35d6684f0279a2f9ae675,Cálculo Vectorial,2026-2,,0,False
28f107cc1b2336d0453e13a9,Cálculo Vectorial,2026-2,,0,False
2d1e4f834182d614364526f0,Cálculo Vectorial,2026-2,,0,False
2d43a27c87ddba8ca6e5239f,Cálculo Vectorial,2026-2,,0,False
31b47f11a3122e9dcf39d8f8,Cálculo Vectorial,2026-2,,0,False
352e89d1e01f6d1f25b15e5a,Cálculo Vectorial,2026-2,,0,False
39b4d95e9e76ce35e55e48a1,Cálculo Vectorial,2026-2,,0,False
3bdbc22b1f4169f4c656d0ef,Cálculo Vectorial,2026-2,,0,False
42849d768a78d8190bd751f9,Cálculo Vectorial,2026-2,,0,False
47c4fe768f836b7237d0b4d4,Cálculo Vectorial,2026-2,,0,False
4d6513c5cfb2a93f1af3d35e,Cálculo Vectorial,2026-2,,0,False
512e3ba2f3d4632e8ded60ba,Cálculo Vectorial,2026-2,,0,False
56e7fdba67dd178ae9974b7f,Cálculo Vectorial,2026-2,,0,False
58c8ba48bd0cce7466e67ec4,Cálculo Vectorial,2026-2,,0,False
5a87794d7a6d085bd2367b8f,Cálculo Vectorial,2026-2,,0,False
5bdbab7988a29236d84ab3eb,Cálculo Vectorial,2026-2,,0,False
5ea73bfa5723c2a4b83ef286,Cálculo Vectorial,2026-2,,0,False
6252aa882129912c8a236cd6,Cálculo Vectorial,2026-2,,0,False
668f04d141a64aa8de9fa1f5,Cálculo Vectorial,2026-2,,0,False
67ec658bb23674d7ffb307ef,Cálculo Vectorial,2026-2,,0,False
6c0264cca2a9670b1f790cea,Cálculo Vectorial,2026-2,,0,False
6c41a834a1d794970fa7f26e,Cálculo Vectorial,2026-2,,0,False
6da927a715dc6345981af9ed,Cálculo Vectorial,2026-2,,0,False
6db91f2f83c41b72ad093853,Cálculo Vectorial,2026-2,,0,False
6e221fd399c66d2d8d7d8ea9,Cálculo Vectorial,2026-2,,0,False
731bfbc6af2964a33bad077f,Cálculo Vectorial,2026-2,,0,False
73e9d9af4e58a8fe1659aa7a,Cálculo Vectorial,2026-2,,0,False
7836686d4df0cf496af12108,Cálculo Vectorial,2026-2,,0,False
7ba5c0117cf58a6d9bed8cf9,Cálculo Vectorial,2026-2,,0,False
80814f184c4f10df290cba0b,Cálculo Vectorial,2026-2,,0,False
82c0b6efc50d4d6bcd498ff2,Cálculo Vectorial,2026-2,,0,False
83d372ce918381b6ae713d0f,Cálculo Vectorial,2026-2,,0,False
89760db125f9104938f3ee01,Cálculo Vectorial,2026-2,,0,False
8e2d9d995cdadee827e62e8f,Cálculo Vectorial,2026-2,,0,False
8eed88c49eb1388ebb3de1b8,Cálculo Vectorial,2026-2,,0,False
9639c6953c5bfdf302c9d180,Cálculo Vectorial,2026-2,,0,False
98746afd806061cb663bf2c6,Cálculo Vectorial,2026-2,,0,False
99fdc38a066e28de5d9f3b24,Cálculo Vectorial,2026-2,,0,False
9a0da6e1126c924e5a57bd39,Cálculo Vectorial,2026-2,,0,False
9a6a5c0d4a115afedb51fe07,Cálculo Vectorial,2026-2,,0,False
9c41e63bf2d25286da169bbb,Cálculo Vectorial,2026-2,,0,False
9dd8ff0c8f988f1620a38829,Cálculo Vectorial,2026-2,,0,False
9ec685ab1a2483600041c385,Cálculo Vectorial,2026-2,,0,False
a0d7463164d4beacfb4efb4b,Cálculo Vectorial,2026-2,,0,False
a3cd9a06c77c8e0eadfbf5d5,Cálculo Vectorial,2026-2,,0,False
a5fbd73a03919c94ece453e5,Cálculo Vectorial,2026-2,,0,False
a658c3a34fbfad2092960c09,Cálculo Vectorial,2026-2,,0,False
aa69518f767e02c4efc5b96d,Cálculo Vectorial,2026-2,,0,False
aa8f8babfe9227aa4f57291a,Cálculo Vectorial,2026-2,,0,False
ade01c4d3e00c34d33a767d5,Cálculo Vectorial,2026-2,,0,False
ae2a6ef6065a0bb1b5813870,Cálculo Vectorial,2026-2,,0,False
b22aedec870d7d8b05d20bcc,Cálculo Vectorial,2026-2,,0,False
b509a7cea13050811379c4d6,Cálculo Vectorial,2026-2,,0,False
b5829dcdcfa15cc4bc315d3c,Cálculo Vectorial,2026-2,,0,False
b81608e54d46841743e21a79,Cálculo Vectorial,2026-2,,0,False
b8a1b4d62c47f72fb1a0a394,Cálculo Vectorial,2026-2,,0,False
b91434fd61fd06d2344df54b,Cálculo Vectorial,2026-2,,0,False
b9d6ed977294512031c14f8d,Cálculo Vectorial,2026-2,,0,False
bde5d37431b27886412e2cc0,Cálculo Vectorial,2026-2,,0,False
becb744060a4e3eef89a3acc,Cálculo Vectorial,2026-2,,0,False
bfcad68189c6f26dbaa494dd,Cálculo Vectorial,2026-2,,0,False
c0e906870b618c4738ab49b7,Cálculo Vectorial,2026-2,,0,False
c126f0dd8e5bba88ddf9c44d,Cálculo Vectorial,2026-2,,0,False
c19d7e14f4d4e599f64f004b,Cálculo Vectorial,2026-2,,0,False
c263eed35e6e4e8b764aced1,Cálculo Vectorial,2026-2,,0,False
c772b90129952c5de7dcc7b5,Cálculo Vectorial,2026-2,,0,False
cb01b297427e41ef3ce42ce6,Cálculo Vectorial,2026-2,,0,False
d4a2452e88eb35bfffa8383c,Cálculo Vectorial,2026-2,,0,False
da26cb24f16ed64d6294a6ee,Cálculo Vectorial,2026-2,,0,False
db5cdd282e35ee5eb4e558e8,Cálculo Vectorial,2026-2,,0,False
dba44b99ab48776f7dcdbda9,Cálculo Vectorial,2026-2,,0,False
dd2b427df2b35b784ef227e2,Cálculo Vectorial,2026-2,,0,False
de5c42cdece0cdd7504db164,Cálculo Vectorial,2026-2,,0,False
e17febca2dc71a3d8c365c0d,Cálculo Vectorial,2026-2,,0,False
e85f73212a160de10027ec0a,Cálculo Vectorial,2026-2,,0,False
e8fac6fc091c79af94fb902f,Cálculo Vectorial,2026-2,,0,False
eb4ee6cd46a610464fe463ab,Cálculo Vectorial,2026-2,,0,False
ed4f66b9ed1018a5947f0cb5,Cálculo Vectorial,2026-2,,0,False
ee4acfc8e79f1a5d1d4007a9,Cálculo Vectorial,2026-2,,0,False
f0eb18b81ad858809f6cf066,Cálculo Vectorial,2026-2,,0,False
f3c92aa7dfe34986475dc2b7,Cálculo Vectorial,2026-2,,0,False
f5c6a8066f496291fd751a6a,Cálculo Vectorial,2026-2,,0,False
f61561873cfd14de462746b1,Cálculo Vectorial,2026-2,,0,False
f697d0bdc41785a32d5e25b8,Cálculo Vectorial,2026-2,,0,False
f9c3f86bee23f23aa78dd610,Cálculo Vectorial,2026-2,,0,False
fb2ebf8d1c3d90caa419457f,Cálculo Vectorial,2026-2,,0,False
fbb30ffb5c9d65601b40bdff,Cálculo Vectorial,2026-2,,0,False
fdb8835b0456a4a32a501de1,Cálculo Vectorial,2026-2,,0,False
01c00cf8e4ca011bb5fd33a8,Ecuaciones Diferenciales,2026-2,,1,True
02607c2c2b3880b1514e3e1e,Ecuaciones Diferenciales,2026-2,,0,False
036f359aca32c6e5a2ab055d,Ecuaciones Diferenciales,2026-2,,0,False
07bc50e6c2a3c6d17336c74c,Ecuaciones Diferenciales,2026-2,,2,True
0ad747074c23144800b6eab5,Ecuaciones Diferenciales,2026-2,,0,False
0fa8bb63575a20e6d1a7a9bb,Ecuaciones Diferenciales,2026-2,,1,True
11e82e37c30e102da40ab6be,Ecuaciones Diferenciales,2026-2,,0,False
19e31d0851a0941290883d4d,Ecuaciones Diferenciales,2026-2,,2,True
1b777e8bf2a4f8c1059ce5cc,Ecuaciones Diferenciales,2026-2,,1,True
1c79e7cd343653198cf12d5a,Ecuaciones Diferenciales,2026-2,,1,True
20d7bc123f976a8ac4c64453,Ecuaciones Diferenciales,2026-2,,0,False
213f5e6ec16f988a573dca6b,Ecuaciones Diferenciales,2026-2,,1,True
236f2787e3dc1046e28d87cb,Ecuaciones Diferenciales,2026-2,,0,False
23e8ce2b7966bbf953cd9596,Ecuaciones Diferenciales,2026-2,,0,False
25785137300f10f9cd9bc5d2,Ecuaciones Diferenciales,2026-2,,0,False
2737adb8f4df5a99743b64a1,Ecuaciones Diferenciales,2026-2,,0,False
2913ae2dbdef9111dfb37f16,Ecuaciones Diferenciales,2026-2,,0,False
2d43a27c87ddba8ca6e5239f,Ecuaciones Diferenciales,2026-2,,0,False
31b47f11a3122e9dcf39d8f8,Ecuaciones Diferenciales,2026-2,,0,False
322569f37eff0d2257669e1e,Ecuaciones Diferenciales,2026-2,,0,False
357f5c8b695477f979ed6378,Ecuaciones Diferenciales,2026-2,,1,True
385e6ed9cc258d036408567f,Ecuaciones Diferenciales,2026-2,,0,False
3968c520b25fb7b0bfb1c4a3,Ecuaciones Diferenciales,2026-2,,0,False
3bdbc22b1f4169f4c656d0ef,Ecuaciones Diferenciales,2026-2,,0,False
47c4fe768f836b7237d0b4d4,Ecuaciones Diferenciales,2026-2,,0,False
4d324ffe506c15efa15de348,Ecuaciones Diferenciales,2026-2,,0,False
4d4497320238970681bce0bf,Ecuaciones Diferenciales,2026-2,,0,False
50e6a3bb77d6754706e7c99b,Ecuaciones Diferenciales,2026-2,,0,False
5b67ff4f64525ec9bdb31623,Ecuaciones Diferenciales,2026-2,,0,False
5bdbab7988a29236d84ab3eb,Ecuaciones Diferenciales,2026-2,,1,True
5e1c42493d3dcb620b337899,Ecuaciones Diferenciales,2026-2,,1,True
5ea73bfa5723c2a4b83ef286,Ecuaciones Diferenciales,2026-2,,0,False
6394d84ee2127343b90a88d9,Ecuaciones Diferenciales,2026-2,,0,False
6c0264cca2a9670b1f790cea,Ecuaciones Diferenciales,2026-2,,0,False
731bfbc6af2964a33bad077f,Ecuaciones Diferenciales,2026-2,,4,True
73b0cd2664d104c2fbe37174,Ecuaciones Diferenciales,2026-2,,0,False
73e9d9af4e58a8fe1659aa7a,Ecuaciones Diferenciales,2026-2,,0,False
7725960c60fb8dce62bd5f9a,Ecuaciones Diferenciales,2026-2,,0,False
789744c6d7eb6556a0240600,Ecuaciones Diferenciales,2026-2,,1,True
7adcd8acacba8f2889cba512,Ecuaciones Diferenciales,2026-2,,0,False
7b59c5787422c81db440c70d,Ecuaciones Diferenciales,2026-2,,0,False
80526823a3204eedcccaf889,Ecuaciones Diferenciales,2026-2,,0,False
80814f184c4f10df290cba0b,Ecuaciones Diferenciales,2026-2,,0,False
82872b47ee53a0a134532a2f,Ecuaciones Diferenciales,2026-2,,4,True
85a96aa322af394e9c9c8aa7,Ecuaciones Diferenciales,2026-2,,0,False
87ead6a073f20a81ed854778,Ecuaciones Diferenciales,2026-2,,0,False
91a37b5b02963c8f8e76f65c,Ecuaciones Diferenciales,2026-2,,0,False
95afa17099db2dea2efabe11,Ecuaciones Diferenciales,2026-2,,0,False
9710bdb955a552d68a618ed3,Ecuaciones Diferenciales,2026-2,,0,False
984dd6fd9e35e8eefdc0be78,Ecuaciones Diferenciales,2026-2,,0,False
98746afd806061cb663bf2c6,Ecuaciones Diferenciales,2026-2,,0,False
9b5138f56f77be24949d919d,Ecuaciones Diferenciales,2026-2,,0,False
9c41e63bf2d25286da169bbb,Ecuaciones Diferenciales,2026-2,,0,False
ac24275cf4a4210620594fd8,Ecuaciones Diferenciales,2026-2,,1,True
b078f2e394219c2d182ba4a9,Ecuaciones Diferenciales,2026-2,,0,False
b3d66df1f333d2ac29939308,Ecuaciones Diferenciales,2026-2,,0,False
b3f9cff9771e40b6de84ccd4,Ecuaciones Diferenciales,2026-2,,0,False
b4a0f5e005f174cbcb32136d,Ecuaciones Diferenciales,2026-2,,1,True
b60fa3c8c52acf666fa26497,Ecuaciones Diferenciales,2026-2,,0,False
b61cc95cf9b7d95d41d255ef,Ecuaciones Diferenciales,2026-2,,0,False
b81608e54d46841743e21a79,Ecuaciones Diferenciales,2026-2,,2,True
b9d6ed977294512031c14f8d,Ecuaciones Diferenciales,2026-2,,0,False
bfcad68189c6f26dbaa494dd,Ecuaciones Diferenciales,2026-2,,0,False
c0e043ba9b41abf4b1f0a752,Ecuaciones Diferenciales,2026-2,,0,False
c0feba7d3fb56895b09f5efc,Ecuaciones Diferenciales,2026-2,,0,False
c1f0d40a7e9e49503911a23d,Ecuaciones Diferenciales,2026-2,,0,False
c263eed35e6e4e8b764aced1,Ecuaciones Diferenciales,2026-2,,1,True
c714f2254e1e9e258b9f1c1e,Ecuaciones Diferenciales,2026-2,,0,False
caacd1ae953252c4368e5c32,Ecuaciones Diferenciales,2026-2,,0,False
cb01b297427e41ef3ce42ce6,Ecuaciones Diferenciales,2026-2,,2,True
d43eee2ea57c6899417be35e,Ecuaciones Diferenciales,2026-2,,0,False
db6e3e9b27af17e7752a5665,Ecuaciones Diferenciales,2026-2,,0,False
dba44b99ab48776f7dcdbda9,Ecuaciones Diferenciales,2026-2,,0,False
dd2b427df2b35b784ef227e2,Ecuaciones Diferenciales,2026-2,,0,False
de5c42cdece0cdd7504db164,Ecuaciones Diferenciales,2026-2,,2,True
e17febca2dc71a3d8c365c0d,Ecuaciones Diferenciales,2026-2,,0,False
e2f731735f3e284fe0175a1a,Ecuaciones Diferenciales,2026-2,,0,False
e56d945426b8f80d7d89de14,Ecuaciones Diferenciales,2026-2,,0,False
e5fa46f398cf268c1e9069e2,Ecuaciones Diferenciales,2026-2,,0,False
e75525e3fdd63a16452b1b74,Ecuaciones Diferenciales,2026-2,,1,True
ea780b4519ec66db1077300b,Ecuaciones Diferenciales,2026-2,,0,False
eb4ee6cd46a610464fe463ab,Ecuaciones Diferenciales,2026-2,,3,True
ed4f66b9ed1018a5947f0cb5,Ecuaciones Diferenciales,2026-2,,0,False
ed5d3f4d1c1c79b1495c4e77,Ecuaciones Diferenciales,2026-2,,0,False
ee4acfc8e79f1a5d1d4007a9,Ecuaciones Diferenciales,2026-2,,4,True
f1e259f0dcfc6f2b27f742fd,Ecuaciones Diferenciales,2026-2,,0,False
f3e95b8dadf07fa3acb69126,Ecuaciones Diferenciales,2026-2,,0,False
f61561873cfd14de462746b1,Ecuaciones Diferenciales,2026-2,,1,True
f697d0bdc41785a32d5e25b8,Ecuaciones Diferenciales,2026-2,,0,False
fa560e209b89d3de38ce443c,Ecuaciones Diferenciales,2026-2,,0,False
fc8663aaf6c049c1d121bf7b,Ecuaciones Diferenciales,2026-2,,0,False
00728ace6c34b6d548c9a52d,Electricidad y Magnetismo,2026-2,,0,False
011a871e28a0c8806c441b85,Electricidad y Magnetismo,2026-2,,0,False
02607c2c2b3880b1514e3e1e,Electricidad y Magnetismo,2026-2,,1,True
036f359aca32c6e5a2ab055d,Electricidad y Magnetismo,2026-2,,0,False
06dae75c3291cf7968674a4e,Electricidad y Magnetismo,2026-2,,0,False
09029797a6f74e21de4c6ed7,Electricidad y Magnetismo,2026-2,,0,False
0905a1e6aa895d32f709e857,Electricidad y Magnetismo,2026-2,,0,False
0b8a81e4873bc92acdd571af,Electricidad y Magnetismo,2026-2,,0,False
0ba12bdcb3b2aebcabd207c6,Electricidad y Magnetismo,2026-2,,0,False
0f3cef0919af1d285b338209,Electricidad y Magnetismo,2026-2,,0,False
0fa8bb63575a20e6d1a7a9bb,Electricidad y Magnetismo,2026-2,,3,True
10a76c7697c3a428944e6add,Electricidad y Magnetismo,2026-2,,0,False
11e82e37c30e102da40ab6be,Electricidad y Magnetismo,2026-2,,0,False
199e9a5b84576394a52a836d,Electricidad y Magnetismo,2026-2,,0,False
19e31d0851a0941290883d4d,Electricidad y Magnetismo,2026-2,,3,True
1a7bfe4b0a7f374c1239991d,Electricidad y Magnetismo,2026-2,,0,False
1b777e8bf2a4f8c1059ce5cc,Electricidad y Magnetismo,2026-2,,0,False
1bbb1ea0a627088941f28843,Electricidad y Magnetismo,2026-2,,0,False
1e99b4d4d3aff2fa0848ba5a,Electricidad y Magnetismo,2026-2,,0,False
209e13a531b206343d116a77,Electricidad y Magnetismo,2026-2,,0,False
213f5e6ec16f988a573dca6b,Electricidad y Magnetismo,2026-2,,0,False
21717b38baf0f8d94e0958ee,Electricidad y Magnetismo,2026-2,,0,False
21e3aaacd5e71e74f4b97262,Electricidad y Magnetismo,2026-2,,0,False
236f2787e3dc1046e28d87cb,Electricidad y Magnetismo,2026-2,,0,False
25785137300f10f9cd9bc5d2,Electricidad y Magnetismo,2026-2,,0,False
27ed7ae791bddf3608576cca,Electricidad y Magnetismo,2026-2,,0,False
28b1bcc7b8801235ebc0e8b9,Electricidad y Magnetismo,2026-2,,0,False
2913ae2dbdef9111dfb37f16,Electricidad y Magnetismo,2026-2,,0,False
2a3276256e0e66393d9d50de,Electricidad y Magnetismo,2026-2,,0,False
2a377d11db68aa0eb2766951,Electricidad y Magnetismo,2026-2,,0,False
2d1e4f834182d614364526f0,Electricidad y Magnetismo,2026-2,,0,False
2de6ee3dae2b9b5106117bab,Electricidad y Magnetismo,2026-2,,0,False
31db1de538b1e5bf27545216,Electricidad y Magnetismo,2026-2,,0,False
31e04d22447cd13712ec4ee8,Electricidad y Magnetismo,2026-2,,0,False
31e7a7961b4e192edbd0b697,Electricidad y Magnetismo,2026-2,,0,False
322569f37eff0d2257669e1e,Electricidad y Magnetismo,2026-2,,0,False
331507548272018473d0a3e9,Electricidad y Magnetismo,2026-2,,0,False
34aa2f46d0fd7030e06e0654,Electricidad y Magnetismo,2026-2,,0,False
352e89d1e01f6d1f25b15e5a,Electricidad y Magnetismo,2026-2,,0,False
357f5c8b695477f979ed6378,Electricidad y Magnetismo,2026-2,,0,False
3617d13b4afe88c9cfa46f24,Electricidad y Magnetismo,2026-2,,0,False
36b632f201f0eb5e5cc1fbb8,Electricidad y Magnetismo,2026-2,,0,False
385e6ed9cc258d036408567f,Electricidad y Magnetismo,2026-2,,0,False
3a9165d948006b9dc9044521,Electricidad y Magnetismo,2026-2,,1,True
3baeaa6303fa6159ca4de9b9,Electricidad y Magnetismo,2026-2,,0,False
3d33f32ab21ab63878c4cbcb,Electricidad y Magnetismo,2026-2,,0,False
3e69d54e3732c764ff13e9f3,Electricidad y Magnetismo,2026-2,,0,False
42806bdb0bd294e70754d835,Electricidad y Magnetismo,2026-2,,0,False
42828d02c3506f5790360ac2,Electricidad y Magnetismo,2026-2,,0,False
460414d766caaea49089dbb5,Electricidad y Magnetismo,2026-2,,0,False
4918f5964aa38ca617eb5004,Electricidad y Magnetismo,2026-2,,0,False
49d3f3aeecfe8b296075b44b,Electricidad y Magnetismo,2026-2,,0,False
4d324ffe506c15efa15de348,Electricidad y Magnetismo,2026-2,,1,True
4e427dcab8484769b09262b1,Electricidad y Magnetismo,2026-2,,0,False
4ea477ecf28501232606684b,Electricidad y Magnetismo,2026-2,,0,False
50b94b3050a58de29189cc01,Electricidad y Magnetismo,2026-2,,0,False
52ce94c47b9119e0e8f2927e,Electricidad y Magnetismo,2026-2,,0,False
549df1916b906046c2045388,Electricidad y Magnetismo,2026-2,,0,False
54e55166340c06c2e4412702,Electricidad y Magnetismo,2026-2,,0,False
568647a2d2dabbc74d7642e8,Electricidad y Magnetismo,2026-2,,0,False
5adb4334a2df6223a34bca30,Electricidad y Magnetismo,2026-2,,0,False
5b67ff4f64525ec9bdb31623,Electricidad y Magnetismo,2026-2,,0,False
5bf5bc7869a8b92642cb18e2,Electricidad y Magnetismo,2026-2,,1,True
5c54e9e202f272462a51cafe,Electricidad y Magnetismo,2026-2,,0,False
5e1c42493d3dcb620b337899,Electricidad y Magnetismo,2026-2,,0,False
6064eaf87c0fd86aab85869f,Electricidad y Magnetismo,2026-2,,0,False
60779b9d13c885669701f96f,Electricidad y Magnetismo,2026-2,,0,False
608719ab57d68ce1d55b5106,Electricidad y Magnetismo,2026-2,,0,False
634d0f20979428df01204382,Electricidad y Magnetismo,2026-2,,0,False
6394d84ee2127343b90a88d9,Electricidad y Magnetismo,2026-2,,0,False
63b7961a26703b92ad80c9b1,Electricidad y Magnetismo,2026-2,,1,True
6c0264cca2a9670b1f790cea,Electricidad y Magnetismo,2026-2,,0,False
6d5ccbc3fdb9aa9a862aab1e,Electricidad y Magnetismo,2026-2,,0,False
6e16fdaa9651a8009cb910d9,Electricidad y Magnetismo,2026-2,,0,False
6eb08365766c638fcb6b6429,Electricidad y Magnetismo,2026-2,,0,False
6f34ab2782436f462635433b,Electricidad y Magnetismo,2026-2,,0,False
6f55bb3dbb47c1c22b2e6e92,Electricidad y Magnetismo,2026-2,,0,False
71cd0762fc998ad9e4f4a043,Electricidad y Magnetismo,2026-2,,0,False
731bfbc6af2964a33bad077f,Electricidad y Magnetismo,2026-2,,0,False
7384b2857aed69607e8b70b0,Electricidad y Magnetismo,2026-2,,0,False
73e9d9af4e58a8fe1659aa7a,Electricidad y Magnetismo,2026-2,,0,False
742079d6db5a070ae174d0be,Electricidad y Magnetismo,2026-2,,0,False
7725960c60fb8dce62bd5f9a,Electricidad y Magnetismo,2026-2,,0,False
775969edc9f140f9ba7075e9,Electricidad y Magnetismo,2026-2,,0,False
7836686d4df0cf496af12108,Electricidad y Magnetismo,2026-2,,0,False
789744c6d7eb6556a0240600,Electricidad y Magnetismo,2026-2,,0,False
7a08158fefce8b170c0cac63,Electricidad y Magnetismo,2026-2,,0,False
7adcd8acacba8f2889cba512,Electricidad y Magnetismo,2026-2,,0,False
7ba5c0117cf58a6d9bed8cf9,Electricidad y Magnetismo,2026-2,,0,False
80814f184c4f10df290cba0b,Electricidad y Magnetismo,2026-2,,1,True
80b385eb09b83b302ac48896,Electricidad y Magnetismo,2026-2,,0,False
847e02a9316fff7a8173b489,Electricidad y Magnetismo,2026-2,,0,False
85a96aa322af394e9c9c8aa7,Electricidad y Magnetismo,2026-2,,0,False
88238e538b608fb690334460,Electricidad y Magnetismo,2026-2,,0,False
897a0d971f753f416b061857,Electricidad y Magnetismo,2026-2,,0,False
8be572c8b06c99e6a0a5225e,Electricidad y Magnetismo,2026-2,,1,True
8fc9d39b74a69d701c8e20a5,Electricidad y Magnetismo,2026-2,,0,False
9001433ef4b26c7f5b1e9a3e,Electricidad y Magnetismo,2026-2,,0,False
92a62d8a2abbba2dff32abe7,Electricidad y Magnetismo,2026-2,,0,False
958db126b726feca5e9527b3,Electricidad y Magnetismo,2026-2,,0,False
9710bdb955a552d68a618ed3,Electricidad y Magnetismo,2026-2,,0,False
98746afd806061cb663bf2c6,Electricidad y Magnetismo,2026-2,,0,False
9a1687b527893c1c4cbf7b53,Electricidad y Magnetismo,2026-2,,0,False
9a6a5c0d4a115afedb51fe07,Electricidad y Magnetismo,2026-2,,0,False
9c49d43546d638385ca0505a,Electricidad y Magnetismo,2026-2,,0,False
9c7c16189993c7b684cfc5a5,Electricidad y Magnetismo,2026-2,,0,False
9e0a9405c1645c741521089f,Electricidad y Magnetismo,2026-2,,0,False
9f05083813ecab82994f969e,Electricidad y Magnetismo,2026-2,,1,True
a3811fc9f8a724c9a26fe7c8,Electricidad y Magnetismo,2026-2,,0,False
a59a17acfdb23ade0b35ec72,Electricidad y Magnetismo,2026-2,,0,False
a6371ec872fda6e1f27e6374,Electricidad y Magnetismo,2026-2,,0,False
a6ebc7ae4b5d220d5deefe7e,Electricidad y Magnetismo,2026-2,,2,True
aa4b62aefa97cddf9f6dfeb9,Electricidad y Magnetismo,2026-2,,0,False
ac24275cf4a4210620594fd8,Electricidad y Magnetismo,2026-2,,0,False
b388deb6aafd6bb91b9bb8ee,Electricidad y Magnetismo,2026-2,,0,False
b3f9cff9771e40b6de84ccd4,Electricidad y Magnetismo,2026-2,,0,False
b4a0f5e005f174cbcb32136d,Electricidad y Magnetismo,2026-2,,1,True
b530c37242eb72f6f40d7d3f,Electricidad y Magnetismo,2026-2,,1,True
b60fa3c8c52acf666fa26497,Electricidad y Magnetismo,2026-2,,0,False
b61cc95cf9b7d95d41d255ef,Electricidad y Magnetismo,2026-2,,0,False
b8421d8585b7bc8e72bca4a2,Electricidad y Magnetismo,2026-2,,0,False
b91434fd61fd06d2344df54b,Electricidad y Magnetismo,2026-2,,0,False
b9d6ed977294512031c14f8d,Electricidad y Magnetismo,2026-2,,0,False
bbae446804ef18a38e7786a9,Electricidad y Magnetismo,2026-2,,0,False
bddb2c9d52267ac497421147,Electricidad y Magnetismo,2026-2,,0,False
beee39abf9e02fd12a1fe8bb,Electricidad y Magnetismo,2026-2,,0,False
bfe00d1a96a596f7e14f0329,Electricidad y Magnetismo,2026-2,,0,False
c0e043ba9b41abf4b1f0a752,Electricidad y Magnetismo,2026-2,,0,False
c0feba7d3fb56895b09f5efc,Electricidad y Magnetismo,2026-2,,1,True
c126f0dd8e5bba88ddf9c44d,Electricidad y Magnetismo,2026-2,,0,False
c19d7e14f4d4e599f64f004b,Electricidad y Magnetismo,2026-2,,0,False
c676f50fb29bbd89f3fd405e,Electricidad y Magnetismo,2026-2,,0,False
c714f2254e1e9e258b9f1c1e,Electricidad y Magnetismo,2026-2,,0,False
c7b0068c7bab9adfe386ae07,Electricidad y Magnetismo,2026-2,,2,True
c85f5c10a974ba99e7fcd186,Electricidad y Magnetismo,2026-2,,0,False
cb03803f13eee863bb588ef1,Electricidad y Magnetismo,2026-2,,0,False
ce176f62d5bffd56d7cfbb83,Electricidad y Magnetismo,2026-2,,0,False
ceaafcb26db0824c398c79f0,Electricidad y Magnetismo,2026-2,,0,False
d4a2452e88eb35bfffa8383c,Electricidad y Magnetismo,2026-2,,0,False
d52d31353bf4ca19fa6cc766,Electricidad y Magnetismo,2026-2,,0,False
d707ebe127c529256ebc3699,Electricidad y Magnetismo,2026-2,,0,False
d9636ba03ae6dda578e2bb9e,Electricidad y Magnetismo,2026-2,,0,False
d9a1409ea23d186a9959cf6e,Electricidad y Magnetismo,2026-2,,0,False
d9a9b195eb0a9cc0542166f1,Electricidad y Magnetismo,2026-2,,0,False
db6e3e9b27af17e7752a5665,Electricidad y Magnetismo,2026-2,,0,False
dca65dde68befb34f0acdfb8,Electricidad y Magnetismo,2026-2,,0,False
de9658bfa5e02575338536f2,Electricidad y Magnetismo,2026-2,,0,False
e110e7a46de2d950e6c4b10f,Electricidad y Magnetismo,2026-2,,0,False
e2f731735f3e284fe0175a1a,Electricidad y Magnetismo,2026-2,,0,False
e85f73212a160de10027ec0a,Electricidad y Magnetismo,2026-2,,0,False
eabcca853467dc42e12337bb,Electricidad y Magnetismo,2026-2,,0,False
eb30a90ec386fc6aa651f261,Electricidad y Magnetismo,2026-2,,0,False
eb4ee6cd46a610464fe463ab,Electricidad y Magnetismo,2026-2,,0,False
f0eb18b81ad858809f6cf066,Electricidad y Magnetismo,2026-2,,0,False
f2d9ace280e4885b3fd22285,Electricidad y Magnetismo,2026-2,,0,False
f31e5de8eedcef45c9d0df7c,Electricidad y Magnetismo,2026-2,,0,False
f3e95b8dadf07fa3acb69126,Electricidad y Magnetismo,2026-2,,0,False
f61561873cfd14de462746b1,Electricidad y Magnetismo,2026-2,,0,False
f697d0bdc41785a32d5e25b8,Electricidad y Magnetismo,2026-2,,0,False
f790f2c249b6a37aefdeb094,Electricidad y Magnetismo,2026-2,,0,False
f9c3f86bee23f23aa78dd610,Electricidad y Magnetismo,2026-2,,0,False
fa560e209b89d3de38ce443c,Electricidad y Magnetismo,2026-2,,0,False
fad7eb0b3ad408b8932cec2c,Electricidad y Magnetismo,2026-2,,3,True
fc0787cafcb0d5cf2db80c8e,Electricidad y Magnetismo,2026-2,,1,True
fc185395565f0444e551d9d1,Electricidad y Magnetismo,2026-2,,0,False
fc8663aaf6c049c1d121bf7b,Electricidad y Magnetismo,2026-2,,0,False
fcd5f12d39172c1c2946c851,Electricidad y Magnetismo,2026-2,,0,False
fd0b6bf02b5222063e5db0ee,Electricidad y Magnetismo,2026-2,,1,True
fd7f9981d64d19cff9edb594,Electricidad y Magnetismo,2026-2,,0,False
03702117c008d5b828d3a640,Fortalecimiento Académico: Física,2026-2,,0,False
06dae75c3291cf7968674a4e,Fortalecimiento Académico: Física,2026-2,,0,False
209e13a531b206343d116a77,Fortalecimiento Académico: Física,2026-2,,0,False
213f5e6ec16f988a573dca6b,Fortalecimiento Académico: Física,2026-2,,0,False
27ed7ae791bddf3608576cca,Fortalecimiento Académico: Física,2026-2,,0,False
31e04d22447cd13712ec4ee8,Fortalecimiento Académico: Física,2026-2,,0,False
357f5c8b695477f979ed6378,Fortalecimiento Académico: Física,2026-2,,0,False
3a9165d948006b9dc9044521,Fortalecimiento Académico: Física,2026-2,,0,False
460414d766caaea49089dbb5,Fortalecimiento Académico: Física,2026-2,,0,False
4ea477ecf28501232606684b,Fortalecimiento Académico: Física,2026-2,,0,False
6eb08365766c638fcb6b6429,Fortalecimiento Académico: Física,2026-2,,0,False
6f34ab2782436f462635433b,Fortalecimiento Académico: Física,2026-2,,0,False
6f55bb3dbb47c1c22b2e6e92,Fortalecimiento Académico: Física,2026-2,,0,False
71cd0762fc998ad9e4f4a043,Fortalecimiento Académico: Física,2026-2,,0,False
7564f1f9c601b7bc3baea87b,Fortalecimiento Académico: Física,2026-2,,0,False
7725960c60fb8dce62bd5f9a,Fortalecimiento Académico: Física,2026-2,,0,False
775969edc9f140f9ba7075e9,Fortalecimiento Académico: Física,2026-2,,0,False
7a08158fefce8b170c0cac63,Fortalecimiento Académico: Física,2026-2,,0,False
881bbbcaa57f65fee72ce83d,Fortalecimiento Académico: Física,2026-2,,0,False
8be572c8b06c99e6a0a5225e,Fortalecimiento Académico: Física,2026-2,,0,False
9001433ef4b26c7f5b1e9a3e,Fortalecimiento Académico: Física,2026-2,,0,False
92a62d8a2abbba2dff32abe7,Fortalecimiento Académico: Física,2026-2,,0,False
9c7c16189993c7b684cfc5a5,Fortalecimiento Académico: Física,2026-2,,0,False
9de473412d2d3352eed3d3a3,Fortalecimiento Académico: Física,2026-2,,0,False
a6371ec872fda6e1f27e6374,Fortalecimiento Académico: Física,2026-2,,0,False
b91434fd61fd06d2344df54b,Fortalecimiento Académico: Física,2026-2,,0,False
c126f0dd8e5bba88ddf9c44d,Fortalecimiento Académico: Física,2026-2,,0,False
c7b0068c7bab9adfe386ae07,Fortalecimiento Académico: Física,2026-2,,0,False
d4a2452e88eb35bfffa8383c,Fortalecimiento Académico: Física,2026-2,,0,False
de9658bfa5e02575338536f2,Fortalecimiento Académico: Física,2026-2,,0,False
e85f73212a160de10027ec0a,Fortalecimiento Académico: Física,2026-2,,0,False
fc8663aaf6c049c1d121bf7b,Fortalecimiento Académico: Física,2026-2,,0,False
032ece44d4493960950afd48,Fortalecimiento Académico: Matemáticas,2026-2,,0,False
048f7ef4aa69f4bdd5edb782,Fortalecimiento Académico: Matemáticas,2026-2,,0,False
079e0bb43050809b7587d422,Fortalecimiento Académico: Matemáticas,2026-2,,0,False
08ce0ed1de63c261339ab031,Fortalecimiento Académico: Matemáticas,2026-2,,0,False
092520ff6cf054356b78a495,Fortalecimiento Académico: Matemáticas,2026-2,,0,False
09452cf5bd5a895294c64a7c,Fortalecimiento Académico: Matemáticas,2026-2,,0,False
0bab64430a7b1508b2c9a23a,Fortalecimiento Académico: Matemáticas,2026-2,,0,False
0bc4a0b4b15af06dfe15a61e,Fortalecimiento Académico: Matemáticas,2026-2,,0,False
0bfb6d04c2df53ee935f1982,Fortalecimiento Académico: Matemáticas,2026-2,,0,False
0cde148f98cc46ebaa3c91e4,Fortalecimiento Académico: Matemáticas,2026-2,,0,False
0f841c7b0be3040fa6104a75,Fortalecimiento Académico: Matemáticas,2026-2,,0,False
0fae3ccb2b018a389d43d8e6,Fortalecimiento Académico: Matemáticas,2026-2,,0,False
103937e4a44d4b997eada173,Fortalecimiento Académico: Matemáticas,2026-2,,0,False
12767aa7b5a37fe220dc98cd,Fortalecimiento Académico: Matemáticas,2026-2,,0,False
143622cbf9c41f319338f8a9,Fortalecimiento Académico: Matemáticas,2026-2,,0,False
14418fcf7fdbbd3caf6276d0,Fortalecimiento Académico: Matemáticas,2026-2,,0,False
1544b676fa98d07ba97bfed7,Fortalecimiento Académico: Matemáticas,2026-2,,0,False
166bb74ef810034d9de43e90,Fortalecimiento Académico: Matemáticas,2026-2,,0,False
1789163156b716684b6ee9e6,Fortalecimiento Académico: Matemáticas,2026-2,,0,False
1902384559c9a15af373cad9,Fortalecimiento Académico: Matemáticas,2026-2,,0,False
1bbf8334ef1aef69a7f337dc,Fortalecimiento Académico: Matemáticas,2026-2,,0,False
1e220dc6db475d89734d3788,Fortalecimiento Académico: Matemáticas,2026-2,,0,False
1e6374dccd6525038e918eb2,Fortalecimiento Académico: Matemáticas,2026-2,,0,False
216be40cc8c9731ea957d911,Fortalecimiento Académico: Matemáticas,2026-2,,0,False
22670a837ed1784360f7f8bb,Fortalecimiento Académico: Matemáticas,2026-2,,0,False
23eae8ed7d29c3669cc1bc94,Fortalecimiento Académico: Matemáticas,2026-2,,0,False
266ca803bbf98e1f91ae8b29,Fortalecimiento Académico: Matemáticas,2026-2,,0,False
269bcd2493bbe175be65ce35,Fortalecimiento Académico: Matemáticas,2026-2,,0,False
26df483ee7a4699d9ddce984,Fortalecimiento Académico: Matemáticas,2026-2,,0,False
28ed185a1308be498ff4f61d,Fortalecimiento Académico: Matemáticas,2026-2,,0,False
294bdcbe6bcbfa868f7314f7,Fortalecimiento Académico: Matemáticas,2026-2,,0,False
29895b4663a4389d31521c8d,Fortalecimiento Académico: Matemáticas,2026-2,,0,False
2a063bf494241be7ee0e626e,Fortalecimiento Académico: Matemáticas,2026-2,,0,False
2aa7f95020a8bb493edf6951,Fortalecimiento Académico: Matemáticas,2026-2,,0,False
2ac36b16b90bd6962b3a30da,Fortalecimiento Académico: Matemáticas,2026-2,,0,False
2e6b340040561f9c1f63dfac,Fortalecimiento Académico: Matemáticas,2026-2,,0,False
2ee79c2491b95f26c4bfa301,Fortalecimiento Académico: Matemáticas,2026-2,,0,False
325a041f98e773c6c0775866,Fortalecimiento Académico: Matemáticas,2026-2,,0,False
32b054e8b0b81661605dc1a8,Fortalecimiento Académico: Matemáticas,2026-2,,0,False
33782812782256b64646441b,Fortalecimiento Académico: Matemáticas,2026-2,,0,False
34cf5bdd9504b5d7b72d5991,Fortalecimiento Académico: Matemáticas,2026-2,,0,False
3624700839c51172b32f329a,Fortalecimiento Académico: Matemáticas,2026-2,,0,False
367d451e59b26d39257dab0d,Fortalecimiento Académico: Matemáticas,2026-2,,0,False
375ea32c5778357a76d2cc5e,Fortalecimiento Académico: Matemáticas,2026-2,,0,False
37e3feba7445f9f3ead5c98f,Fortalecimiento Académico: Matemáticas,2026-2,,0,False
39074466e04d391b4c2b0559,Fortalecimiento Académico: Matemáticas,2026-2,,0,False
399301e1e2941d14bdc5f862,Fortalecimiento Académico: Matemáticas,2026-2,,0,False
39ea5b8b5f63724887c44127,Fortalecimiento Académico: Matemáticas,2026-2,,0,False
3aca133b0c527758738415db,Fortalecimiento Académico: Matemáticas,2026-2,,0,False
3de24d7f1dd3903770496997,Fortalecimiento Académico: Matemáticas,2026-2,,0,False
3e4ff22dabe6f217c25a9f25,Fortalecimiento Académico: Matemáticas,2026-2,,0,False
3e83b69ae3688021c2faa439,Fortalecimiento Académico: Matemáticas,2026-2,,0,False
3efc2e410e2caaff1f1dbf1c,Fortalecimiento Académico: Matemáticas,2026-2,,0,False
40d654a65e8bb903aa766b26,Fortalecimiento Académico: Matemáticas,2026-2,,0,False
417faaead3f56cec4900e9ed,Fortalecimiento Académico: Matemáticas,2026-2,,0,False
42af82551b93251a7276b186,Fortalecimiento Académico: Matemáticas,2026-2,,0,False
43924c8c2c5dfc4e4b14633e,Fortalecimiento Académico: Matemáticas,2026-2,,0,False
4d26487ca19bc8a40ec8ee75,Fortalecimiento Académico: Matemáticas,2026-2,,0,False
4d69197784726bd6c668fccf,Fortalecimiento Académico: Matemáticas,2026-2,,0,False
4d94ef65d7ea1b22130dd14b,Fortalecimiento Académico: Matemáticas,2026-2,,0,False
4dbf3a12e8d0a95e5394be8a,Fortalecimiento Académico: Matemáticas,2026-2,,0,False
4e7384a798c9903a534037e3,Fortalecimiento Académico: Matemáticas,2026-2,,0,False
4e926db749d05ee0235601a0,Fortalecimiento Académico: Matemáticas,2026-2,,0,False
4e9f65a8b88e887b5c3fc9c9,Fortalecimiento Académico: Matemáticas,2026-2,,0,False
53a62e5f833ade41cb1c3fc5,Fortalecimiento Académico: Matemáticas,2026-2,,0,False
57b45c748abbb85e4bb838a5,Fortalecimiento Académico: Matemáticas,2026-2,,0,False
585f9973c8f921b654f7c479,Fortalecimiento Académico: Matemáticas,2026-2,,0,False
5b30235177c822ebab1e7d07,Fortalecimiento Académico: Matemáticas,2026-2,,0,False
5cad462d5b7cf6b8ce4c6358,Fortalecimiento Académico: Matemáticas,2026-2,,0,False
5db105352a2f7e4f041d5bdb,Fortalecimiento Académico: Matemáticas,2026-2,,0,False
5e6d0c03455b92944620d650,Fortalecimiento Académico: Matemáticas,2026-2,,0,False
60d8233937cad180fa4d365c,Fortalecimiento Académico: Matemáticas,2026-2,,0,False
61559d3c5f4d1eb041ffb52d,Fortalecimiento Académico: Matemáticas,2026-2,,0,False
619c46cff3b9d7fc37110e9c,Fortalecimiento Académico: Matemáticas,2026-2,,0,False
6535e45dc0bc6f5fad4c3098,Fortalecimiento Académico: Matemáticas,2026-2,,0,False
65494d6026c6cfad66f19f90,Fortalecimiento Académico: Matemáticas,2026-2,,0,False
6686871c49e518514edd22ef,Fortalecimiento Académico: Matemáticas,2026-2,,0,False
67a37284898b0e5909ae53d8,Fortalecimiento Académico: Matemáticas,2026-2,,0,False
686e33898452b6780d3c8bce,Fortalecimiento Académico: Matemáticas,2026-2,,0,False
68713609219561a8e8d2ed8e,Fortalecimiento Académico: Matemáticas,2026-2,,0,False
691d48356f8bb1abf70806d1,Fortalecimiento Académico: Matemáticas,2026-2,,0,False
69d6fa295823ff779d33b11a,Fortalecimiento Académico: Matemáticas,2026-2,,0,False
69f8c63397dc78108df52500,Fortalecimiento Académico: Matemáticas,2026-2,,0,False
6a728c11955cf5ab39faa960,Fortalecimiento Académico: Matemáticas,2026-2,,0,False
6bf818cf7756e1e2a85cc226,Fortalecimiento Académico: Matemáticas,2026-2,,0,False
6cab1f9d4daeba91f054da1c,Fortalecimiento Académico: Matemáticas,2026-2,,0,False
6da7c1cfff44f71e3708a295,Fortalecimiento Académico: Matemáticas,2026-2,,0,False
6e838e8855e6ee2b66fdbad9,Fortalecimiento Académico: Matemáticas,2026-2,,0,False
6f66aec61286adeaed0dc529,Fortalecimiento Académico: Matemáticas,2026-2,,0,False
701b777883da02ba041480c2,Fortalecimiento Académico: Matemáticas,2026-2,,0,False
7080b6bdf2b355b364563cc2,Fortalecimiento Académico: Matemáticas,2026-2,,0,False
719a56805676cb795462e815,Fortalecimiento Académico: Matemáticas,2026-2,,0,False
71b105697f7d9d5cbcfac2cc,Fortalecimiento Académico: Matemáticas,2026-2,,0,False
72fa73d6762b7039e4d23389,Fortalecimiento Académico: Matemáticas,2026-2,,0,False
73ab6d9886f525938a33c874,Fortalecimiento Académico: Matemáticas,2026-2,,0,False
754a73c75d75801e05205324,Fortalecimiento Académico: Matemáticas,2026-2,,0,False
75fd51d55f12ee62735b4553,Fortalecimiento Académico: Matemáticas,2026-2,,0,False
7c20d9aaa177c0c55b4efc33,Fortalecimiento Académico: Matemáticas,2026-2,,0,False
7f93fc3a4dc9fa911e9b0873,Fortalecimiento Académico: Matemáticas,2026-2,,0,False
7fe8559cb4539729ab9b9d6b,Fortalecimiento Académico: Matemáticas,2026-2,,0,False
80654358eca036898f90fb37,Fortalecimiento Académico: Matemáticas,2026-2,,0,False
879ed454e4b0fbe9a26e6994,Fortalecimiento Académico: Matemáticas,2026-2,,0,False
8937afd095c645130e9c3bfd,Fortalecimiento Académico: Matemáticas,2026-2,,0,False
8c75914260cfbbf8ded30eab,Fortalecimiento Académico: Matemáticas,2026-2,,0,False
8d5791d8de5fbb8b600cc9b1,Fortalecimiento Académico: Matemáticas,2026-2,,0,False
8dd3325bb6a9bf0111dbd9b7,Fortalecimiento Académico: Matemáticas,2026-2,,0,False
8ea32c0269caae600d7b888d,Fortalecimiento Académico: Matemáticas,2026-2,,0,False
8fc24a20d636c025fe097ea2,Fortalecimiento Académico: Matemáticas,2026-2,,0,False
90e6fc715a1c2199fba773a7,Fortalecimiento Académico: Matemáticas,2026-2,,0,False
922c72b5710b4d9def52641b,Fortalecimiento Académico: Matemáticas,2026-2,,0,False
932ad2d41b42adc7d2db705e,Fortalecimiento Académico: Matemáticas,2026-2,,0,False
934cd7e1ec386f1e52da9e81,Fortalecimiento Académico: Matemáticas,2026-2,,0,False
96b5956be0aaa8cdf3dffa26,Fortalecimiento Académico: Matemáticas,2026-2,,0,False
99554368315859aebd22e4b6,Fortalecimiento Académico: Matemáticas,2026-2,,0,False
99e4ea1551d25b4499f426ac,Fortalecimiento Académico: Matemáticas,2026-2,,0,False
9e86df328e7a4e7f72e6518f,Fortalecimiento Académico: Matemáticas,2026-2,,0,False
a005ed200bc796c546b01ffc,Fortalecimiento Académico: Matemáticas,2026-2,,0,False
a036ae65246382b9a0c6a656,Fortalecimiento Académico: Matemáticas,2026-2,,0,False
a22b6a85eea19f3028840004,Fortalecimiento Académico: Matemáticas,2026-2,,0,False
a23b23e069aae0b47d30e037,Fortalecimiento Académico: Matemáticas,2026-2,,0,False
a24b334f89d92e9a667c0e76,Fortalecimiento Académico: Matemáticas,2026-2,,0,False
a6abfe3d3e2d1c135222b685,Fortalecimiento Académico: Matemáticas,2026-2,,0,False
a6b7062c1d28ea108211aafd,Fortalecimiento Académico: Matemáticas,2026-2,,0,False
a7f1c74eb41a0a919228cfbe,Fortalecimiento Académico: Matemáticas,2026-2,,0,False
a98f079e6744d42f2b17fcf3,Fortalecimiento Académico: Matemáticas,2026-2,,0,False
aa3d0f6c1e5eaf0e1f6b71fc,Fortalecimiento Académico: Matemáticas,2026-2,,0,False
ab6d5b029425a5585751dfc7,Fortalecimiento Académico: Matemáticas,2026-2,,0,False
acd092e7a054e450eeffc019,Fortalecimiento Académico: Matemáticas,2026-2,,0,False
ad55c9fb2bf8bfdecb03824e,Fortalecimiento Académico: Matemáticas,2026-2,,0,False
afa2034271be00afa3eb7cc3,Fortalecimiento Académico: Matemáticas,2026-2,,0,False
b07934c811a460c3accc70ea,Fortalecimiento Académico: Matemáticas,2026-2,,0,False
b374c99eee29b2f5739298d3,Fortalecimiento Académico: Matemáticas,2026-2,,0,False
b3cb697d8f771b2725c95a8a,Fortalecimiento Académico: Matemáticas,2026-2,,0,False
b4e8324846a8eecf1ec84ae2,Fortalecimiento Académico: Matemáticas,2026-2,,0,False
b51dfaec0153b59926db8aee,Fortalecimiento Académico: Matemáticas,2026-2,,0,False
b52347f0923896ccddbcba95,Fortalecimiento Académico: Matemáticas,2026-2,,0,False
b56cb31ec6b902702a6320b6,Fortalecimiento Académico: Matemáticas,2026-2,,0,False
b6a9aebcbf5c6026d9e60d2a,Fortalecimiento Académico: Matemáticas,2026-2,,0,False
bdb4ea3c9453a3092d6bb16f,Fortalecimiento Académico: Matemáticas,2026-2,,0,False
bdf37b87ce0420f93dd011df,Fortalecimiento Académico: Matemáticas,2026-2,,0,False
be138ea19d3718cd2288c812,Fortalecimiento Académico: Matemáticas,2026-2,,0,False
bfd75f258bf38c2775173580,Fortalecimiento Académico: Matemáticas,2026-2,,0,False
c2e6ec628d6be63b7d7701b5,Fortalecimiento Académico: Matemáticas,2026-2,,0,False
c32b715f9efe921ab532d70a,Fortalecimiento Académico: Matemáticas,2026-2,,0,False
c52b4856389ef3554a5f0903,Fortalecimiento Académico: Matemáticas,2026-2,,0,False
c73baa01cedef133f054324d,Fortalecimiento Académico: Matemáticas,2026-2,,0,False
c777c39341c51e7f84b1c9dd,Fortalecimiento Académico: Matemáticas,2026-2,,0,False
c8f5947edde5348e47c9f6bf,Fortalecimiento Académico: Matemáticas,2026-2,,0,False
ca1cde21a916a95a251e91a2,Fortalecimiento Académico: Matemáticas,2026-2,,0,False
cc969c6cafa777d9bdb58fd0,Fortalecimiento Académico: Matemáticas,2026-2,,0,False
cd3d046b54976f1046631090,Fortalecimiento Académico: Matemáticas,2026-2,,0,False
cd5a875304158c867e774c14,Fortalecimiento Académico: Matemáticas,2026-2,,0,False
cde8dad15d0c000ca5b272a2,Fortalecimiento Académico: Matemáticas,2026-2,,0,False
ce818fb070bc20de3d521545,Fortalecimiento Académico: Matemáticas,2026-2,,0,False
cf3a47b6714d0e6700814ad0,Fortalecimiento Académico: Matemáticas,2026-2,,0,False
cf6c7ccc89a83bca851abb07,Fortalecimiento Académico: Matemáticas,2026-2,,0,False
d687ace247fec15e4f7f8639,Fortalecimiento Académico: Matemáticas,2026-2,,0,False
d97becb30208d85948d8ce69,Fortalecimiento Académico: Matemáticas,2026-2,,0,False
da2b1a70a04281760874f05a,Fortalecimiento Académico: Matemáticas,2026-2,,0,False
dac6f28fde79c40053db42ce,Fortalecimiento Académico: Matemáticas,2026-2,,0,False
dad3aca3ded85d5afc17090c,Fortalecimiento Académico: Matemáticas,2026-2,,0,False
dd9528675b13af8dc0d1cc76,Fortalecimiento Académico: Matemáticas,2026-2,,0,False
e004e89d0d0d316cdfe8e6c0,Fortalecimiento Académico: Matemáticas,2026-2,,0,False
e023810c906946c4e6090305,Fortalecimiento Académico: Matemáticas,2026-2,,0,False
e0bae91a26860083476df8ed,Fortalecimiento Académico: Matemáticas,2026-2,,0,False
e0c72d00486852f1b5c31848,Fortalecimiento Académico: Matemáticas,2026-2,,0,False
e0c796bf0d9ca98dbab2b47a,Fortalecimiento Académico: Matemáticas,2026-2,,0,False
e0fd8dbc3e0dd850b8ba0ec8,Fortalecimiento Académico: Matemáticas,2026-2,,0,False
e11976b08aa1426d9193ebb8,Fortalecimiento Académico: Matemáticas,2026-2,,0,False
e18211508ddc6c9a52575e4a,Fortalecimiento Académico: Matemáticas,2026-2,,0,False
e36ceb33608a8404c202e1c7,Fortalecimiento Académico: Matemáticas,2026-2,,0,False
e377cb256af946fb5ffa31c1,Fortalecimiento Académico: Matemáticas,2026-2,,0,False
e4c4cdb3d004afec63ede085,Fortalecimiento Académico: Matemáticas,2026-2,,0,False
e51454541b1d3e1b5824e8cb,Fortalecimiento Académico: Matemáticas,2026-2,,0,False
ed45a20d45013420a4452281,Fortalecimiento Académico: Matemáticas,2026-2,,0,False
eeb5d1ec2bc4da124ad57c61,Fortalecimiento Académico: Matemáticas,2026-2,,0,False
f00057a056b2e94929a905ce,Fortalecimiento Académico: Matemáticas,2026-2,,0,False
f3e5b1996e222930eca8f759,Fortalecimiento Académico: Matemáticas,2026-2,,0,False
f7259f02c8aff333cb31588c,Fortalecimiento Académico: Matemáticas,2026-2,,0,False
f85d078b0ce7be6a0d835d2a,Fortalecimiento Académico: Matemáticas,2026-2,,0,False
f8d5dd5224fd1098689656ea,Fortalecimiento Académico: Matemáticas,2026-2,,0,False
fa0f59128ae7e849f1041041,Fortalecimiento Académico: Matemáticas,2026-2,,0,False
fa40ed85bc50f3453f0ec3ba,Fortalecimiento Académico: Matemáticas,2026-2,,0,False
fa8cc27ddc33472e5720bfe1,Fortalecimiento Académico: Matemáticas,2026-2,,0,False
fe180832429653fa4f83bac0,Fortalecimiento Académico: Matemáticas,2026-2,,0,False
ff6ec1ec62e2dc3927b52095,Fortalecimiento Académico: Matemáticas,2026-2,,0,False
056bd94217966b3c41f5e183,Fundamentos Matemáticos,2026-2,,0,False
083341dc6418b6647adef140,Fundamentos Matemáticos,2026-2,,0,False
0daefdaa8d3291bff19661cf,Fundamentos Matemáticos,2026-2,,0,False
149da09e1f35b0b35b38fcb0,Fundamentos Matemáticos,2026-2,4.66,0,False
1bbf8334ef1aef69a7f337dc,Fundamentos Matemáticos,2026-2,,0,False
1e99b4d4d3aff2fa0848ba5a,Fundamentos Matemáticos,2026-2,3.6,0,False
21d888a54c41d10788f7c84a,Fundamentos Matemáticos,2026-2,,0,False
23e8ce2b7966bbf953cd9596,Fundamentos Matemáticos,2026-2,,0,False
26df483ee7a4699d9ddce984,Fundamentos Matemáticos,2026-2,,0,False
283da0f5e3fa21419d2f97d2,Fundamentos Matemáticos,2026-2,,0,False
2d1e4f834182d614364526f0,Fundamentos Matemáticos,2026-2,,0,False
31ddabed28868bfda6d2ad8c,Fundamentos Matemáticos,2026-2,,0,False
33367c39a3292cfcf46f01a4,Fundamentos Matemáticos,2026-2,,0,False
359c784d43d3fa779e878e8d,Fundamentos Matemáticos,2026-2,,0,False
39074466e04d391b4c2b0559,Fundamentos Matemáticos,2026-2,,0,False
3d96f892d984bcf5a8be5a32,Fundamentos Matemáticos,2026-2,,0,False
40be3d0bd5abaf25e72f4bce,Fundamentos Matemáticos,2026-2,,0,False
40d654a65e8bb903aa766b26,Fundamentos Matemáticos,2026-2,,0,False
4684b3baf0c08540b606976f,Fundamentos Matemáticos,2026-2,,0,False
474e8177a8af8deb025a6d12,Fundamentos Matemáticos,2026-2,,0,False
4e2d84d2012d30ed6ee33b2a,Fundamentos Matemáticos,2026-2,,0,False
53a62e5f833ade41cb1c3fc5,Fundamentos Matemáticos,2026-2,,0,False
5448fbb61d1204a402f01193,Fundamentos Matemáticos,2026-2,,0,False
57853ca91198355977b2c208,Fundamentos Matemáticos,2026-2,,0,False
5e6d0c03455b92944620d650,Fundamentos Matemáticos,2026-2,,0,False
6005aaf00603ae76247dbcfc,Fundamentos Matemáticos,2026-2,,0,False
66bcd71f5e105aae89e0fe25,Fundamentos Matemáticos,2026-2,,0,False
66fbd58b2703de701e10aea5,Fundamentos Matemáticos,2026-2,,0,False
69d6fa295823ff779d33b11a,Fundamentos Matemáticos,2026-2,,0,False
6a728c11955cf5ab39faa960,Fundamentos Matemáticos,2026-2,,0,False
6ca1385051afde1d98a97ee8,Fundamentos Matemáticos,2026-2,,0,False
6da7c1cfff44f71e3708a295,Fundamentos Matemáticos,2026-2,,0,False
7648da99837f1fde699f28ad,Fundamentos Matemáticos,2026-2,,0,False
78490027eec9ba216f447535,Fundamentos Matemáticos,2026-2,,0,False
7bb817028110f7ffdf99312d,Fundamentos Matemáticos,2026-2,,0,False
7cb3c54de9b5d7cf66e73766,Fundamentos Matemáticos,2026-2,,0,False
7d36991b1edb927ec179beb1,Fundamentos Matemáticos,2026-2,,0,False
7fe8559cb4539729ab9b9d6b,Fundamentos Matemáticos,2026-2,,0,False
8c8e60a6025869b9ddedac52,Fundamentos Matemáticos,2026-2,,0,False
90e6fc715a1c2199fba773a7,Fundamentos Matemáticos,2026-2,,0,False
9612cdc480d9536df55f2041,Fundamentos Matemáticos,2026-2,,0,False
963caa29a607df4f128d46a3,Fundamentos Matemáticos,2026-2,4.31,0,False
9bd7804c7a37f25c3bf312be,Fundamentos Matemáticos,2026-2,,0,False
a018423297c516b20216dba6,Fundamentos Matemáticos,2026-2,,0,False
a6b7062c1d28ea108211aafd,Fundamentos Matemáticos,2026-2,,0,False
a77f6a76bdabb9d41de84640,Fundamentos Matemáticos,2026-2,,0,False
a7a7dd00bb2504d14ba1f66f,Fundamentos Matemáticos,2026-2,,0,False
a7f1c74eb41a0a919228cfbe,Fundamentos Matemáticos,2026-2,,0,False
aadddee225385de17bdaa024,Fundamentos Matemáticos,2026-2,,0,False
b078f2e394219c2d182ba4a9,Fundamentos Matemáticos,2026-2,,0,False
b07934c811a460c3accc70ea,Fundamentos Matemáticos,2026-2,,0,False
bc1604fdf1eb0276d025f051,Fundamentos Matemáticos,2026-2,,0,False
bdf37b87ce0420f93dd011df,Fundamentos Matemáticos,2026-2,4.6,0,False
c0a21355b7e933b1caa9bb6b,Fundamentos Matemáticos,2026-2,,0,False
c149e8af7f3953a2190178cb,Fundamentos Matemáticos,2026-2,,0,False
c19d7e14f4d4e599f64f004b,Fundamentos Matemáticos,2026-2,,0,False
c56b8e60e3de136ed439fd3d,Fundamentos Matemáticos,2026-2,,0,False
c73baa01cedef133f054324d,Fundamentos Matemáticos,2026-2,,0,False
cd3565b8b0ee1253e8d02bf0,Fundamentos Matemáticos,2026-2,,0,False
cdf3542e43ff83f22a538fbd,Fundamentos Matemáticos,2026-2,,0,False
cf6c7ccc89a83bca851abb07,Fundamentos Matemáticos,2026-2,,0,False
d0326377e9c61d2b83039690,Fundamentos Matemáticos,2026-2,,0,False
d088182d622b735bd78674f2,Fundamentos Matemáticos,2026-2,3.66,0,False
d9ee1c392d289b9a93f30db8,Fundamentos Matemáticos,2026-2,,0,False
da563481d8f776477ac2d217,Fundamentos Matemáticos,2026-2,,0,False
e377cb256af946fb5ffa31c1,Fundamentos Matemáticos,2026-2,,0,False
ebe5c3a243f4bbe30f737c21,Fundamentos Matemáticos,2026-2,,0,False
ed45a20d45013420a4452281,Fundamentos Matemáticos,2026-2,,0,False
eeb5d1ec2bc4da124ad57c61,Fundamentos Matemáticos,2026-2,,0,False
f0dcb817e06bef2d55a89aed,Fundamentos Matemáticos,2026-2,,0,False
fdc3dcdb7152169d32734be5,Fundamentos Matemáticos,2026-2,,0,False
056bd94217966b3c41f5e183,Fundamentos de Química,2026-2,,0,False
06dae75c3291cf7968674a4e,Fundamentos de Química,2026-2,,0,False
079e0bb43050809b7587d422,Fundamentos de Química,2026-2,,0,False
07b839f52f809a3411e5e7e1,Fundamentos de Química,2026-2,,0,False
0859a951c536501fdb4a6645,Fundamentos de Química,2026-2,,0,False
0eb030409667f607cfc454c0,Fundamentos de Química,2026-2,,0,False
104914860e612d95564666b4,Fundamentos de Química,2026-2,,0,False
1789163156b716684b6ee9e6,Fundamentos de Química,2026-2,,0,False
1f225d9e1d75efefe08af926,Fundamentos de Química,2026-2,,0,False
28427f0fa7f8b148254dd124,Fundamentos de Química,2026-2,,0,False
28ed185a1308be498ff4f61d,Fundamentos de Química,2026-2,,0,False
2aa7f95020a8bb493edf6951,Fundamentos de Química,2026-2,,0,False
2ee79c2491b95f26c4bfa301,Fundamentos de Química,2026-2,,0,False
325a041f98e773c6c0775866,Fundamentos de Química,2026-2,,0,False
33deb7ed2e5721f4acdbdb37,Fundamentos de Química,2026-2,,0,False
341ddfb9ab800e692032c80f,Fundamentos de Química,2026-2,,0,False
359c784d43d3fa779e878e8d,Fundamentos de Química,2026-2,,0,False
39074466e04d391b4c2b0559,Fundamentos de Química,2026-2,,0,False
399301e1e2941d14bdc5f862,Fundamentos de Química,2026-2,,0,False
3d96f892d984bcf5a8be5a32,Fundamentos de Química,2026-2,,0,False
45939362bf1a51a700cce60d,Fundamentos de Química,2026-2,,0,False
474e8177a8af8deb025a6d12,Fundamentos de Química,2026-2,,0,False
48869d99fc6c9e45176cbfb0,Fundamentos de Química,2026-2,,0,False
48d2309d22ddffba66307380,Fundamentos de Química,2026-2,,0,False
4c152fe00ed5438cf191affe,Fundamentos de Química,2026-2,,0,False
4c29fdfc7a91b45671a0a554,Fundamentos de Química,2026-2,,0,False
4feea4ba9559341b5db65925,Fundamentos de Química,2026-2,,0,False
5193aef1082ce3668d163a41,Fundamentos de Química,2026-2,,0,False
53a62e5f833ade41cb1c3fc5,Fundamentos de Química,2026-2,,0,False
599bd38456817831f324ceda,Fundamentos de Química,2026-2,,0,False
5e6d0c03455b92944620d650,Fundamentos de Química,2026-2,,0,False
5f7a607b1fa95e4bbe6997c7,Fundamentos de Química,2026-2,,0,False
608719ab57d68ce1d55b5106,Fundamentos de Química,2026-2,,0,False
6394d84ee2127343b90a88d9,Fundamentos de Química,2026-2,,0,False
66f5480208d84f259fc51db7,Fundamentos de Química,2026-2,,0,False
69d6fa295823ff779d33b11a,Fundamentos de Química,2026-2,,0,False
6a47c31387931435d38a9576,Fundamentos de Química,2026-2,,0,False
7387da93cd0c9b675d5bd6f5,Fundamentos de Química,2026-2,,0,False
7648da99837f1fde699f28ad,Fundamentos de Química,2026-2,,0,False
7cb3c54de9b5d7cf66e73766,Fundamentos de Química,2026-2,,0,False
7f93fc3a4dc9fa911e9b0873,Fundamentos de Química,2026-2,,0,False
857322df6a8e82ff185787ad,Fundamentos de Química,2026-2,,0,False
86a42478b8df4a0007767646,Fundamentos de Química,2026-2,,0,False
88c8fe0bab242ba628304be3,Fundamentos de Química,2026-2,,0,False
892e1800e77ea52f217a2098,Fundamentos de Química,2026-2,,0,False
8a1c56ac70e8ceba1fc9000e,Fundamentos de Química,2026-2,,0,False
90e6fc715a1c2199fba773a7,Fundamentos de Química,2026-2,,0,False
932ad2d41b42adc7d2db705e,Fundamentos de Química,2026-2,,0,False
96948d5f48f63a2c3095dbcd,Fundamentos de Química,2026-2,,0,False
99554368315859aebd22e4b6,Fundamentos de Química,2026-2,,0,False
995eca8eb6cf78baeb22749b,Fundamentos de Química,2026-2,,0,False
99fdc38a066e28de5d9f3b24,Fundamentos de Química,2026-2,,0,False
9a5f8810b5dfd03ed0994716,Fundamentos de Química,2026-2,,0,False
9bd7804c7a37f25c3bf312be,Fundamentos de Química,2026-2,,0,False
a132bc341a03e7d5ea4bb3cc,Fundamentos de Química,2026-2,,0,False
a22b6a85eea19f3028840004,Fundamentos de Química,2026-2,,0,False
a2e7c759aace823a20018929,Fundamentos de Química,2026-2,,0,False
a38f230f343d7b08707368df,Fundamentos de Química,2026-2,,0,False
a3bc1f658ba3f2a17f2d67ea,Fundamentos de Química,2026-2,,0,False
a6b7062c1d28ea108211aafd,Fundamentos de Química,2026-2,,0,False
a98f079e6744d42f2b17fcf3,Fundamentos de Química,2026-2,,0,False
ac97c58d231b241dbe2fe6b8,Fundamentos de Química,2026-2,,0,False
b2d4db8093b8dad11c11f921,Fundamentos de Química,2026-2,,0,False
c0e906870b618c4738ab49b7,Fundamentos de Química,2026-2,,0,False
c26965529bd140d15b400f40,Fundamentos de Química,2026-2,,0,False
c6f23c29ed5ac193dfdd87ea,Fundamentos de Química,2026-2,,0,False
c71e8f9dc724dd6020110a43,Fundamentos de Química,2026-2,,0,False
ca0116379e451b80514d5461,Fundamentos de Química,2026-2,,0,False
ca5077adb5510c01d3b6973b,Fundamentos de Química,2026-2,,0,False
ca52c96165383d0650f8d5c7,Fundamentos de Química,2026-2,,0,False
cdb7e2adee37b00c67c8bce1,Fundamentos de Química,2026-2,,0,False
d0326377e9c61d2b83039690,Fundamentos de Química,2026-2,,0,False
d1d949c957214ec47c8f238e,Fundamentos de Química,2026-2,,0,False
d2723da02d89d868fc461d19,Fundamentos de Química,2026-2,,0,False
d81c96c20f2df3e1218fd665,Fundamentos de Química,2026-2,,0,False
dbcf2bbf439963d9f50528e5,Fundamentos de Química,2026-2,,0,False
dbe51cba168911e1ebb2a1e6,Fundamentos de Química,2026-2,,0,False
e377cb256af946fb5ffa31c1,Fundamentos de Química,2026-2,,0,False
e434e3be1f42324c1fe15139,Fundamentos de Química,2026-2,,0,False
ed45a20d45013420a4452281,Fundamentos de Química,2026-2,,0,False
f6d5f6b5ca4ed38fa002a6b2,Fundamentos de Química,2026-2,,0,False
f8ab7392c22c216cba640be9,Fundamentos de Química,2026-2,,0,False
f93e2293b8fcc1a70b1505bd,Fundamentos de Química,2026-2,,0,False
fad918e7910559f24b10c0e5,Fundamentos de Química,2026-2,,0,False
fe15f166570f519b826f6f0e,Fundamentos de Química,2026-2,,0,False
00bf13ae2c6bc3fa2b2cfe26,Física Mecánica,2026-2,,0,False
06dae75c3291cf7968674a4e,Física Mecánica,2026-2,,0,False
07b839f52f809a3411e5e7e1,Física Mecánica,2026-2,,0,False
08883fde428345833abb8dfb,Física Mecánica,2026-2,,0,False
092520ff6cf054356b78a495,Física Mecánica,2026-2,,0,False
0bc4a0b4b15af06dfe15a61e,Física Mecánica,2026-2,,1,True
0cde148f98cc46ebaa3c91e4,Física Mecánica,2026-2,,0,False
0eb030409667f607cfc454c0,Física Mecánica,2026-2,,0,False
126a805c493f1df767c7f760,Física Mecánica,2026-2,,0,False
149da09e1f35b0b35b38fcb0,Física Mecánica,2026-2,,0,False
15eeb62881977e5efc4d25fb,Física Mecánica,2026-2,,0,False
1789163156b716684b6ee9e6,Física Mecánica,2026-2,,0,False
178b0e71cc7c588c59f4520e,Física Mecánica,2026-2,,0,False
18c8ed95de27b3db9e46c788,Física Mecánica,2026-2,,0,False
18c92509f3e81ed0c28ca0c4,Física Mecánica,2026-2,,0,False
1902384559c9a15af373cad9,Física Mecánica,2026-2,,0,False
1988c5c56ec10f2b0e74ea8c,Física Mecánica,2026-2,,0,False
1c49f62e974f813d0332b463,Física Mecánica,2026-2,,0,False
1cdd1f784980254d9f07c2dd,Física Mecánica,2026-2,,0,False
1f35aad5463df0528037dc69,Física Mecánica,2026-2,,0,False
21d7f729aaa3bc314e56ec72,Física Mecánica,2026-2,,0,False
2262f78662cf8f992f7d0b3e,Física Mecánica,2026-2,,0,False
229c2f30234a7d40cf9bfed2,Física Mecánica,2026-2,,1,True
236f2787e3dc1046e28d87cb,Física Mecánica,2026-2,,0,False
2696f6a2245002a6d035a57b,Física Mecánica,2026-2,,0,False
27db8468a09679bff7e99e3c,Física Mecánica,2026-2,,0,False
27f7ea9a10a8eaf19d02398a,Física Mecánica,2026-2,,0,False
2b3851e26b2f7d8a5a03cf61,Física Mecánica,2026-2,,0,False
2d0f6d835428be209726f937,Física Mecánica,2026-2,,0,False
2d3d2142ebcad22bc852985b,Física Mecánica,2026-2,,0,False
2e6b340040561f9c1f63dfac,Física Mecánica,2026-2,,0,False
31b47f11a3122e9dcf39d8f8,Física Mecánica,2026-2,,0,False
33deb7ed2e5721f4acdbdb37,Física Mecánica,2026-2,,0,False
3464d41070d965ad1bd8e00e,Física Mecánica,2026-2,,0,False
34ccfcd6f602543028eb1b84,Física Mecánica,2026-2,,0,False
36430f4813be883f7f29659d,Física Mecánica,2026-2,,0,False
36dd99a4cf0f068df19b56ca,Física Mecánica,2026-2,,0,False
373b0f28ddd1594f55c870b3,Física Mecánica,2026-2,,0,False
3982b089aa79e2817aa98242,Física Mecánica,2026-2,,0,False
399101ca4603c61007e3fe07,Física Mecánica,2026-2,,0,False
3aca133b0c527758738415db,Física Mecánica,2026-2,,0,False
3be5453d48f6f441c3783e5e,Física Mecánica,2026-2,,0,False
3c166815ad3da84dc12691f8,Física Mecánica,2026-2,,0,False
3d96f892d984bcf5a8be5a32,Física Mecánica,2026-2,,0,False
3daa46a08c9b207bfb9e81d4,Física Mecánica,2026-2,,1,True
3e607c3d10972d3e8e7a1c5c,Física Mecánica,2026-2,,0,False
3efc2e410e2caaff1f1dbf1c,Física Mecánica,2026-2,,0,False
400014a7a3952db3d2bcbda8,Física Mecánica,2026-2,,0,False
40bd36a2b539962aeee1a636,Física Mecánica,2026-2,,0,False
42806bdb0bd294e70754d835,Física Mecánica,2026-2,,0,False
4624fab6f7ce832786e2b590,Física Mecánica,2026-2,,0,False
4734097de43f86bfed1aaefd,Física Mecánica,2026-2,,0,False
48869d99fc6c9e45176cbfb0,Física Mecánica,2026-2,,0,False
4a274bfb6e34a937cee6e6f6,Física Mecánica,2026-2,,0,False
4d4d0fde218b2d7abbcdd378,Física Mecánica,2026-2,,0,False
4d94ef65d7ea1b22130dd14b,Física Mecánica,2026-2,,0,False
4de4c670b7f1b1196214a04e,Física Mecánica,2026-2,,0,False
4e427dcab8484769b09262b1,Física Mecánica,2026-2,,0,False
4f76183d97e47bceb9c1ea01,Física Mecánica,2026-2,,0,False
52db9d338150e27b4295e2a7,Física Mecánica,2026-2,,0,False
5593215f7d96ff831fd4541f,Física Mecánica,2026-2,,0,False
55bc457c2623f72536b644a1,Física Mecánica,2026-2,,0,False
564afacc24a092b954701967,Física Mecánica,2026-2,,0,False
5711e58e7c8f0db5c1232abe,Física Mecánica,2026-2,,0,False
57db98ab11ebada3f952e249,Física Mecánica,2026-2,,0,False
5873fbf9e0b30211e5c5c483,Física Mecánica,2026-2,,0,False
59e36b4ebde2e28077a82b0f,Física Mecánica,2026-2,,0,False
5c76332744e45a8ae00e436b,Física Mecánica,2026-2,,0,False
5f7a607b1fa95e4bbe6997c7,Física Mecánica,2026-2,,0,False
609d0430ca287a0292a166b6,Física Mecánica,2026-2,,0,False
637254b7a51b9db9a8da84f1,Física Mecánica,2026-2,,1,True
639385851765769842904f9a,Física Mecánica,2026-2,,0,False
66bcd71f5e105aae89e0fe25,Física Mecánica,2026-2,,0,False
66f5480208d84f259fc51db7,Física Mecánica,2026-2,,0,False
68c51c73095347add3518317,Física Mecánica,2026-2,,0,False
6b4302820000b589247f7a65,Física Mecánica,2026-2,,0,False
6be2eaf61dad93033080607f,Física Mecánica,2026-2,,0,False
6e221fd399c66d2d8d7d8ea9,Física Mecánica,2026-2,,0,False
6e688b6c6be40be115b18001,Física Mecánica,2026-2,,0,False
6eb08365766c638fcb6b6429,Física Mecánica,2026-2,,0,False
6ff607e34e419975976404fb,Física Mecánica,2026-2,,0,False
722fe3b42db233ce9eb076c5,Física Mecánica,2026-2,,0,False
73743931c2638c696f4884a8,Física Mecánica,2026-2,,0,False
7387da93cd0c9b675d5bd6f5,Física Mecánica,2026-2,,0,False
73d6aa9a188fcb43b149620a,Física Mecánica,2026-2,,0,False
758f2b40715b3a34148ccf89,Física Mecánica,2026-2,,0,False
75abbb6ef93ae9156024c86c,Física Mecánica,2026-2,,0,False
75fd51d55f12ee62735b4553,Física Mecánica,2026-2,,0,False
76cfc9562e242d4028c18dd0,Física Mecánica,2026-2,,0,False
77294b60bedc35c1d619d247,Física Mecánica,2026-2,,0,False
774afd4c2c08a3daaa174617,Física Mecánica,2026-2,,0,False
79ab8838cbd3fd3bef529b24,Física Mecánica,2026-2,,0,False
7a676475b2220f0189309012,Física Mecánica,2026-2,,0,False
7d47fa3bb5c259a14b0aa22f,Física Mecánica,2026-2,,0,False
7d97761adc4e4f07dc9db1d1,Física Mecánica,2026-2,,0,False
7eaf289b4194e4b2b439f733,Física Mecánica,2026-2,,0,False
7f93fc3a4dc9fa911e9b0873,Física Mecánica,2026-2,,0,False
80654358eca036898f90fb37,Física Mecánica,2026-2,,0,False
82ab49faba7ca2fa0adc4f74,Física Mecánica,2026-2,,0,False
8457a968845f7fd25b5bfab1,Física Mecánica,2026-2,,0,False
857322df6a8e82ff185787ad,Física Mecánica,2026-2,,0,False
8755d89b390648a09a13f960,Física Mecánica,2026-2,,0,False
87f6337db429e740eda8bd42,Física Mecánica,2026-2,,0,False
8a4650a1a7963d698f3850e5,Física Mecánica,2026-2,,0,False
8a638786941cb44e1060bc99,Física Mecánica,2026-2,,0,False
8d04000187990a066a448ab6,Física Mecánica,2026-2,,0,False
8f57b36bb7ebaface13d45ea,Física Mecánica,2026-2,,0,False
8f7fb890179618d029facc81,Física Mecánica,2026-2,,1,True
8f90e773b407967a31a9343b,Física Mecánica,2026-2,,0,False
9166958c97548a6703d0e623,Física Mecánica,2026-2,,0,False
91a37b5b02963c8f8e76f65c,Física Mecánica,2026-2,,0,False
9383cb926e9680bbcdf3eefe,Física Mecánica,2026-2,,0,False
93a10e91b2cc2e8cbc994b71,Física Mecánica,2026-2,,0,False
95afa17099db2dea2efabe11,Física Mecánica,2026-2,,0,False
960114f8668f5d573d458dc8,Física Mecánica,2026-2,,0,False
9696008588f53f870fe8a104,Física Mecánica,2026-2,,0,False
96b5956be0aaa8cdf3dffa26,Física Mecánica,2026-2,,0,False
99554368315859aebd22e4b6,Física Mecánica,2026-2,,0,False
9978aa256404736bad42c83c,Física Mecánica,2026-2,,0,False
9a5f8810b5dfd03ed0994716,Física Mecánica,2026-2,,0,False
9b9e01dc3a458c8e96217584,Física Mecánica,2026-2,,1,True
9bd2e0abc17ba60c01c10872,Física Mecánica,2026-2,,0,False
9c7205aa5f368e242b14d282,Física Mecánica,2026-2,,0,False
9d61b1d572accb201fddbb4f,Física Mecánica,2026-2,,0,False
9ece0761bfd6acd464cfb41a,Física Mecánica,2026-2,,0,False
9ed368bc721e9f33a772e108,Física Mecánica,2026-2,,0,False
a132bc341a03e7d5ea4bb3cc,Física Mecánica,2026-2,,0,False
a22b6a85eea19f3028840004,Física Mecánica,2026-2,,0,False
a2f912c60b0af63daba7572b,Física Mecánica,2026-2,,0,False
a3bc1f658ba3f2a17f2d67ea,Física Mecánica,2026-2,,1,True
a7c7f9520e2526c23d71258e,Física Mecánica,2026-2,,0,False
a829fa4ae7b0976606457df4,Física Mecánica,2026-2,,0,False
a98f079e6744d42f2b17fcf3,Física Mecánica,2026-2,,0,False
aa6863bc91917af4148a9f62,Física Mecánica,2026-2,,0,False
ab7bf148dd11257b4e6337d4,Física Mecánica,2026-2,,0,False
ada69fb1659e706b26da9a95,Física Mecánica,2026-2,,1,True
aefcad09c969548e5cbd0dc6,Física Mecánica,2026-2,,0,False
b2b18986a1826d1df10e8301,Física Mecánica,2026-2,,0,False
b329e841e9c63609346522d9,Física Mecánica,2026-2,,0,False
b6a9aebcbf5c6026d9e60d2a,Física Mecánica,2026-2,,0,False
b7e42923e67d4462c7f0241c,Física Mecánica,2026-2,,0,False
b7f953113cbba0bb21ae2eba,Física Mecánica,2026-2,,0,False
b80b3d1a8b576bb690808d6a,Física Mecánica,2026-2,,0,False
b91e764fb8f5412ac320d0f3,Física Mecánica,2026-2,,0,False
ba1096df98936d5914087130,Física Mecánica,2026-2,,0,False
bb2de516c1b9e5c703d15697,Física Mecánica,2026-2,,0,False
bc625a3d12c5d3d43f9842b3,Física Mecánica,2026-2,,0,False
bd8404c8da5991a0373b087f,Física Mecánica,2026-2,,0,False
c1b61c0beaf1a13f7ca53d0c,Física Mecánica,2026-2,,0,False
c263eed35e6e4e8b764aced1,Física Mecánica,2026-2,,0,False
c34fb98e2620b05e0bed6c59,Física Mecánica,2026-2,,0,False
c6575bd494ff79c2e306c2ad,Física Mecánica,2026-2,,0,False
c6e1de7f27d490a04deedeab,Física Mecánica,2026-2,,0,False
c8e4678e6b3cffb2ae83e48b,Física Mecánica,2026-2,,1,True
ca1cde21a916a95a251e91a2,Física Mecánica,2026-2,,0,False
ca5077adb5510c01d3b6973b,Física Mecánica,2026-2,,0,False
cdb7e2adee37b00c67c8bce1,Física Mecánica,2026-2,,0,False
cde8dad15d0c000ca5b272a2,Física Mecánica,2026-2,,0,False
cf08c6199454fbee84a9b8ad,Física Mecánica,2026-2,,0,False
d087e9387bb0a76e25a6aff9,Física Mecánica,2026-2,,0,False
d2723da02d89d868fc461d19,Física Mecánica,2026-2,,0,False
d382ca31aac753dbaa4a1b79,Física Mecánica,2026-2,,0,False
d687ace247fec15e4f7f8639,Física Mecánica,2026-2,,0,False
d81c96c20f2df3e1218fd665,Física Mecánica,2026-2,,0,False
d83d43c4cfb5e058232aa9af,Física Mecánica,2026-2,,0,False
da2b1a70a04281760874f05a,Física Mecánica,2026-2,,0,False
db99b71dbfba318f4bf582a5,Física Mecánica,2026-2,,0,False
dc22c16743496bcdc005ea17,Física Mecánica,2026-2,,0,False
dc5c671aec36904603d80e04,Física Mecánica,2026-2,,0,False
de292984b27c83a9cdf4149f,Física Mecánica,2026-2,,0,False
de54e52508b21e271849c08a,Física Mecánica,2026-2,,1,True
e02ea78e6b5cc76b22afaca1,Física Mecánica,2026-2,,0,False
e18211508ddc6c9a52575e4a,Física Mecánica,2026-2,,0,False
e36ceb33608a8404c202e1c7,Física Mecánica,2026-2,,0,False
e3f912211ba546debd1b9777,Física Mecánica,2026-2,,0,False
e62f2728cfbf6272aeaab773,Física Mecánica,2026-2,,0,False
ea780b4519ec66db1077300b,Física Mecánica,2026-2,,0,False
eb51a0d375b386c9bf8c24c5,Física Mecánica,2026-2,,0,False
ec72e6defbe01252afa76116,Física Mecánica,2026-2,,0,False
ec90321859e8781a87507723,Física Mecánica,2026-2,,0,False
f3aa8bf42fba2214b2435bce,Física Mecánica,2026-2,,0,False
f5f4651f98f806ebc45ebed6,Física Mecánica,2026-2,,0,False
f6e58124a670d38d30a1e14e,Física Mecánica,2026-2,,0,False
f7259f02c8aff333cb31588c,Física Mecánica,2026-2,,0,False
f93e2293b8fcc1a70b1505bd,Física Mecánica,2026-2,,0,False
f9caf34d9040586137b51656,Física Mecánica,2026-2,,0,False
fa8cc27ddc33472e5720bfe1,Física Mecánica,2026-2,,0,False
fc46774934975506dba13241,Física Mecánica,2026-2,,0,False
06eb2a1371aa0761cccf8ca9,Física Moderna,2026-2,,0,False
0818d46b0a8721acdc116023,Física Moderna,2026-2,,0,False
0d12b168cf6aaed15c04cada,Física Moderna,2026-2,,0,False
16562b56182308c9ade25ab6,Física Moderna,2026-2,,0,False
263c3885d3834ff1d7798ae4,Física Moderna,2026-2,,0,False
5011fda67954fd78db6a09be,Física Moderna,2026-2,,0,False
512e3ba2f3d4632e8ded60ba,Física Moderna,2026-2,,0,False
662c7774cbd6b56df1aa572d,Física Moderna,2026-2,,0,False
6b6b5e4076b0248a338203bb,Física Moderna,2026-2,,0,False
733f1647be2a8d4383fb43e2,Física Moderna,2026-2,,0,False
9556d7cf9ffeb47929f6c8b2,Física Moderna,2026-2,,0,False
b509a7cea13050811379c4d6,Física Moderna,2026-2,,0,False
b5829dcdcfa15cc4bc315d3c,Física Moderna,2026-2,,0,False
bf75a4229805a5a64d9e468d,Física Moderna,2026-2,,0,False
c0e906870b618c4738ab49b7,Física Moderna,2026-2,,0,False
c7b0068c7bab9adfe386ae07,Física Moderna,2026-2,,0,False
db5cdd282e35ee5eb4e558e8,Física Moderna,2026-2,,0,False
dde1293ccddfb34f5e5c8e39,Física Moderna,2026-2,,0,False
e8fac6fc091c79af94fb902f,Física Moderna,2026-2,,0,False
f4742fbdebd7fc2d115706a1,Física Moderna,2026-2,,0,False
fbb30ffb5c9d65601b40bdff,Física Moderna,2026-2,,0,False
056bd94217966b3c41f5e183,Geometría Analítica,2026-2,,0,False
06dae75c3291cf7968674a4e,Geometría Analítica,2026-2,,0,False
079e0bb43050809b7587d422,Geometría Analítica,2026-2,,0,False
0859a951c536501fdb4a6645,Geometría Analítica,2026-2,,0,False
08ce0ed1de63c261339ab031,Geometría Analítica,2026-2,,0,False
0bc58f7c354102b1c337ba6f,Geometría Analítica,2026-2,,1,True
1262c0376bfc1864284fbf6d,Geometría Analítica,2026-2,,0,False
12767aa7b5a37fe220dc98cd,Geometría Analítica,2026-2,,1,True
14617053cd2bbfe9227abdab,Geometría Analítica,2026-2,,0,False
1544b676fa98d07ba97bfed7,Geometría Analítica,2026-2,,1,True
180046daef7876cd81be09d8,Geometría Analítica,2026-2,,0,False
18372478f8b9cfcbf9c8b442,Geometría Analítica,2026-2,,0,False
1a4250e0503ff33e9585ed63,Geometría Analítica,2026-2,,0,False
1b1ca72a8e88ee34ddb12bef,Geometría Analítica,2026-2,,0,False
1bbf8334ef1aef69a7f337dc,Geometría Analítica,2026-2,,1,True
1f049369cd569d6dfcf66ac0,Geometría Analítica,2026-2,,0,False
1f225d9e1d75efefe08af926,Geometría Analítica,2026-2,,0,False
23aa28ff532d4d4299810362,Geometría Analítica,2026-2,,0,False
25a617e083e198104921637a,Geometría Analítica,2026-2,,0,False
277c39fe1349c0ddb2e51343,Geometría Analítica,2026-2,,0,False
27a7a5fc440e2f068ddc8a4b,Geometría Analítica,2026-2,,0,False
27edc8ace5fd16e6dcf97072,Geometría Analítica,2026-2,,0,False
28ed185a1308be498ff4f61d,Geometría Analítica,2026-2,,0,False
291a668a2322eaa72cea638e,Geometría Analítica,2026-2,,0,False
294bdcbe6bcbfa868f7314f7,Geometría Analítica,2026-2,,0,False
2a063bf494241be7ee0e626e,Geometría Analítica,2026-2,,0,False
2aa7f95020a8bb493edf6951,Geometría Analítica,2026-2,,0,False
2ac36b16b90bd6962b3a30da,Geometría Analítica,2026-2,,0,False
2b314d5788a604f8fc2095d7,Geometría Analítica,2026-2,,0,False
2c5abda0e980fb16895a286e,Geometría Analítica,2026-2,,0,False
2cb1192234de8678f29f77d1,Geometría Analítica,2026-2,,0,False
2cc71f26025a166b7ea92f69,Geometría Analítica,2026-2,,0,False
2d1e4f834182d614364526f0,Geometría Analítica,2026-2,,0,False
2ee68b227251ffab4d344d2c,Geometría Analítica,2026-2,,0,False
2ee79c2491b95f26c4bfa301,Geometría Analítica,2026-2,,0,False
325a041f98e773c6c0775866,Geometría Analítica,2026-2,,0,False
3319a2e8dc47ccb8fb08e715,Geometría Analítica,2026-2,,0,False
33de94a8e689cdf81f832b8e,Geometría Analítica,2026-2,,0,False
341ddfb9ab800e692032c80f,Geometría Analítica,2026-2,,1,True
359c784d43d3fa779e878e8d,Geometría Analítica,2026-2,,0,False
37a1cfe2637cc0dcef82ff12,Geometría Analítica,2026-2,,1,True
384553d85533373cb2375e8a,Geometría Analítica,2026-2,,0,False
39074466e04d391b4c2b0559,Geometría Analítica,2026-2,,0,False
399301e1e2941d14bdc5f862,Geometría Analítica,2026-2,,4,True
39cb6b7a4d2ef39b5684b5ce,Geometría Analítica,2026-2,,0,False
39ea5b8b5f63724887c44127,Geometría Analítica,2026-2,,0,False
3ae398cafcbe4d1b8341937d,Geometría Analítica,2026-2,,0,False
3d5ad874eb352d8f2d9051b3,Geometría Analítica,2026-2,,0,False
3d663583a44e0c1ea6e4e975,Geometría Analítica,2026-2,,0,False
3e4ff22dabe6f217c25a9f25,Geometría Analítica,2026-2,,0,False
3fc41be97c2c77c4eaeaa01e,Geometría Analítica,2026-2,,0,False
40d654a65e8bb903aa766b26,Geometría Analítica,2026-2,,0,False
42806bdb0bd294e70754d835,Geometría Analítica,2026-2,,0,False
43924c8c2c5dfc4e4b14633e,Geometría Analítica,2026-2,,1,True
43c2bdbecea3bc3f23b23c1a,Geometría Analítica,2026-2,,0,False
474e8177a8af8deb025a6d12,Geometría Analítica,2026-2,,0,False
4a8417275149c33e2d92e98a,Geometría Analítica,2026-2,,0,False
4a85511cc990c2874b9ce524,Geometría Analítica,2026-2,,0,False
4c152fe00ed5438cf191affe,Geometría Analítica,2026-2,,0,False
4c29fdfc7a91b45671a0a554,Geometría Analítica,2026-2,,0,False
4cba979324b00ddd90071605,Geometría Analítica,2026-2,,0,False
4d26487ca19bc8a40ec8ee75,Geometría Analítica,2026-2,,0,False
4d69197784726bd6c668fccf,Geometría Analítica,2026-2,,0,False
4e9f65a8b88e887b5c3fc9c9,Geometría Analítica,2026-2,,0,False
4feea4ba9559341b5db65925,Geometría Analítica,2026-2,,0,False
5193aef1082ce3668d163a41,Geometría Analítica,2026-2,,0,False
530addcfd3fc8260df658726,Geometría Analítica,2026-2,,0,False
53a62e5f833ade41cb1c3fc5,Geometría Analítica,2026-2,,0,False
55165c23e8fce6412738380e,Geometría Analítica,2026-2,,0,False
56ff4279f68292fa44430fb9,Geometría Analítica,2026-2,,0,False
57b45c748abbb85e4bb838a5,Geometría Analítica,2026-2,,0,False
599945c34cb44e77f35c3833,Geometría Analítica,2026-2,,0,False
5d1588f1ab86c4b2823afea5,Geometría Analítica,2026-2,,1,True
5db105352a2f7e4f041d5bdb,Geometría Analítica,2026-2,,0,False
5e6d0c03455b92944620d650,Geometría Analítica,2026-2,,0,False
5fd2d48aa1b3a4dbcd338abd,Geometría Analítica,2026-2,,0,False
60201d6c936a016e4d951d35,Geometría Analítica,2026-2,,0,False
605beac55232e2e707856818,Geometría Analítica,2026-2,,0,False
60d8233937cad180fa4d365c,Geometría Analítica,2026-2,,0,False
619c46cff3b9d7fc37110e9c,Geometría Analítica,2026-2,,0,False
61e2428e9e44bf33cf9c7465,Geometría Analítica,2026-2,,0,False
62394f1b525797d6e57557d7,Geometría Analítica,2026-2,,0,False
67a37284898b0e5909ae53d8,Geometría Analítica,2026-2,,0,False
685a4cfe2b0310eb1af7039c,Geometría Analítica,2026-2,,0,False
686e33898452b6780d3c8bce,Geometría Analítica,2026-2,,0,False
691d48356f8bb1abf70806d1,Geometría Analítica,2026-2,,0,False
69d6fa295823ff779d33b11a,Geometría Analítica,2026-2,,0,False
69f8c63397dc78108df52500,Geometría Analítica,2026-2,,0,False
6a47c31387931435d38a9576,Geometría Analítica,2026-2,,0,False
6a64f4496c0c8a0b993dbf6d,Geometría Analítica,2026-2,,0,False
6b8f7dcac6f996175a905a7d,Geometría Analítica,2026-2,,0,False
6c83c0cbceb2dfc748b155fe,Geometría Analítica,2026-2,,0,False
6da7c1cfff44f71e3708a295,Geometría Analítica,2026-2,,1,True
701b777883da02ba041480c2,Geometría Analítica,2026-2,,1,True
72ee569dc4b145965cf5d59c,Geometría Analítica,2026-2,,0,False
72fa73d6762b7039e4d23389,Geometría Analítica,2026-2,,0,False
7456aab26b51a94cc1366687,Geometría Analítica,2026-2,,0,False
74bc0475bdcbf0125b26ec74,Geometría Analítica,2026-2,,0,False
74d665a6fd57733d4786d410,Geometría Analítica,2026-2,,0,False
7568c7356327a2070ca159a6,Geometría Analítica,2026-2,,0,False
7646b085187564a672ceab3a,Geometría Analítica,2026-2,,0,False
7648da99837f1fde699f28ad,Geometría Analítica,2026-2,,0,False
78490027eec9ba216f447535,Geometría Analítica,2026-2,,0,False
793ad3b2a13a5debadc99fbd,Geometría Analítica,2026-2,,0,False
7bf42da5e01517d270af4b94,Geometría Analítica,2026-2,,0,False
7c9afe3cd5644989006f8df8,Geometría Analítica,2026-2,,0,False
7cb3c54de9b5d7cf66e73766,Geometría Analítica,2026-2,,0,False
843b6532b5846106e6c3c792,Geometría Analítica,2026-2,,0,False
84704a277d312a507b7cdfde,Geometría Analítica,2026-2,,0,False
88c8fe0bab242ba628304be3,Geometría Analítica,2026-2,,0,False
8937afd095c645130e9c3bfd,Geometría Analítica,2026-2,,0,False
8a1c56ac70e8ceba1fc9000e,Geometría Analítica,2026-2,,0,False
8c82eebbb0b49820620ec5dd,Geometría Analítica,2026-2,,0,False
8d35d348e1de72b841fe616b,Geometría Analítica,2026-2,,0,False
8d7289c5d4e77da52824b864,Geometría Analítica,2026-2,,0,False
8dd3325bb6a9bf0111dbd9b7,Geometría Analítica,2026-2,,1,True
8ea32c0269caae600d7b888d,Geometría Analítica,2026-2,,1,True
8f57b36bb7ebaface13d45ea,Geometría Analítica,2026-2,,0,False
8fc24a20d636c025fe097ea2,Geometría Analítica,2026-2,,0,False
90e6fc715a1c2199fba773a7,Geometría Analítica,2026-2,,0,False
922c72b5710b4d9def52641b,Geometría Analítica,2026-2,,0,False
93ab537ef175c81520fb2cc1,Geometría Analítica,2026-2,,0,False
93adc2d1f9a1519b91d47332,Geometría Analítica,2026-2,,0,False
963caa29a607df4f128d46a3,Geometría Analítica,2026-2,,0,False
97c91f53a321e06145a1f02b,Geometría Analítica,2026-2,,0,False
98c5cf154eb6d66a57a69253,Geometría Analítica,2026-2,,0,False
995eca8eb6cf78baeb22749b,Geometría Analítica,2026-2,,0,False
9b8233c9a2c07bdb815a2677,Geometría Analítica,2026-2,,0,False
9bd7804c7a37f25c3bf312be,Geometría Analítica,2026-2,,1,True
9ffeeb0bf6e16402ea1514be,Geometría Analítica,2026-2,,0,False
a005ed200bc796c546b01ffc,Geometría Analítica,2026-2,,0,False
a036ae65246382b9a0c6a656,Geometría Analítica,2026-2,,0,False
a23b23e069aae0b47d30e037,Geometría Analítica,2026-2,,0,False
a24b334f89d92e9a667c0e76,Geometría Analítica,2026-2,,0,False
a2e7c759aace823a20018929,Geometría Analítica,2026-2,,0,False
a38f230f343d7b08707368df,Geometría Analítica,2026-2,,1,True
a418c3080f76bc02f8f87223,Geometría Analítica,2026-2,,0,False
a6b7062c1d28ea108211aafd,Geometría Analítica,2026-2,,0,False
a6e7f7ba17cba9c04391fd24,Geometría Analítica,2026-2,,0,False
a7276e53d90addd6ed217a88,Geometría Analítica,2026-2,,0,False
a7f1c74eb41a0a919228cfbe,Geometría Analítica,2026-2,,2,True
a976f1f09d5e4d4322f890d5,Geometría Analítica,2026-2,,0,False
a9b8c09c54f6c450a28978d2,Geometría Analítica,2026-2,,0,False
aa25ac8287744907edb99ce8,Geometría Analítica,2026-2,,0,False
ab6d5b029425a5585751dfc7,Geometría Analítica,2026-2,,0,False
afa2034271be00afa3eb7cc3,Geometría Analítica,2026-2,,0,False
b01206ecb96728d23b52fdf3,Geometría Analítica,2026-2,,0,False
b0749a87489b16ba80364635,Geometría Analítica,2026-2,,0,False
b2d4db8093b8dad11c11f921,Geometría Analítica,2026-2,,0,False
b374c99eee29b2f5739298d3,Geometría Analítica,2026-2,,2,True
b4e8324846a8eecf1ec84ae2,Geometría Analítica,2026-2,,0,False
b51dfaec0153b59926db8aee,Geometría Analítica,2026-2,,0,False
b614203634b708f6787f19d2,Geometría Analítica,2026-2,,0,False
b9f89bd27f65f591131e67db,Geometría Analítica,2026-2,,0,False
bc1604fdf1eb0276d025f051,Geometría Analítica,2026-2,,0,False
bcd115f691a3dc865a8eef82,Geometría Analítica,2026-2,,0,False
be9d34471597a9d59a196f12,Geometría Analítica,2026-2,,0,False
c0a11da5ec115700b340ade1,Geometría Analítica,2026-2,,0,False
c4b6ffabb6608a15a0129586,Geometría Analítica,2026-2,,0,False
c56b8e60e3de136ed439fd3d,Geometría Analítica,2026-2,,0,False
c5db7eeb9a6ab78cf43e312e,Geometría Analítica,2026-2,,0,False
c71e8f9dc724dd6020110a43,Geometría Analítica,2026-2,,0,False
c73baa01cedef133f054324d,Geometría Analítica,2026-2,,1,True
c777c39341c51e7f84b1c9dd,Geometría Analítica,2026-2,,0,False
ca52c96165383d0650f8d5c7,Geometría Analítica,2026-2,,1,True
cb6754339830e91bd95c009e,Geometría Analítica,2026-2,,1,True
cc20b76a09cc8223011c12c1,Geometría Analítica,2026-2,,0,False
cc969c6cafa777d9bdb58fd0,Geometría Analítica,2026-2,,0,False
cf2c6144b852314684c349e3,Geometría Analítica,2026-2,,0,False
cf3a47b6714d0e6700814ad0,Geometría Analítica,2026-2,,0,False
d0326377e9c61d2b83039690,Geometría Analítica,2026-2,,0,False
d0f6a7772b2e5a31097a3435,Geometría Analítica,2026-2,,1,True
d1d949c957214ec47c8f238e,Geometría Analítica,2026-2,,0,False
d22ce701f1aeb6d87aee1137,Geometría Analítica,2026-2,,0,False
d49319a2c6bbd5d932005043,Geometría Analítica,2026-2,,0,False
d5659d2cf5cb412207ec80e5,Geometría Analítica,2026-2,,0,False
dad3aca3ded85d5afc17090c,Geometría Analítica,2026-2,,2,True
dbcf2bbf439963d9f50528e5,Geometría Analítica,2026-2,,0,False
dd10683035e11d9d55de881c,Geometría Analítica,2026-2,,0,False
dd9528675b13af8dc0d1cc76,Geometría Analítica,2026-2,,0,False
de3a1f3008b43a3625da57fd,Geometría Analítica,2026-2,,0,False
e0bae91a26860083476df8ed,Geometría Analítica,2026-2,,0,False
e0c796bf0d9ca98dbab2b47a,Geometría Analítica,2026-2,,1,True
e1048b646af3f275c8e9e882,Geometría Analítica,2026-2,,0,False
e2f696cbb0acc700c03ec02c,Geometría Analítica,2026-2,,0,False
e377cb256af946fb5ffa31c1,Geometría Analítica,2026-2,,0,False
e3f91906b7784a6bf710548c,Geometría Analítica,2026-2,,0,False
e434e3be1f42324c1fe15139,Geometría Analítica,2026-2,,0,False
e4c4cdb3d004afec63ede085,Geometría Analítica,2026-2,,0,False
e5f6043f8466e6b653ea3c43,Geometría Analítica,2026-2,,0,False
e7696ad9176f0d9c46706482,Geometría Analítica,2026-2,,0,False
e9c9bb125bec197d0198fe55,Geometría Analítica,2026-2,,0,False
eaaef67c9816e46df372f9e1,Geometría Analítica,2026-2,,0,False
eb0bd022d6baf7bb426ff005,Geometría Analítica,2026-2,,0,False
ec6ac6abbecf694c3dcf40d8,Geometría Analítica,2026-2,,0,False
ed45a20d45013420a4452281,Geometría Analítica,2026-2,,2,True
eeb5d1ec2bc4da124ad57c61,Geometría Analítica,2026-2,,0,False
f4058c280ac1cc1712e696ad,Geometría Analítica,2026-2,,1,True
f65965b433b04f5025cc79e3,Geometría Analítica,2026-2,,0,False
f8ab7392c22c216cba640be9,Geometría Analítica,2026-2,,0,False
f93e2293b8fcc1a70b1505bd,Geometría Analítica,2026-2,,0,False
fab81b66d426f38c4f621964,Geometría Analítica,2026-2,,0,False
fabc42a79303b2159b8de02d,Geometría Analítica,2026-2,,0,False
fad918e7910559f24b10c0e5,Geometría Analítica,2026-2,,0,False
fb604f4b0fe3f4a4b1097ae3,Geometría Analítica,2026-2,,0,False
fe15f166570f519b826f6f0e,Geometría Analítica,2026-2,,0,False
ff61e9eae1b28911904ce94d,Geometría Analítica,2026-2,,0,False
017fa3271c12e0358caa0b3a,Álgebra Lineal,2026-2,,1,True
021c8ee196052cbdf6918d8d,Álgebra Lineal,2026-2,,0,False
07b839f52f809a3411e5e7e1,Álgebra Lineal,2026-2,,0,False
08ce0ed1de63c261339ab031,Álgebra Lineal,2026-2,,0,False
08e75ce9f0737a412ded9c50,Álgebra Lineal,2026-2,,1,True
098144f597221d497467c536,Álgebra Lineal,2026-2,,0,False
0ad05dd2fd04f226cfa85300,Álgebra Lineal,2026-2,,0,False
0ce5ce20fa95efc8135c0857,Álgebra Lineal,2026-2,,0,False
0eb030409667f607cfc454c0,Álgebra Lineal,2026-2,,0,False
0f14ac74cd1e5ad9fdbc37dd,Álgebra Lineal,2026-2,,0,False
143622cbf9c41f319338f8a9,Álgebra Lineal,2026-2,,0,False
14418fcf7fdbbd3caf6276d0,Álgebra Lineal,2026-2,,0,False
15eeb62881977e5efc4d25fb,Álgebra Lineal,2026-2,,0,False
166bb74ef810034d9de43e90,Álgebra Lineal,2026-2,,0,False
18c0efcbe3c6ac55e6e0f30c,Álgebra Lineal,2026-2,,0,False
18c8ed95de27b3db9e46c788,Álgebra Lineal,2026-2,,0,False
18c92509f3e81ed0c28ca0c4,Álgebra Lineal,2026-2,,0,False
1cdd1f784980254d9f07c2dd,Álgebra Lineal,2026-2,,0,False
1d0a43c1cf4d74df5efb1445,Álgebra Lineal,2026-2,,0,False
1e84c887b9ddbcc9426ee672,Álgebra Lineal,2026-2,,2,True
205aa4f31eb2b8dc44ad9f85,Álgebra Lineal,2026-2,,0,False
2179eee37a6abd83c87a495e,Álgebra Lineal,2026-2,,0,False
21d7f729aaa3bc314e56ec72,Álgebra Lineal,2026-2,,0,False
2262f78662cf8f992f7d0b3e,Álgebra Lineal,2026-2,,0,False
229c2f30234a7d40cf9bfed2,Álgebra Lineal,2026-2,,0,False
28427f0fa7f8b148254dd124,Álgebra Lineal,2026-2,,0,False
2d8e08d0487f9e5e73cc6bf9,Álgebra Lineal,2026-2,,0,False
30a8943c022398db92088fc7,Álgebra Lineal,2026-2,,0,False
31b47f11a3122e9dcf39d8f8,Álgebra Lineal,2026-2,,0,False
322f9e6abeaf147c3e60272c,Álgebra Lineal,2026-2,,0,False
33782812782256b64646441b,Álgebra Lineal,2026-2,,0,False
3464d41070d965ad1bd8e00e,Álgebra Lineal,2026-2,,0,False
354bd6a605908ae8ee179b4c,Álgebra Lineal,2026-2,,0,False
367d451e59b26d39257dab0d,Álgebra Lineal,2026-2,,0,False
37d68429464bdc5f79af3e88,Álgebra Lineal,2026-2,,0,False
3982b089aa79e2817aa98242,Álgebra Lineal,2026-2,,0,False
3b71caa3a75e82166e2ce666,Álgebra Lineal,2026-2,,0,False
3c166815ad3da84dc12691f8,Álgebra Lineal,2026-2,,0,False
3c8c686be99b65080e4f178d,Álgebra Lineal,2026-2,,0,False
3ca2d33e13e8277526b66a4e,Álgebra Lineal,2026-2,,1,True
3d96f892d984bcf5a8be5a32,Álgebra Lineal,2026-2,,0,False
3e607c3d10972d3e8e7a1c5c,Álgebra Lineal,2026-2,,0,False
3edaf6e472cccfd85eccc598,Álgebra Lineal,2026-2,,0,False
3fd010721d474aa7fcf712d5,Álgebra Lineal,2026-2,,0,False
40bd36a2b539962aeee1a636,Álgebra Lineal,2026-2,,0,False
4624fab6f7ce832786e2b590,Álgebra Lineal,2026-2,,0,False
476f8c761e636d092db7c58a,Álgebra Lineal,2026-2,,0,False
47be8a6c8ef3e04343bf9307,Álgebra Lineal,2026-2,,0,False
47ef0e890a270c76039be03a,Álgebra Lineal,2026-2,,0,False
484f62574255c8806ff93db1,Álgebra Lineal,2026-2,,0,False
48869d99fc6c9e45176cbfb0,Álgebra Lineal,2026-2,,0,False
48d2309d22ddffba66307380,Álgebra Lineal,2026-2,,0,False
4ad4be3d2df386d9006a890a,Álgebra Lineal,2026-2,,1,True
4d6513c5cfb2a93f1af3d35e,Álgebra Lineal,2026-2,,0,False
4e2d84d2012d30ed6ee33b2a,Álgebra Lineal,2026-2,,0,False
4e427dcab8484769b09262b1,Álgebra Lineal,2026-2,,1,True
4f8bd4d8b43e4bd1ebeba025,Álgebra Lineal,2026-2,,0,False
5034393db4ec2cebc409dbff,Álgebra Lineal,2026-2,,0,False
504877fb05d00879bf46058c,Álgebra Lineal,2026-2,,0,False
514b8cc9ae9b859db7bff512,Álgebra Lineal,2026-2,,0,False
52ab5f3522b67e325dce79f2,Álgebra Lineal,2026-2,,0,False
52bd5df76d2297633f438041,Álgebra Lineal,2026-2,,0,False
5553adced5b69f3d9ce7d5b7,Álgebra Lineal,2026-2,,0,False
5593215f7d96ff831fd4541f,Álgebra Lineal,2026-2,,1,True
55eda5a3c9e1e2aca46f9018,Álgebra Lineal,2026-2,,0,False
564afacc24a092b954701967,Álgebra Lineal,2026-2,,0,False
56f39647fb7b32902a1723c2,Álgebra Lineal,2026-2,,0,False
57650a12a74806abb04acf92,Álgebra Lineal,2026-2,,1,True
57b45c748abbb85e4bb838a5,Álgebra Lineal,2026-2,,0,False
5873fbf9e0b30211e5c5c483,Álgebra Lineal,2026-2,,0,False
599bd38456817831f324ceda,Álgebra Lineal,2026-2,,0,False
5be64427fd515ae8dc638ad5,Álgebra Lineal,2026-2,,0,False
5ed0374ef37bd19d08e722fc,Álgebra Lineal,2026-2,,2,True
5f7a607b1fa95e4bbe6997c7,Álgebra Lineal,2026-2,,1,True
6005aaf00603ae76247dbcfc,Álgebra Lineal,2026-2,,0,False
60201d6c936a016e4d951d35,Álgebra Lineal,2026-2,,0,False
64c2168569b3dcba70d72efe,Álgebra Lineal,2026-2,,0,False
64dc35c55affa36d2bd69561,Álgebra Lineal,2026-2,,0,False
65494d6026c6cfad66f19f90,Álgebra Lineal,2026-2,,1,True
66f5480208d84f259fc51db7,Álgebra Lineal,2026-2,,0,False
67045cd17d7f709bf2a40882,Álgebra Lineal,2026-2,,0,False
6707592cd76df754070dfb7f,Álgebra Lineal,2026-2,,0,False
6be2eaf61dad93033080607f,Álgebra Lineal,2026-2,,0,False
6bf818cf7756e1e2a85cc226,Álgebra Lineal,2026-2,,0,False
6cc83a411a8809434bd5984c,Álgebra Lineal,2026-2,,0,False
73ab6d9886f525938a33c874,Álgebra Lineal,2026-2,,0,False
758f2b40715b3a34148ccf89,Álgebra Lineal,2026-2,,0,False
75fd51d55f12ee62735b4553,Álgebra Lineal,2026-2,,0,False
76cfc9562e242d4028c18dd0,Álgebra Lineal,2026-2,,0,False
789152b0f5fdbafb093b87bf,Álgebra Lineal,2026-2,,0,False
79ab8838cbd3fd3bef529b24,Álgebra Lineal,2026-2,,1,True
7a08158fefce8b170c0cac63,Álgebra Lineal,2026-2,,0,False
7c20d9aaa177c0c55b4efc33,Álgebra Lineal,2026-2,,0,False
7d1f79f6526afe174417db61,Álgebra Lineal,2026-2,,0,False
7d47fa3bb5c259a14b0aa22f,Álgebra Lineal,2026-2,,0,False
7dcc296547efce72584f5ee9,Álgebra Lineal,2026-2,,0,False
7f93fc3a4dc9fa911e9b0873,Álgebra Lineal,2026-2,,0,False
8187dafd045f13765837cf70,Álgebra Lineal,2026-2,,0,False
821b4e5ba2de4e76eba4326d,Álgebra Lineal,2026-2,,0,False
8437813e8caee3f9ed59187a,Álgebra Lineal,2026-2,,0,False
8478a0a3811b3943f9c669ef,Álgebra Lineal,2026-2,,0,False
857322df6a8e82ff185787ad,Álgebra Lineal,2026-2,,0,False
87274e954e0b6efce2dfa647,Álgebra Lineal,2026-2,,0,False
87f6337db429e740eda8bd42,Álgebra Lineal,2026-2,,0,False
880e079cbf2b274b6d8d85cc,Álgebra Lineal,2026-2,,0,False
89760db125f9104938f3ee01,Álgebra Lineal,2026-2,,0,False
8a64e82fdf6b5692138aeef4,Álgebra Lineal,2026-2,,0,False
8bead020ea181c85cf833293,Álgebra Lineal,2026-2,,0,False
8cb48bc29bd8041ffea69bfb,Álgebra Lineal,2026-2,,0,False
8d7289c5d4e77da52824b864,Álgebra Lineal,2026-2,,0,False
8dc6585ca03c49583d8a038e,Álgebra Lineal,2026-2,,0,False
90d45967703cc33e75f10598,Álgebra Lineal,2026-2,,0,False
92858cf8af87f72d30a11f30,Álgebra Lineal,2026-2,,0,False
932ad2d41b42adc7d2db705e,Álgebra Lineal,2026-2,,0,False
960114f8668f5d573d458dc8,Álgebra Lineal,2026-2,,0,False
9696008588f53f870fe8a104,Álgebra Lineal,2026-2,,0,False
97a587823d4de5e431d7695b,Álgebra Lineal,2026-2,,0,False
98740740ef8041432db3d4a5,Álgebra Lineal,2026-2,,0,False
98d68cececff3ffd008dda17,Álgebra Lineal,2026-2,,0,False
99554368315859aebd22e4b6,Álgebra Lineal,2026-2,,0,False
9a05c69b9f72b6d4f4b47bc7,Álgebra Lineal,2026-2,,1,True
9a5f8810b5dfd03ed0994716,Álgebra Lineal,2026-2,,0,False
9a81a1f848f9629090b2ab9d,Álgebra Lineal,2026-2,,0,False
9c41e63bf2d25286da169bbb,Álgebra Lineal,2026-2,,0,False
9d03981c6de33ca7b45c78ed,Álgebra Lineal,2026-2,,0,False
9ece0761bfd6acd464cfb41a,Álgebra Lineal,2026-2,,0,False
a0c71dcbbfccec6528805530,Álgebra Lineal,2026-2,,0,False
a132bc341a03e7d5ea4bb3cc,Álgebra Lineal,2026-2,,0,False
a14cd2c51856cc0df4a6d2e7,Álgebra Lineal,2026-2,,0,False
a175876966694c7769747324,Álgebra Lineal,2026-2,,0,False
a22b6a85eea19f3028840004,Álgebra Lineal,2026-2,,0,False
a2d123f2b5bd2608f29aad5c,Álgebra Lineal,2026-2,,0,False
a2f912c60b0af63daba7572b,Álgebra Lineal,2026-2,,0,False
a5d9d1410f971d51fc8084f8,Álgebra Lineal,2026-2,,0,False
a6abfe3d3e2d1c135222b685,Álgebra Lineal,2026-2,,0,False
a71362007d811380f07f050f,Álgebra Lineal,2026-2,,0,False
a829fa4ae7b0976606457df4,Álgebra Lineal,2026-2,,0,False
a876472e6729c77da0ce0c6c,Álgebra Lineal,2026-2,,1,True
a98f079e6744d42f2b17fcf3,Álgebra Lineal,2026-2,,0,False
a9c7c628e17c7098ba8bb79f,Álgebra Lineal,2026-2,,0,False
aa3d0f6c1e5eaf0e1f6b71fc,Álgebra Lineal,2026-2,,0,False
aa8f8babfe9227aa4f57291a,Álgebra Lineal,2026-2,,0,False
ab7bf148dd11257b4e6337d4,Álgebra Lineal,2026-2,,0,False
ac97c58d231b241dbe2fe6b8,Álgebra Lineal,2026-2,,0,False
acd092e7a054e450eeffc019,Álgebra Lineal,2026-2,,1,True
ae57c6d8603d34b3df51120b,Álgebra Lineal,2026-2,,0,False
b1f0838df365280ac911f195,Álgebra Lineal,2026-2,,0,False
b1fde23ddc9462eca50d3785,Álgebra Lineal,2026-2,,0,False
b52c35abf9b06c9f4f1e87f6,Álgebra Lineal,2026-2,,0,False
b6a9aebcbf5c6026d9e60d2a,Álgebra Lineal,2026-2,,0,False
b7e42923e67d4462c7f0241c,Álgebra Lineal,2026-2,,0,False
b7f953113cbba0bb21ae2eba,Álgebra Lineal,2026-2,,0,False
b80b3d1a8b576bb690808d6a,Álgebra Lineal,2026-2,,0,False
b9b8c7418450dbed355365b4,Álgebra Lineal,2026-2,,0,False
bc307cae60b9382298f613d2,Álgebra Lineal,2026-2,,0,False
bcb0bed23a1f6b18203fbc81,Álgebra Lineal,2026-2,,1,True
bf3c57f40315e8591bc9b14e,Álgebra Lineal,2026-2,,0,False
c1251eedac93d7367764e05b,Álgebra Lineal,2026-2,,1,True
c26965529bd140d15b400f40,Álgebra Lineal,2026-2,,0,False
c6575bd494ff79c2e306c2ad,Álgebra Lineal,2026-2,,1,True
c6f23c29ed5ac193dfdd87ea,Álgebra Lineal,2026-2,,0,False
c7508a583ad2bcf75d9c5020,Álgebra Lineal,2026-2,,0,False
ca0116379e451b80514d5461,Álgebra Lineal,2026-2,,0,False
ca1cde21a916a95a251e91a2,Álgebra Lineal,2026-2,,0,False
ca5077adb5510c01d3b6973b,Álgebra Lineal,2026-2,,0,False
ca92868463ef6e0c918d0f31,Álgebra Lineal,2026-2,,0,False
cc5d771bf5d22491666ac4f4,Álgebra Lineal,2026-2,,0,False
cdb7e2adee37b00c67c8bce1,Álgebra Lineal,2026-2,,0,False
cf08c6199454fbee84a9b8ad,Álgebra Lineal,2026-2,,0,False
d06650db1dc21f058b655455,Álgebra Lineal,2026-2,,0,False
d087e9387bb0a76e25a6aff9,Álgebra Lineal,2026-2,,0,False
d2723da02d89d868fc461d19,Álgebra Lineal,2026-2,,0,False
d59332c6c44cbaa8a6f8b446,Álgebra Lineal,2026-2,,1,True
d6be489afb4d2033d5cbc94a,Álgebra Lineal,2026-2,,0,False
d81c96c20f2df3e1218fd665,Álgebra Lineal,2026-2,,0,False
da2b1a70a04281760874f05a,Álgebra Lineal,2026-2,,1,True
dc22c16743496bcdc005ea17,Álgebra Lineal,2026-2,,0,False
dd5117903396a4a1f1f8fe80,Álgebra Lineal,2026-2,,0,False
de292984b27c83a9cdf4149f,Álgebra Lineal,2026-2,,0,False
df87deae905493dad90c006b,Álgebra Lineal,2026-2,,0,False
e023810c906946c4e6090305,Álgebra Lineal,2026-2,,0,False
e10e17d899678aabf4c2e375,Álgebra Lineal,2026-2,,0,False
e11976b08aa1426d9193ebb8,Álgebra Lineal,2026-2,,0,False
e11f5dcb866ce47c8f23f3b0,Álgebra Lineal,2026-2,,0,False
e3f912211ba546debd1b9777,Álgebra Lineal,2026-2,,0,False
e737d3a0b073fd32efc2857b,Álgebra Lineal,2026-2,,0,False
e7b594adb9c2ed10463b09b2,Álgebra Lineal,2026-2,,2,True
e7b984488792da22c9ba6a71,Álgebra Lineal,2026-2,,1,True
e82bf72b6ad9dc224d560244,Álgebra Lineal,2026-2,,0,False
e9652fb80f9cd50aaf97f2be,Álgebra Lineal,2026-2,,0,False
eabcca853467dc42e12337bb,Álgebra Lineal,2026-2,,0,False
eee0df9c4250c3c625f4af89,Álgebra Lineal,2026-2,,0,False
f05312046d67f433adda5a3f,Álgebra Lineal,2026-2,,0,False
f12070523fa510208a1ab2fa,Álgebra Lineal,2026-2,,0,False
f3b9c231e5bfdd3c7e4e125f,Álgebra Lineal,2026-2,,0,False
f4e2a8ff2e6cdfa760d35129,Álgebra Lineal,2026-2,,0,False
f6d5f6b5ca4ed38fa002a6b2,Álgebra Lineal,2026-2,,0,False
f9caf34d9040586137b51656,Álgebra Lineal,2026-2,,0,False
fae4296fc9af89cccf482a6b,Álgebra Lineal,2026-2,,0,False
ff6ec1ec62e2dc3927b52095,Álgebra Lineal,2026-2,,0,False
