student_id,Curso,Semestre,Nota Curso,n_asistencias,asistio
08c10d7fcd834cbf9d6b4f45,Cálculo Integral,2025-2,,0,False
08c10d7fcd834cbf9d6b4f45,Cálculo Integral,2026-1,,0,False
08c10d7fcd834cbf9d6b4f45,Física Mecánica,2026-1,,0,False
08c10d7fcd834cbf9d6b4f45,Física Mecánica,2026-2,,0,False
08c10d7fcd834cbf9d6b4f45,Física Mecánica,2025-2,2.07,0,False
f17f4feab7011569c5993037,Cálculo Vectorial,2025-2,4.38,0,False
8c8d2c48632dabd8288ff05f,Ecuaciones Diferenciales,2025-2,4.62,0,False
66bcc97ab1607426c02769ef,Álgebra Lineal,2025-2,0.34,0,False
66bcc97ab1607426c02769ef,Álgebra Lineal,2026-1,1.47,0,False
66bcc97ab1607426c02769ef,Cálculo Integral,2026-1,2.59,0,False
a1ac303c2eee4c10c4cdebbb,Física Moderna,2025-2,3.17,0,False
33d74e645dd2e6ce7eac6323,Cálculo Integral,2026-2,,0,False
33d74e645dd2e6ce7eac6323,Física Mecánica,2026-1,3.78,0,False
33d74e645dd2e6ce7eac6323,Cálculo Diferencial,2026-1,3.91,0,False
33d74e645dd2e6ce7eac6323,Geometría Analítica,2025-2,4.28,0,False
dd5397fde0619ff1e5acea69,Ecuaciones Diferenciales,2026-1,,0,False
de3030821aa359b2907ee55c,Ecuaciones Diferenciales,2025-2,,0,False
de3030821aa359b2907ee55c,Ecuaciones Diferenciales,2026-1,,1,True
de3030821aa359b2907ee55c,Electricidad y Magnetismo,2026-1,,1,True
de3030821aa359b2907ee55c,Electricidad y Magnetismo,2026-2,,0,False
de3030821aa359b2907ee55c,Cálculo Vectorial,2025-2,3.01,0,False
de3030821aa359b2907ee55c,Ecuaciones Diferenciales,2026-1,3.54,1,True
dac0568631823be5147239eb,Electricidad y Magnetismo,2025-2,3.62,0,False
477c5675defe964c11aa27bb,Ecuaciones Diferenciales,2026-1,,10,True
477c5675defe964c11aa27bb,Ecuaciones Diferenciales,2026-1,4.90,10,True
b7e9d1be248072582ff9690e,Cálculo Vectorial,2025-2,3.39,0,False
6f7a5dcb32d2c9b328398bfb,Electricidad y Magnetismo,2025-2,,0,False
6f7a5dcb32d2c9b328398bfb,Electricidad y Magnetismo,2026-2,,0,False
9f9069347dc11914d83c132f,Electricidad y Magnetismo,2025-2,3.88,0,False
bf43e11238541fc98c07f78d,Electricidad y Magnetismo,2025-2,3.55,4,True
d174e7ec3165166654e15f44,Cálculo Vectorial,2026-1,,0,False
2ead8a049bf801089630dcb7,Cálculo Integral,2026-1,2.63,0,False
2523db67c2ca4dda45bed1eb,Cálculo Integral,2026-2,,1,True
2523db67c2ca4dda45bed1eb,Fortalecimiento Académico: Matemáticas,2026-2,,0,False
2523db67c2ca4dda45bed1eb,Geometría Analítica,2026-2,,0,False
2523db67c2ca4dda45bed1eb,Cálculo Diferencial,2026-1,3.63,1,True
2523db67c2ca4dda45bed1eb,Fundamentos Matemáticos,2026-1,3.70,0,False
5f79085b38797e674efd56f2,Cálculo Integral,2026-1,,0,False
5f79085b38797e674efd56f2,Geometría Analítica,2026-1,1.37,0,False
9baabebde107db5306ec9f04,Geometría Analítica,2025-2,4.63,0,False
bfb96fb831e41b2701d6e65e,Cálculo Vectorial,2025-2,4.97,0,False
457d91b090e8bbc338fb5ae1,Electricidad y Magnetismo,2025-2,,0,False
457d91b090e8bbc338fb5ae1,Electricidad y Magnetismo,2026-1,3.46,0,False
f3f751307e5418c3d6517809,Electricidad y Magnetismo,2026-1,2.70,0,False
61729d68efdadc7e058738cb,Electricidad y Magnetismo,2025-2,3.01,1,True
152c25d152da238199ea1fec,Cálculo Vectorial,2025-2,,0,False
152c25d152da238199ea1fec,Física Mecánica,2025-2,,0,False
152c25d152da238199ea1fec,Física Mecánica,2026-2,,0,False
ec56ca45992189c67f0947da,Cálculo Vectorial,2026-1,4.10,0,False
e938559596f8393b930273d4,Física Mecánica,2026-1,3.12,0,False
e938559596f8393b930273d4,Álgebra Lineal,2025-2,4.02,0,False
49ca6dd72e75068e0a7288c3,Electricidad y Magnetismo,2026-1,1.52,0,False
49ca6dd72e75068e0a7288c3,Física Mecánica,2025-2,3.02,0,False
49ca6dd72e75068e0a7288c3,Cálculo Integral,2025-2,3.21,0,False
49ca6dd72e75068e0a7288c3,Electricidad y Magnetismo,2026-1,3.85,0,False
0bf50b5f79cd860144f6767b,Fortalecimiento Académico: Física,2025-2,,0,False
0bf50b5f79cd860144f6767b,Electricidad y Magnetismo,2025-2,3.77,0,False
222534077c57982a5b116b00,Cálculo Diferencial,2025-2,,0,False
222534077c57982a5b116b00,Geometría Analítica,2025-2,,0,False
222534077c57982a5b116b00,Cálculo Diferencial,2026-1,,0,False
222534077c57982a5b116b00,Geometría Analítica,2026-1,,0,False
222534077c57982a5b116b00,Cálculo Diferencial,2026-2,,0,False
222534077c57982a5b116b00,Fundamentos de Química,2026-2,,0,False
222534077c57982a5b116b00,Geometría Analítica,2026-2,,0,False
222534077c57982a5b116b00,Fundamentos de Química,2026-1,0.44,0,False
222534077c57982a5b116b00,Cálculo Diferencial,2025-2,1.18,0,False
222534077c57982a5b116b00,Fundamentos de Química,2025-2,2.12,0,False
e6f6e533ba9df5ea0bc8d23e,Cálculo Vectorial,2025-2,,0,False
e6f6e533ba9df5ea0bc8d23e,Fortalecimiento Académico: Física,2026-1,,0,False
e6f6e533ba9df5ea0bc8d23e,Electricidad y Magnetismo,2025-2,2.55,2,True
e6f6e533ba9df5ea0bc8d23e,Electricidad y Magnetismo,2026-1,3.20,1,True
e6f6e533ba9df5ea0bc8d23e,Cálculo Vectorial,2025-2,3.24,0,False
8c69b849c4361507da6e9053,Cálculo Vectorial,2026-1,3.06,1,True
bd292376498a3e13a54f2220,Electricidad y Magnetismo,2025-2,3.50,0,False
b43e46131bcb352d2f565f12,Electricidad y Magnetismo,2025-2,,2,True
b43e46131bcb352d2f565f12,Fortalecimiento Académico: Física,2025-2,,0,False
b43e46131bcb352d2f565f12,Fortalecimiento Académico: Física,2026-2,,0,False
b43e46131bcb352d2f565f12,Electricidad y Magnetismo,2026-1,3.12,0,False
42e5bf541f65fdf62e3059eb,Electricidad y Magnetismo,2025-2,3.81,0,False
5d4fd11d5820705f74de5c58,Fortalecimiento Académico: Matemáticas,2025-2,,0,False
92b033a512a4c468b39722e5,Electricidad y Magnetismo,2025-2,3.26,8,True
f06e8871ae16d5daf82c1319,Electricidad y Magnetismo,2025-2,,0,False
f06e8871ae16d5daf82c1319,Electricidad y Magnetismo,2026-2,,0,False
8cbdfc87101268c77f2e35fe,Cálculo Vectorial,2026-1,1.69,1,True
c22ae880d9516f2aca2740ba,Electricidad y Magnetismo,2025-2,4.32,0,False
5d4cef4b9e9a6ba84fe3095e,Ecuaciones Diferenciales,2025-2,,0,False
5d4cef4b9e9a6ba84fe3095e,Fortalecimiento Académico: Física,2025-2,,0,False
5d4cef4b9e9a6ba84fe3095e,Ecuaciones Diferenciales,2026-2,,0,False
5d4cef4b9e9a6ba84fe3095e,Electricidad y Magnetismo,2025-2,3.01,2,True
5d4cef4b9e9a6ba84fe3095e,Física Moderna,2026-1,3.03,0,False
c860bf5b720fad68f027b1af,Electricidad y Magnetismo,2025-2,3.79,0,False
2168562b12cc43c3e418b372,Cálculo Integral,2025-2,,0,False
2168562b12cc43c3e418b372,Fortalecimiento Académico: Matemáticas,2025-2,,0,False
2168562b12cc43c3e418b372,Álgebra Lineal,2026-2,,0,False
2168562b12cc43c3e418b372,Cálculo Integral,2026-2,,0,False
2168562b12cc43c3e418b372,Física Mecánica,2026-2,,0,False
7b61113ca6d93798a8f362ba,Electricidad y Magnetismo,2025-2,,0,False
7b61113ca6d93798a8f362ba,Fortalecimiento Académico: Física,2025-2,,0,False
7b61113ca6d93798a8f362ba,Electricidad y Magnetismo,2026-1,3.44,0,False
3f468ccb6bcf0b10041b3215,Cálculo Diferencial,2025-2,,0,False
0e7772f6adfec463020ac409,Fortalecimiento Académico: Matemáticas,2026-2,,0,False
f0aa8a1d6c8b53771294ca70,Física Mecánica,2026-2,,0,False
84a25d6cc647f76dc756ff94,Cálculo Integral,2026-1,,0,False
84a25d6cc647f76dc756ff94,Física Mecánica,2026-1,,0,False
84a25d6cc647f76dc756ff94,Álgebra Lineal,2026-2,,0,False
84a25d6cc647f76dc756ff94,Física Mecánica,2026-1,1.80,0,False
84a25d6cc647f76dc756ff94,Geometría Analítica,2025-2,2.54,0,False
84a25d6cc647f76dc756ff94,Cálculo Diferencial,2025-2,2.57,0,False
84a25d6cc647f76dc756ff94,Cálculo Diferencial,2025-2,3.05,0,False
a7ab96a18ee68c8b066f9edc,Electricidad y Magnetismo,2025-2,4.10,0,False
d13cbb7ff747014ad31b7125,Geometría Analítica,2026-1,,0,False
b0d92af3c944560b5e72dfc2,Cálculo Diferencial,2025-2,,0,False
b0d92af3c944560b5e72dfc2,Geometría Analítica,2025-2,,0,False
b0d92af3c944560b5e72dfc2,Cálculo Diferencial,2026-1,,0,False
b0d92af3c944560b5e72dfc2,Geometría Analítica,2026-1,,0,False
b0d92af3c944560b5e72dfc2,Cálculo Diferencial,2026-2,,0,False
b0d92af3c944560b5e72dfc2,Geometría Analítica,2026-2,,0,False
e0858df1441beb1938a86d39,Electricidad y Magnetismo,2025-2,,0,False
e0858df1441beb1938a86d39,Electricidad y Magnetismo,2026-1,3.35,0,False
4c4bd3888db25f3f203bcad4,Electricidad y Magnetismo,2025-2,3.31,0,False
bfb003cdc2bf77e317cb0dfa,Fortalecimiento Académico: Física,2025-2,,0,False
bfb003cdc2bf77e317cb0dfa,Física Mecánica,2025-2,3.21,0,False
bfb003cdc2bf77e317cb0dfa,Cálculo Integral,2025-2,3.76,0,False
ad9007d37e035224b7ef3733,Cálculo Diferencial,2026-2,,1,True
ad9007d37e035224b7ef3733,Geometría Analítica,2026-2,,0,False
17c6d275ae018a7596c32e4c,Física Moderna,2026-2,,0,False
17c6d275ae018a7596c32e4c,Cálculo Vectorial,2025-2,3.33,1,True
f20106868b7fcd7de4af7fb9,Fortalecimiento Académico: Matemáticas,2026-1,,0,False
f20106868b7fcd7de4af7fb9,Cálculo Integral,2026-1,2.37,0,False
f20106868b7fcd7de4af7fb9,Cálculo Integral,2026-1,3.03,0,False
46533f91926dabb457cad479,Fortalecimiento Académico: Física,2026-1,,0,False
46533f91926dabb457cad479,Cálculo Integral,2026-2,,0,False
46533f91926dabb457cad479,Física Mecánica,2026-1,2.75,1,True
4b637dc5c64411a5eee8d832,Electricidad y Magnetismo,2026-2,,0,False
4b637dc5c64411a5eee8d832,Física Mecánica,2025-2,3.10,1,True
37f6ccaeeefe01a994cd65a3,Electricidad y Magnetismo,2026-2,,0,False
21f2917d5ead6d8c3b5192fa,Álgebra Lineal,2026-1,3.97,1,True
c90b3fb768b8eb9eafdf782a,Cálculo Diferencial,2025-2,,0,False
c90b3fb768b8eb9eafdf782a,Geometría Analítica,2026-1,,0,False
c90b3fb768b8eb9eafdf782a,Cálculo Diferencial,2026-2,,0,False
d47f460dd464e6dd53d66481,Cálculo Diferencial,2026-1,,0,False
d47f460dd464e6dd53d66481,Geometría Analítica,2026-1,,0,False
49ca6dd72e75068e0a7288c3,Electricidad y Magnetismo,2026-2,,0,False
49ca6dd72e75068e0a7288c3,Álgebra Lineal,2025-2,3.93,0,False
6dd8bdbe3573453dbe7b8738,Fortalecimiento Académico: Física,2026-1,,0,False
6dd8bdbe3573453dbe7b8738,Electricidad y Magnetismo,2026-1,2.47,0,False
6db13b02c43d2ea9a0af2dc6,Electricidad y Magnetismo,2025-2,3.09,0,False
6db13b02c43d2ea9a0af2dc6,Física Moderna,2026-1,3.18,0,False
3f1fa7986f7c9d64fb7ee9db,Electricidad y Magnetismo,2026-2,,0,False
3f1fa7986f7c9d64fb7ee9db,Fortalecimiento Académico: Física,2026-2,,0,False
035558a2e135d2f612319f7d,Electricidad y Magnetismo,2025-2,,0,False
035558a2e135d2f612319f7d,Cálculo Vectorial,2025-2,2.74,0,False
035558a2e135d2f612319f7d,Ecuaciones Diferenciales,2026-1,3.02,0,False
866300c7acd8fa6a60b88ccc,Cálculo Vectorial,2025-2,,0,False
866300c7acd8fa6a60b88ccc,Cálculo Vectorial,2026-1,,0,False
866300c7acd8fa6a60b88ccc,Ecuaciones Diferenciales,2026-1,,1,True
866300c7acd8fa6a60b88ccc,Ecuaciones Diferenciales,2026-2,,0,False
866300c7acd8fa6a60b88ccc,Cálculo Vectorial,2025-2,2.34,0,False
325b6ed5e0ed5a3e026bb21f,Electricidad y Magnetismo,2026-2,,0,False
325b6ed5e0ed5a3e026bb21f,Álgebra Lineal,2025-2,3.05,1,True
65c6f39c848d4350a471942a,Álgebra Lineal,2025-2,4.80,0,False
464cfe30a9711955ae656265,Ecuaciones Diferenciales,2025-2,,0,False
464cfe30a9711955ae656265,Fortalecimiento Académico: Física,2025-2,,0,False
464cfe30a9711955ae656265,Electricidad y Magnetismo,2025-2,3.04,0,False
464cfe30a9711955ae656265,Ecuaciones Diferenciales,2026-1,3.69,0,False
796de918207937fe566692d3,Ecuaciones Diferenciales,2026-2,,0,False
796de918207937fe566692d3,Electricidad y Magnetismo,2026-2,,0,False
796de918207937fe566692d3,Ecuaciones Diferenciales,2026-1,1.57,0,False
796de918207937fe566692d3,Electricidad y Magnetismo,2026-1,1.71,0,False
3cdb951390362ad2f0a29a7a,Cálculo Integral,2026-1,,0,False
3cdb951390362ad2f0a29a7a,Cálculo Diferencial,2025-2,3.32,0,False
cf435f873676893c24bf3898,Fortalecimiento Académico: Matemáticas,2025-2,,0,False
d1dbd5ba311352c45c38253a,Ecuaciones Diferenciales,2025-2,4.03,8,True
230fce2106c496f6fbd0756c,Cálculo Integral,2025-2,,0,False
230fce2106c496f6fbd0756c,Fortalecimiento Académico: Matemáticas,2025-2,,0,False
230fce2106c496f6fbd0756c,Cálculo Integral,2026-1,,0,False
230fce2106c496f6fbd0756c,Cálculo Integral,2026-2,,0,False
230fce2106c496f6fbd0756c,Álgebra Lineal,2025-2,3.01,7,True
921625cdff7a0c92c25423e9,Cálculo Diferencial,2025-2,,0,False
921625cdff7a0c92c25423e9,Álgebra Lineal,2026-2,,0,False
ef38a30b4fb2927da01ab783,Cálculo Diferencial,2025-2,,0,False
ef38a30b4fb2927da01ab783,Cálculo Integral,2026-2,,0,False
ef38a30b4fb2927da01ab783,Geometría Analítica,2026-2,,0,False
ef38a30b4fb2927da01ab783,Cálculo Diferencial,2025-2,3.00,0,False
3e9058cf6569037dd9e2985d,Física Mecánica,2025-2,3.68,0,False
3e9058cf6569037dd9e2985d,Álgebra Lineal,2026-1,4.69,0,False
daa02b1da6bc1ee39e0469d1,Electricidad y Magnetismo,2025-2,,3,True
daa02b1da6bc1ee39e0469d1,Fortalecimiento Académico: Física,2025-2,,0,False
daa02b1da6bc1ee39e0469d1,Cálculo Vectorial,2025-2,3.13,2,True
daa02b1da6bc1ee39e0469d1,Electricidad y Magnetismo,2025-2,3.22,3,True
daa02b1da6bc1ee39e0469d1,Ecuaciones Diferenciales,2026-1,3.61,1,True
49763c46975cca0becb091da,Electricidad y Magnetismo,2026-1,,0,False
49763c46975cca0becb091da,Electricidad y Magnetismo,2026-2,,0,False
49763c46975cca0becb091da,Álgebra Lineal,2025-2,3.44,1,True
37b80f4ebd3c76ea9e564ba7,Física Moderna,2026-2,,0,False
cf24f51f88071a08bc678217,Electricidad y Magnetismo,2026-2,,0,False
cf24f51f88071a08bc678217,Álgebra Lineal,2025-2,3.68,0,False
946f396133f7d7e490b4b7d7,Fortalecimiento Académico: Física,2026-1,,0,False
946f396133f7d7e490b4b7d7,Cálculo Vectorial,2025-2,3.00,3,True
946f396133f7d7e490b4b7d7,Electricidad y Magnetismo,2026-1,3.03,0,False
6fa8b2969b8002ed7bf9da53,Ecuaciones Diferenciales,2025-2,,3,True
6fa8b2969b8002ed7bf9da53,Fortalecimiento Académico: Física,2025-2,,0,False
6fa8b2969b8002ed7bf9da53,Ecuaciones Diferenciales,2026-1,3.33,0,False
6fa8b2969b8002ed7bf9da53,Electricidad y Magnetismo,2025-2,3.36,0,False
c2f8e8244520daff03e149a8,Álgebra Lineal,2025-2,3.70,2,True
2c42db8619df43104dfa15f1,Electricidad y Magnetismo,2026-2,,0,False
2c42db8619df43104dfa15f1,Fortalecimiento Académico: Física,2026-2,,0,False
e91cc5a21fab1f3ae7cb7a04,Cálculo Vectorial,2025-2,,0,False
e91cc5a21fab1f3ae7cb7a04,Ecuaciones Diferenciales,2025-2,,0,False
e91cc5a21fab1f3ae7cb7a04,Cálculo Vectorial,2026-1,,0,False
e91cc5a21fab1f3ae7cb7a04,Ecuaciones Diferenciales,2026-1,,0,False
1af1b1f9664629693fe02792,Cálculo Integral,2025-2,,0,False
1af1b1f9664629693fe02792,Física Mecánica,2026-2,,0,False
1af1b1f9664629693fe02792,Cálculo Integral,2026-1,3.25,0,False
189d61eff6e90b5e487c9934,Física Mecánica,2026-1,,0,False
189d61eff6e90b5e487c9934,Cálculo Integral,2025-2,3.08,0,False
5e0714fad6542a2d9acff9e6,Cálculo Integral,2026-2,,0,False
5e0714fad6542a2d9acff9e6,Cálculo Diferencial,2025-2,1.42,0,False
5e0714fad6542a2d9acff9e6,Cálculo Diferencial,2025-2,2.17,0,False
5e0714fad6542a2d9acff9e6,Cálculo Diferencial,2026-1,3.02,0,False
dbc24db50f6ec1046fcc83ce,Fortalecimiento Académico: Matemáticas,2025-2,,0,False
b6b3c1c27db2191f97afa47c,Cálculo Integral,2025-2,,0,False
b6b3c1c27db2191f97afa47c,Física Mecánica,2026-1,2.51,0,False
f8d7d0c135e0018d7bedcd5f,Cálculo Integral,2025-2,,1,True
f8d7d0c135e0018d7bedcd5f,Física Mecánica,2025-2,,1,True
f8d7d0c135e0018d7bedcd5f,Cálculo Integral,2026-1,,0,False
f8d7d0c135e0018d7bedcd5f,Álgebra Lineal,2026-2,,0,False
f8d7d0c135e0018d7bedcd5f,Cálculo Integral,2026-2,,0,False
f8d7d0c135e0018d7bedcd5f,Cálculo Integral,2026-1,2.22,0,False
b4d8f5145d31f7a50cd5cb7b,Física Moderna,2026-1,3.64,0,False
b4d8f5145d31f7a50cd5cb7b,Ecuaciones Diferenciales,2025-2,5.00,0,False
c7b5c4ea3f9b38322a3f338f,Fortalecimiento Académico: Matemáticas,2026-1,,0,False
4dfb1103b216882c967acd90,Electricidad y Magnetismo,2026-1,,0,False
4dfb1103b216882c967acd90,Electricidad y Magnetismo,2026-2,,0,False
4dfb1103b216882c967acd90,Álgebra Lineal,2025-2,2.86,1,True
4dfb1103b216882c967acd90,Física Mecánica,2025-2,3.50,0,False
d6fab9507781df5f4bad5b7c,Electricidad y Magnetismo,2026-1,,2,True
d6fab9507781df5f4bad5b7c,Ecuaciones Diferenciales,2026-2,,0,False
d6fab9507781df5f4bad5b7c,Cálculo Vectorial,2026-1,2.50,1,True
713d43ec26d60358bf7ef3ab,Cálculo Diferencial,2025-2,,0,False
713d43ec26d60358bf7ef3ab,Cálculo Integral,2026-2,,0,False
713d43ec26d60358bf7ef3ab,Álgebra Lineal,2025-2,3.00,0,False
713d43ec26d60358bf7ef3ab,Cálculo Diferencial,2026-1,3.05,0,False
713d43ec26d60358bf7ef3ab,Fundamentos de Química,2025-2,3.23,0,False
42490adbdd913e1b2ecbb370,Cálculo Integral,2025-2,3.11,1,True
42490adbdd913e1b2ecbb370,Geometría Analítica,2025-2,3.37,0,False
42490adbdd913e1b2ecbb370,Física Mecánica,2026-1,3.70,0,False
42490adbdd913e1b2ecbb370,Álgebra Lineal,2026-1,3.91,0,False
d33d872a392e544ff73e125b,Fortalecimiento Académico: Matemáticas,2026-2,,0,False
9ae88c3542482ed3bb98a8e9,Fortalecimiento Académico: Matemáticas,2026-1,,0,False
68de136a14db077b5df7d8fe,Ecuaciones Diferenciales,2025-2,4.33,2,True
68de136a14db077b5df7d8fe,Electricidad y Magnetismo,2025-2,4.39,0,False
b5655f9a977c6ac1d237d158,Fortalecimiento Académico: Matemáticas,2026-1,,0,False
4131f21321bb562bea5b594f,Ecuaciones Diferenciales,2025-2,,0,False
4131f21321bb562bea5b594f,Ecuaciones Diferenciales,2026-1,,0,False
ac1b13fc56b44f088bda4407,Cálculo Diferencial,2026-1,,0,False
257b037d8e25b00b88ef818f,Fortalecimiento Académico: Física,2026-1,,0,False
257b037d8e25b00b88ef818f,Cálculo Vectorial,2026-2,,0,False
257b037d8e25b00b88ef818f,Física Moderna,2026-2,,0,False
257b037d8e25b00b88ef818f,Álgebra Lineal,2025-2,3.28,0,False
257b037d8e25b00b88ef818f,Cálculo Integral,2025-2,3.47,4,True
257b037d8e25b00b88ef818f,Electricidad y Magnetismo,2026-1,3.50,2,True
257b037d8e25b00b88ef818f,Ecuaciones Diferenciales,2026-1,3.63,7,True
257b037d8e25b00b88ef818f,Física Mecánica,2025-2,3.67,1,True
623925e6c495b4204640a517,Física Moderna,2026-2,,0,False
623925e6c495b4204640a517,Cálculo Vectorial,2025-2,3.26,1,True
623925e6c495b4204640a517,Electricidad y Magnetismo,2025-2,4.14,1,True
98e9334b32658369d168d811,Cálculo Diferencial,2026-2,,0,False
98e9334b32658369d168d811,Fortalecimiento Académico: Matemáticas,2026-2,,0,False
98e9334b32658369d168d811,Geometría Analítica,2026-2,,0,False
e39534ae18f7850c450868a5,Física Mecánica,2025-2,3.08,0,False
e39534ae18f7850c450868a5,Cálculo Integral,2026-1,3.36,0,False
473d5091dd1066afb18292e2,Cálculo Diferencial,2026-2,,0,False
473d5091dd1066afb18292e2,Fortalecimiento Académico: Matemáticas,2026-2,,0,False
473d5091dd1066afb18292e2,Geometría Analítica,2026-2,,0,False
e32321106a11d1c0587afae7,Física Mecánica,2025-2,,0,False
e32321106a11d1c0587afae7,Física Mecánica,2026-1,,0,False
e32321106a11d1c0587afae7,Física Mecánica,2026-1,2.75,0,False
e32321106a11d1c0587afae7,Álgebra Lineal,2025-2,2.77,0,False
e32321106a11d1c0587afae7,Cálculo Integral,2025-2,3.00,0,False
3eda0c05afa9edee8ffb0716,Fortalecimiento Académico: Matemáticas,2025-2,,0,False
3eda0c05afa9edee8ffb0716,Ecuaciones Diferenciales,2026-1,3.21,2,True
3eda0c05afa9edee8ffb0716,Cálculo Vectorial,2026-1,3.22,0,False
3eda0c05afa9edee8ffb0716,Cálculo Integral,2025-2,3.49,1,True
3eda0c05afa9edee8ffb0716,Física Mecánica,2025-2,3.50,0,False
3eda0c05afa9edee8ffb0716,Álgebra Lineal,2025-2,3.55,0,False
bfd9cdadb07ebd563c4da6e8,Física Mecánica,2025-2,,0,False
bfd9cdadb07ebd563c4da6e8,Fundamentos de Química,2025-2,2.27,0,False
bfd9cdadb07ebd563c4da6e8,Física Mecánica,2026-1,2.65,0,False
bfd9cdadb07ebd563c4da6e8,Cálculo Integral,2025-2,2.70,0,False
bfd9cdadb07ebd563c4da6e8,Álgebra Lineal,2025-2,3.00,0,False
bfd9cdadb07ebd563c4da6e8,Cálculo Integral,2026-1,3.34,0,False
91a0ea2f62162b4a87d88104,Álgebra Lineal,2025-2,3.53,1,True
42bf2b3477b21f88a006e3cf,Cálculo Diferencial,2026-2,,0,False
42bf2b3477b21f88a006e3cf,Fortalecimiento Académico: Matemáticas,2026-2,,0,False
42bf2b3477b21f88a006e3cf,Geometría Analítica,2026-2,,2,True
6375afe3c4f6b431fe53b045,Fortalecimiento Académico: Matemáticas,2026-1,,0,False
6375afe3c4f6b431fe53b045,Fortalecimiento Académico: Matemáticas,2026-2,,0,False
48ae1f93e44b8fb710871cd5,Fundamentos de Química,2025-2,,1,True
22d437d878e76842fb9d885a,Fortalecimiento Académico: Física,2025-2,,0,False
22d437d878e76842fb9d885a,Electricidad y Magnetismo,2025-2,3.01,1,True
1daa2e449fe851153119eec2,Álgebra Lineal,2026-2,,0,False
1daa2e449fe851153119eec2,Cálculo Integral,2025-2,3.35,4,True
1daa2e449fe851153119eec2,Física Mecánica,2025-2,3.51,2,True
05875e523cae8573b7dbbe89,Álgebra Lineal,2026-2,,0,False
05875e523cae8573b7dbbe89,Física Mecánica,2025-2,3.00,0,False
05875e523cae8573b7dbbe89,Cálculo Integral,2025-2,3.12,2,True
2e0079c5f1b96bdd52f804dd,Álgebra Lineal,2026-1,,2,True
2e0079c5f1b96bdd52f804dd,Cálculo Integral,2025-2,3.02,3,True
2e0079c5f1b96bdd52f804dd,Física Mecánica,2025-2,3.04,2,True
2e0079c5f1b96bdd52f804dd,Álgebra Lineal,2026-1,3.54,2,True
1adb3e2d24a8ee2767314ce5,Fortalecimiento Académico: Física,2025-2,,0,False
1adb3e2d24a8ee2767314ce5,Física Mecánica,2025-2,3.00,0,False
1adb3e2d24a8ee2767314ce5,Cálculo Integral,2025-2,3.18,1,True
1adb3e2d24a8ee2767314ce5,Álgebra Lineal,2026-1,3.38,0,False
58cc9b46fe463463476cec8d,Cálculo Diferencial,2026-2,,0,False
58cc9b46fe463463476cec8d,Geometría Analítica,2026-2,,0,False
58cc9b46fe463463476cec8d,Cálculo Diferencial,2025-2,1.63,0,False
58cc9b46fe463463476cec8d,Geometría Analítica,2026-1,2.37,0,False
090bd89c00ba350bc2ced62f,Fundamentos de Química,2026-2,,0,False
090bd89c00ba350bc2ced62f,Fundamentos de Química,2025-2,2.56,1,True
090bd89c00ba350bc2ced62f,Física Mecánica,2026-1,2.76,0,False
090bd89c00ba350bc2ced62f,Cálculo Integral,2026-1,3.01,1,True
090bd89c00ba350bc2ced62f,Cálculo Diferencial,2025-2,3.02,0,False
090bd89c00ba350bc2ced62f,Álgebra Lineal,2025-2,3.08,0,False
31a9c9c7580a12bd1f9b855d,Cálculo Integral,2026-2,,0,False
31a9c9c7580a12bd1f9b855d,Física Mecánica,2026-1,4.56,0,False
31a9c9c7580a12bd1f9b855d,Cálculo Diferencial,2026-1,4.60,0,False
31a9c9c7580a12bd1f9b855d,Geometría Analítica,2025-2,5.00,0,False
3438a63211493ae70923742b,Cálculo Diferencial,2026-1,,1,True
3438a63211493ae70923742b,Cálculo Integral,2026-2,,0,False
3438a63211493ae70923742b,Física Mecánica,2026-2,,0,False
3438a63211493ae70923742b,Cálculo Diferencial,2026-1,3.45,1,True
3438a63211493ae70923742b,Fundamentos Matemáticos,2026-1,3.60,0,False
3438a63211493ae70923742b,Geometría Analítica,2026-1,3.73,0,False
9ed37fb8cd8d03a8346f8bf2,Álgebra Lineal,2025-2,,0,False
9ed37fb8cd8d03a8346f8bf2,Cálculo Diferencial,2025-2,,0,False
9ed37fb8cd8d03a8346f8bf2,Fortalecimiento Académico: Matemáticas,2025-2,,0,False
9ed37fb8cd8d03a8346f8bf2,Cálculo Integral,2026-1,,0,False
9ed37fb8cd8d03a8346f8bf2,Fortalecimiento Académico: Matemáticas,2026-1,,0,False
9ed37fb8cd8d03a8346f8bf2,Cálculo Integral,2026-2,,0,False
9ed37fb8cd8d03a8346f8bf2,Física Mecánica,2026-2,,0,False
9ed37fb8cd8d03a8346f8bf2,Álgebra Lineal,2026-1,2.05,0,False
9ed37fb8cd8d03a8346f8bf2,Cálculo Diferencial,2025-2,2.58,0,False
9ed37fb8cd8d03a8346f8bf2,Cálculo Diferencial,2025-2,3.02,0,False
0e8f0ebf705a30e605d603f3,Cálculo Diferencial,2025-2,,0,False
0e8f0ebf705a30e605d603f3,Álgebra Lineal,2026-2,,0,False
0e8f0ebf705a30e605d603f3,Física Mecánica,2026-1,3.00,0,False
0e8f0ebf705a30e605d603f3,Geometría Analítica,2025-2,3.46,0,False
0e8f0ebf705a30e605d603f3,Cálculo Integral,2026-1,3.62,0,False
0e8f0ebf705a30e605d603f3,Cálculo Diferencial,2025-2,3.73,0,False
0e8f0ebf705a30e605d603f3,Fundamentos Matemáticos,2025-2,4.60,0,False
8566af64577de28bfc6139f1,Geometría Analítica,2026-1,,0,False
8566af64577de28bfc6139f1,Cálculo Integral,2026-2,,1,True
8566af64577de28bfc6139f1,Geometría Analítica,2026-2,,0,False
8566af64577de28bfc6139f1,Geometría Analítica,2025-2,2.21,0,False
8566af64577de28bfc6139f1,Cálculo Diferencial,2025-2,2.64,0,False
8566af64577de28bfc6139f1,Cálculo Diferencial,2026-1,3.01,0,False
25d11cf630cef1ba340c4919,Fortalecimiento Académico: Matemáticas,2025-2,,0,False
25d11cf630cef1ba340c4919,Cálculo Vectorial,2026-1,,0,False
25d11cf630cef1ba340c4919,Ecuaciones Diferenciales,2026-2,,0,False
25d11cf630cef1ba340c4919,Electricidad y Magnetismo,2026-2,,1,True
25d11cf630cef1ba340c4919,Cálculo Integral,2025-2,2.84,0,False
25d11cf630cef1ba340c4919,Física Mecánica,2026-1,3.00,0,False
25d11cf630cef1ba340c4919,Fundamentos de Química,2025-2,3.05,0,False
25d11cf630cef1ba340c4919,Álgebra Lineal,2025-2,3.16,0,False
25d11cf630cef1ba340c4919,Cálculo Integral,2025-2,3.76,0,False
a8a3434c5032eaf2545b426d,Electricidad y Magnetismo,2026-2,,0,False
a8a3434c5032eaf2545b426d,Álgebra Lineal,2025-2,3.30,1,True
89d7663cb6617220a302dcbc,Fortalecimiento Académico: Física,2025-2,,0,False
89d7663cb6617220a302dcbc,Electricidad y Magnetismo,2025-2,3.25,0,False
89d7663cb6617220a302dcbc,Ecuaciones Diferenciales,2025-2,4.00,2,True
0c87ae258a834a6b5282642d,Física Mecánica,2026-2,,0,False
0c87ae258a834a6b5282642d,Cálculo Integral,2025-2,1.15,0,False
0c87ae258a834a6b5282642d,Álgebra Lineal,2025-2,1.55,0,False
0c87ae258a834a6b5282642d,Cálculo Integral,2026-1,2.55,0,False
0c87ae258a834a6b5282642d,Álgebra Lineal,2026-1,3.51,1,True
6d5c265941be74fb065dc31f,Ecuaciones Diferenciales,2026-1,3.27,1,True
6d5c265941be74fb065dc31f,Electricidad y Magnetismo,2026-1,3.38,0,False
6d5c265941be74fb065dc31f,Cálculo Vectorial,2026-1,3.56,0,False
6d5c265941be74fb065dc31f,Física Mecánica,2025-2,3.60,0,False
6d5c265941be74fb065dc31f,Álgebra Lineal,2025-2,3.91,0,False
6d5c265941be74fb065dc31f,Cálculo Integral,2025-2,4.04,0,False
2f039b8073232c65295d1152,Cálculo Diferencial,2026-1,,0,False
2f039b8073232c65295d1152,Cálculo Diferencial,2026-2,,0,False
73bdddfde646a7dec2b7ad10,Cálculo Integral,2025-2,,0,False
73bdddfde646a7dec2b7ad10,Física Mecánica,2025-2,0.84,0,False
73bdddfde646a7dec2b7ad10,Cálculo Integral,2025-2,3.61,0,False
73bdddfde646a7dec2b7ad10,Física Mecánica,2026-1,3.72,0,False
a1a2f0885019466d13a3226e,Cálculo Integral,2026-2,,0,False
a1a2f0885019466d13a3226e,Geometría Analítica,2026-2,,0,False
a1a2f0885019466d13a3226e,Cálculo Diferencial,2026-1,3.04,0,False
a1a2f0885019466d13a3226e,Fundamentos Matemáticos,2026-1,3.87,0,False
641c01fcbe02d949ff586412,Fortalecimiento Académico: Matemáticas,2026-1,,0,False
60fb04a75f401cd61033f063,Fundamentos de Química,2026-1,,0,False
60fb04a75f401cd61033f063,Cálculo Integral,2026-2,,0,False
60fb04a75f401cd61033f063,Física Mecánica,2026-2,,0,False
60fb04a75f401cd61033f063,Fortalecimiento Académico: Matemáticas,2026-2,,0,False
60fb04a75f401cd61033f063,Cálculo Diferencial,2026-1,3.54,1,True
60fb04a75f401cd61033f063,Geometría Analítica,2026-1,4.21,0,False
60fb04a75f401cd61033f063,Fundamentos Matemáticos,2026-1,4.52,0,False
d17a433e510eeaef7928664d,Cálculo Diferencial,2026-1,,0,False
d17a433e510eeaef7928664d,Cálculo Diferencial,2026-2,,0,False
d17a433e510eeaef7928664d,Geometría Analítica,2026-2,,0,False
d17a433e510eeaef7928664d,Fundamentos Matemáticos,2026-1,3.50,0,False
dc981697ec53cb4d4c89586f,Física Mecánica,2026-1,3.36,0,False
dc981697ec53cb4d4c89586f,Geometría Analítica,2025-2,3.56,0,False
dc981697ec53cb4d4c89586f,Álgebra Lineal,2026-1,3.57,1,True
dc981697ec53cb4d4c89586f,Cálculo Integral,2025-2,4.30,1,True
e35881d3e39d3844496b7777,Cálculo Vectorial,2026-2,,0,False
e35881d3e39d3844496b7777,Electricidad y Magnetismo,2026-1,3.41,0,False
e35881d3e39d3844496b7777,Ecuaciones Diferenciales,2026-1,3.86,0,False
e35881d3e39d3844496b7777,Cálculo Integral,2025-2,3.87,3,True
e35881d3e39d3844496b7777,Física Mecánica,2025-2,3.98,0,False
e35881d3e39d3844496b7777,Fundamentos de Química,2025-2,4.02,0,False
e35881d3e39d3844496b7777,Geometría Analítica,2025-2,4.58,0,False
e35881d3e39d3844496b7777,Álgebra Lineal,2026-1,4.86,0,False
f3fc9ee666dbe631da728a6b,Geometría Analítica,2026-1,3.00,0,False
0020630fb7f8e0289bc36c34,Fundamentos Matemáticos,2026-1,,0,False
0020630fb7f8e0289bc36c34,Álgebra Lineal,2026-2,,0,False
0020630fb7f8e0289bc36c34,Cálculo Integral,2026-2,,0,False
0020630fb7f8e0289bc36c34,Fortalecimiento Académico: Matemáticas,2026-2,,0,False
0020630fb7f8e0289bc36c34,Geometría Analítica,2026-1,3.75,3,True
0020630fb7f8e0289bc36c34,Fundamentos de Química,2026-1,3.84,0,False
0020630fb7f8e0289bc36c34,Cálculo Diferencial,2026-1,4.08,0,False
0020630fb7f8e0289bc36c34,Fundamentos Matemáticos,2026-1,4.68,0,False
7c3008b437a073ba08eda91f,Cálculo Integral,2026-2,,0,False
7c3008b437a073ba08eda91f,Física Mecánica,2026-2,,0,False
7c3008b437a073ba08eda91f,Fundamentos Matemáticos,2026-1,3.54,0,False
7c3008b437a073ba08eda91f,Geometría Analítica,2026-1,3.98,0,False
7c3008b437a073ba08eda91f,Cálculo Diferencial,2026-1,4.68,0,False
b80ed913b5ce6eb8c69b8b34,Física Mecánica,2026-1,,0,False
b80ed913b5ce6eb8c69b8b34,Cálculo Integral,2026-2,,0,False
b80ed913b5ce6eb8c69b8b34,Cálculo Integral,2025-2,2.37,0,False
b80ed913b5ce6eb8c69b8b34,Geometría Analítica,2025-2,3.42,0,False
20ad3676077b2104fb7b14d4,Cálculo Diferencial,2026-1,,1,True
20ad3676077b2104fb7b14d4,Fortalecimiento Académico: Matemáticas,2026-1,,0,False
20ad3676077b2104fb7b14d4,Geometría Analítica,2026-1,,2,True
20ad3676077b2104fb7b14d4,Cálculo Integral,2026-2,,1,True
20ad3676077b2104fb7b14d4,Fortalecimiento Académico: Matemáticas,2026-2,,0,False
20ad3676077b2104fb7b14d4,Geometría Analítica,2026-2,,0,False
20ad3676077b2104fb7b14d4,Fundamentos de Química,2026-1,3.40,0,False
20ad3676077b2104fb7b14d4,Cálculo Diferencial,2026-1,3.83,1,True
c48fd1323aa8150ea215d7c4,Cálculo Integral,2026-2,,0,False
c48fd1323aa8150ea215d7c4,Geometría Analítica,2026-2,,0,False
c48fd1323aa8150ea215d7c4,Cálculo Diferencial,2026-1,3.01,0,False
c48fd1323aa8150ea215d7c4,Fundamentos Matemáticos,2026-1,3.71,0,False
bff45ea674673e776d063447,Fortalecimiento Académico: Matemáticas,2026-2,,0,False
7eae3c37849c60f0e9ee8000,Cálculo Diferencial,2026-1,,0,False
7eae3c37849c60f0e9ee8000,Geometría Analítica,2026-1,,0,False
7eae3c37849c60f0e9ee8000,Fundamentos de Química,2026-1,1.90,0,False
008312897bdf52e5d2448e41,Cálculo Integral,2026-2,,0,False
008312897bdf52e5d2448e41,Geometría Analítica,2026-2,,0,False
008312897bdf52e5d2448e41,Cálculo Diferencial,2026-1,3.05,1,True
008312897bdf52e5d2448e41,Fundamentos Matemáticos,2026-1,3.51,0,False
9d4d3584c793a22755427531,Física Mecánica,2025-2,,0,False
9d4d3584c793a22755427531,Álgebra Lineal,2026-2,,0,False
9d4d3584c793a22755427531,Cálculo Integral,2025-2,3.10,0,False
05c25874d92eab137952b2a9,Cálculo Diferencial,2026-2,,0,False
05c25874d92eab137952b2a9,Geometría Analítica,2026-2,,0,False
dd161968c615885bbc6f7329,Fortalecimiento Académico: Matemáticas,2026-1,,0,False
c90d5c5c9a803efb7734ad15,Electricidad y Magnetismo,2025-2,3.70,0,False
9931cabdb607d56a07445879,Cálculo Diferencial,2026-2,,1,True
9931cabdb607d56a07445879,Geometría Analítica,2026-2,,1,True
d27ee11374185bb3f6fbd2f3,Fundamentos Matemáticos,2026-1,3.51,0,False
f5567de0c66cba5d6c6cb5b9,Cálculo Vectorial,2026-2,,0,False
f5567de0c66cba5d6c6cb5b9,Cálculo Integral,2025-2,2.68,3,True
f5567de0c66cba5d6c6cb5b9,Electricidad y Magnetismo,2026-1,2.69,0,False
f5567de0c66cba5d6c6cb5b9,Álgebra Lineal,2025-2,3.00,0,False
f5567de0c66cba5d6c6cb5b9,Cálculo Integral,2026-1,3.04,0,False
b5a853924412ae18a316c19e,Geometría Analítica,2026-1,,0,False
334e0289ff85a280613b8b46,Cálculo Diferencial,2026-1,,0,False
334e0289ff85a280613b8b46,Fundamentos de Química,2026-1,,0,False
334e0289ff85a280613b8b46,Geometría Analítica,2026-1,,0,False
233982125628fafa58933c0e,Cálculo Diferencial,2026-1,,0,False
233982125628fafa58933c0e,Geometría Analítica,2026-1,,0,False
5b5a4869765e6dd68087a536,Fortalecimiento Académico: Matemáticas,2026-1,,0,False
e09c8486274e76eabb87571c,Cálculo Integral,2026-2,,0,False
e09c8486274e76eabb87571c,Física Mecánica,2026-2,,0,False
e09c8486274e76eabb87571c,Geometría Analítica,2026-1,3.49,0,False
e09c8486274e76eabb87571c,Cálculo Diferencial,2026-1,3.59,0,False
2b9aa747f362e7ea1fa904d3,Fortalecimiento Académico: Matemáticas,2025-2,,0,False
2b9aa747f362e7ea1fa904d3,Cálculo Integral,2026-2,,0,False
2b9aa747f362e7ea1fa904d3,Cálculo Diferencial,2025-2,2.69,0,False
2b9aa747f362e7ea1fa904d3,Cálculo Diferencial,2026-1,3.03,0,False
2b9aa747f362e7ea1fa904d3,Geometría Analítica,2025-2,3.89,0,False
774d5d13e5e93906fc6589c7,Cálculo Diferencial,2026-1,,0,False
774d5d13e5e93906fc6589c7,Geometría Analítica,2026-1,,0,False
774d5d13e5e93906fc6589c7,Cálculo Diferencial,2026-2,,0,False
774d5d13e5e93906fc6589c7,Cálculo Diferencial,2026-1,2.40,0,False
774d5d13e5e93906fc6589c7,Geometría Analítica,2026-1,3.25,0,False
774d5d13e5e93906fc6589c7,Fundamentos Matemáticos,2026-1,3.63,0,False
ad879e19dbf1b126ee16ced2,Fortalecimiento Académico: Física,2025-2,,0,False
ad879e19dbf1b126ee16ced2,Álgebra Lineal,2026-2,,0,False
ad879e19dbf1b126ee16ced2,Física Mecánica,2025-2,3.91,1,True
ad879e19dbf1b126ee16ced2,Cálculo Integral,2025-2,4.69,24,True
9f99458c80377ebee32e7215,Cálculo Diferencial,2026-1,,0,False
9f99458c80377ebee32e7215,Cálculo Diferencial,2026-2,,0,False
9f99458c80377ebee32e7215,Geometría Analítica,2026-1,3.54,0,False
9f99458c80377ebee32e7215,Fundamentos Matemáticos,2026-1,3.69,0,False
b3e576683497f6a1e0c4418e,Cálculo Integral,2026-2,,1,True
b3e576683497f6a1e0c4418e,Geometría Analítica,2026-2,,0,False
b3e576683497f6a1e0c4418e,Cálculo Diferencial,2026-1,3.99,1,True
b3e576683497f6a1e0c4418e,Fundamentos Matemáticos,2026-1,5.00,0,False
ec1564f07d5b42eee7c0bba5,Cálculo Integral,2025-2,3.04,3,True
ec1564f07d5b42eee7c0bba5,Física Mecánica,2025-2,3.06,0,False
ec1564f07d5b42eee7c0bba5,Álgebra Lineal,2026-1,4.74,0,False
9083071302f66438070a9327,Álgebra Lineal,2026-2,,2,True
9083071302f66438070a9327,Física Mecánica,2025-2,3.87,1,True
9083071302f66438070a9327,Cálculo Integral,2025-2,4.08,1,True
b21e067a3a4bb1859358479b,Cálculo Diferencial,2026-1,,1,True
b21e067a3a4bb1859358479b,Fortalecimiento Académico: Matemáticas,2026-1,,0,False
b21e067a3a4bb1859358479b,Geometría Analítica,2026-1,,1,True
1d3276dc3ed912c9ce4be3fc,Álgebra Lineal,2026-2,,0,False
1d3276dc3ed912c9ce4be3fc,Cálculo Integral,2025-2,3.00,3,True
1d3276dc3ed912c9ce4be3fc,Física Mecánica,2025-2,3.23,1,True
e374a718278daa5f24aa116d,Álgebra Lineal,2026-2,,0,False
e374a718278daa5f24aa116d,Cálculo Integral,2026-2,,0,False
e374a718278daa5f24aa116d,Física Mecánica,2026-2,,0,False
e374a718278daa5f24aa116d,Fundamentos de Química,2026-2,,0,False
e374a718278daa5f24aa116d,Cálculo Diferencial,2026-1,3.86,4,True
e374a718278daa5f24aa116d,Fundamentos Matemáticos,2026-1,4.16,0,False
e374a718278daa5f24aa116d,Geometría Analítica,2026-1,4.35,1,True
afb7bd7f9362c35e7f93d8dc,Cálculo Diferencial,2026-1,,4,True
afb7bd7f9362c35e7f93d8dc,Geometría Analítica,2026-1,,0,False
afb7bd7f9362c35e7f93d8dc,Cálculo Diferencial,2026-2,,0,False
afb7bd7f9362c35e7f93d8dc,Fortalecimiento Académico: Matemáticas,2026-2,,0,False
afb7bd7f9362c35e7f93d8dc,Fundamentos Matemáticos,2026-1,4.21,0,False
6ac160b62e99164c22b735e0,Fundamentos de Química,2025-2,,0,False
6ac160b62e99164c22b735e0,Física Mecánica,2025-2,2.41,0,False
6ac160b62e99164c22b735e0,Fundamentos de Química,2025-2,2.49,0,False
6ac160b62e99164c22b735e0,Cálculo Integral,2025-2,2.53,0,False
6ac160b62e99164c22b735e0,Cálculo Integral,2026-1,2.79,0,False
6ac160b62e99164c22b735e0,Fundamentos Matemáticos,2026-1,4.14,0,False
81ed5fe858378f5d21e36cae,Cálculo Integral,2025-2,,0,False
81ed5fe858378f5d21e36cae,Física Mecánica,2025-2,,0,False
7b619e284be5ed78cd6d20bd,Cálculo Diferencial,2026-1,,0,False
7b619e284be5ed78cd6d20bd,Álgebra Lineal,2026-2,,0,False
7b619e284be5ed78cd6d20bd,Cálculo Integral,2026-2,,0,False
7b619e284be5ed78cd6d20bd,Física Mecánica,2026-2,,0,False
7b619e284be5ed78cd6d20bd,Geometría Analítica,2026-1,3.50,0,False
7b619e284be5ed78cd6d20bd,Fundamentos de Química,2026-1,3.56,0,False
7b619e284be5ed78cd6d20bd,Cálculo Diferencial,2026-1,3.88,0,False
7b619e284be5ed78cd6d20bd,Fundamentos Matemáticos,2026-1,4.08,0,False
4e0a6e9035063c0f31d22963,Cálculo Diferencial,2025-2,,0,False
4e0a6e9035063c0f31d22963,Cálculo Diferencial,2026-1,,0,False
4e0a6e9035063c0f31d22963,Geometría Analítica,2026-1,,0,False
4e0a6e9035063c0f31d22963,Geometría Analítica,2026-2,,0,False
4e0a6e9035063c0f31d22963,Geometría Analítica,2025-2,2.09,0,False
4fb0e4ce4223ae8496a461fe,Geometría Analítica,2025-2,,0,False
4fb0e4ce4223ae8496a461fe,Cálculo Diferencial,2026-1,,0,False
4fb0e4ce4223ae8496a461fe,Cálculo Diferencial,2025-2,2.29,0,False
489f9ef5d89885cf42ad3810,Fundamentos Matemáticos,2026-1,4.01,0,False
80927b9819f981b1d43c54ad,Álgebra Lineal,2026-2,,0,False
80927b9819f981b1d43c54ad,Cálculo Integral,2026-2,,0,False
80927b9819f981b1d43c54ad,Física Mecánica,2026-2,,0,False
80927b9819f981b1d43c54ad,Fundamentos Matemáticos,2026-1,3.81,0,False
80927b9819f981b1d43c54ad,Fundamentos de Química,2026-1,4.04,0,False
80927b9819f981b1d43c54ad,Geometría Analítica,2026-1,4.09,0,False
80927b9819f981b1d43c54ad,Cálculo Diferencial,2026-1,4.25,1,True
d28e8f806b349812878afcb8,Fortalecimiento Académico: Matemáticas,2026-1,,0,False
b7f0a03b2491b382affb5ad9,Física Mecánica,2026-2,,0,False
b7f0a03b2491b382affb5ad9,Cálculo Integral,2026-1,3.02,3,True
b7f0a03b2491b382affb5ad9,Geometría Analítica,2026-1,3.15,1,True
b7f0a03b2491b382affb5ad9,Cálculo Diferencial,2025-2,3.47,4,True
b7f0a03b2491b382affb5ad9,Fundamentos Matemáticos,2025-2,5.00,0,False
ebc9c052f28e9cd79cebe43f,Fortalecimiento Académico: Física,2026-1,,0,False
ebc9c052f28e9cd79cebe43f,Física Mecánica,2026-1,3.38,0,False
ebc9c052f28e9cd79cebe43f,Cálculo Integral,2025-2,3.58,4,True
ebc9c052f28e9cd79cebe43f,Geometría Analítica,2025-2,4.09,1,True
ebc9c052f28e9cd79cebe43f,Álgebra Lineal,2026-1,4.67,1,True
9d6f7246a5d9df3030a06d91,Cálculo Integral,2026-2,,0,False
9d6f7246a5d9df3030a06d91,Física Mecánica,2026-2,,0,False
9d6f7246a5d9df3030a06d91,Cálculo Diferencial,2026-1,3.76,0,False
9d6f7246a5d9df3030a06d91,Geometría Analítica,2026-1,4.55,0,False
8ba83388720ed610ebda2016,Fundamentos Matemáticos,2026-1,3.53,0,False
6aba14d2c4c4688c53dd290f,Geometría Analítica,2026-1,,0,False
6aba14d2c4c4688c53dd290f,Cálculo Diferencial,2026-2,,0,False
6aba14d2c4c4688c53dd290f,Geometría Analítica,2026-2,,0,False
6aba14d2c4c4688c53dd290f,Cálculo Diferencial,2026-1,2.39,0,False
6aba14d2c4c4688c53dd290f,Fundamentos de Química,2026-1,3.07,0,False
6aba14d2c4c4688c53dd290f,Fundamentos Matemáticos,2026-1,3.61,0,False
f4a0ad8b36a1170c988cceca,Fundamentos de Química,2025-2,,0,False
f4a0ad8b36a1170c988cceca,Cálculo Integral,2026-1,,0,False
f4a0ad8b36a1170c988cceca,Álgebra Lineal,2025-2,2.38,0,False
f4a0ad8b36a1170c988cceca,Cálculo Diferencial,2025-2,3.04,0,False
f4a0ad8b36a1170c988cceca,Fundamentos de Química,2026-1,3.04,1,True
77e91cecadd0e0b50431a08b,Cálculo Diferencial,2026-1,,0,False
77e91cecadd0e0b50431a08b,Cálculo Diferencial,2026-2,,1,True
77e91cecadd0e0b50431a08b,Fundamentos Matemáticos,2026-2,,0,False
77e91cecadd0e0b50431a08b,Fundamentos Matemáticos,2026-1,3.51,0,False
d010ba8fb546cacdf9f3cb70,Fortalecimiento Académico: Matemáticas,2026-1,,0,False
d010ba8fb546cacdf9f3cb70,Cálculo Integral,2026-2,,0,False
d010ba8fb546cacdf9f3cb70,Fortalecimiento Académico: Matemáticas,2026-2,,0,False
d010ba8fb546cacdf9f3cb70,Geometría Analítica,2026-2,,0,False
d010ba8fb546cacdf9f3cb70,Geometría Analítica,2026-1,2.54,5,True
d010ba8fb546cacdf9f3cb70,Fundamentos de Química,2026-1,3.02,0,False
d010ba8fb546cacdf9f3cb70,Cálculo Diferencial,2026-1,3.03,1,True
d010ba8fb546cacdf9f3cb70,Fundamentos Matemáticos,2026-1,3.71,0,False
1c89164cce2db9898100abf3,Álgebra Lineal,2025-2,,0,False
1c89164cce2db9898100abf3,Cálculo Integral,2025-2,1.94,0,False
983ca45581e5bbfe4b1c1713,Fortalecimiento Académico: Matemáticas,2025-2,,0,False
983ca45581e5bbfe4b1c1713,Álgebra Lineal,2026-2,,1,True
983ca45581e5bbfe4b1c1713,Cálculo Integral,2025-2,3.01,0,False
983ca45581e5bbfe4b1c1713,Geometría Analítica,2025-2,3.07,0,False
983ca45581e5bbfe4b1c1713,Física Mecánica,2026-1,3.10,1,True
6daa51cf35987b6a79606934,Cálculo Vectorial,2026-1,,0,False
6daa51cf35987b6a79606934,Electricidad y Magnetismo,2026-2,,0,False
6daa51cf35987b6a79606934,Ecuaciones Diferenciales,2025-2,3.10,3,True
6daa51cf35987b6a79606934,Cálculo Vectorial,2026-1,3.31,0,False
d377e6e5b111d8cd9b82440c,Cálculo Diferencial,2026-1,,0,False
d377e6e5b111d8cd9b82440c,Fortalecimiento Académico: Matemáticas,2026-1,,0,False
d377e6e5b111d8cd9b82440c,Cálculo Diferencial,2026-2,,0,False
d377e6e5b111d8cd9b82440c,Geometría Analítica,2026-1,2.40,0,False
d377e6e5b111d8cd9b82440c,Fundamentos Matemáticos,2026-1,4.10,0,False
49ca6dd72e75068e0a7288c3,Electricidad y Magnetismo,2025-2,3.02,0,False
17b2fffe386d5002cb83368d,Cálculo Integral,2026-2,,0,False
17b2fffe386d5002cb83368d,Física Mecánica,2026-2,,0,False
17b2fffe386d5002cb83368d,Geometría Analítica,2026-1,3.94,0,False
17b2fffe386d5002cb83368d,Cálculo Diferencial,2026-1,4.34,0,False
17b2fffe386d5002cb83368d,Fundamentos Matemáticos,2026-1,4.64,0,False
015390c3df106221590c28c0,Cálculo Integral,2026-2,,0,False
015390c3df106221590c28c0,Cálculo Diferencial,2026-1,4.56,0,False
015390c3df106221590c28c0,Geometría Analítica,2026-1,4.79,0,False
015390c3df106221590c28c0,Fundamentos Matemáticos,2026-1,5.00,0,False
8152fe7ef79e629d72142a92,Física Mecánica,2025-2,2.89,0,False
8152fe7ef79e629d72142a92,Álgebra Lineal,2026-1,3.67,0,False
8152fe7ef79e629d72142a92,Cálculo Integral,2025-2,4.20,0,False
96e456bc592dbbb101397af8,Cálculo Diferencial,2026-2,,1,True
96e456bc592dbbb101397af8,Fortalecimiento Académico: Matemáticas,2026-2,,0,False
96e456bc592dbbb101397af8,Geometría Analítica,2026-2,,0,False
eb64ad5047cb0f6cc5bc6a0a,Cálculo Integral,2025-2,3.52,0,False
eb64ad5047cb0f6cc5bc6a0a,Álgebra Lineal,2026-1,3.94,3,True
e5912540f7c2bee770d537eb,Cálculo Integral,2026-2,,0,False
e5912540f7c2bee770d537eb,Cálculo Diferencial,2026-1,4.16,0,False
e5912540f7c2bee770d537eb,Geometría Analítica,2026-1,4.33,0,False
e5912540f7c2bee770d537eb,Fundamentos Matemáticos,2026-1,4.76,0,False
d92014b2d35fc8a8c6fe7136,Electricidad y Magnetismo,2026-2,,0,False
d92014b2d35fc8a8c6fe7136,Fortalecimiento Académico: Física,2026-2,,0,False
d92014b2d35fc8a8c6fe7136,Ecuaciones Diferenciales,2026-1,3.00,1,True
d92014b2d35fc8a8c6fe7136,Cálculo Vectorial,2026-1,3.01,1,True
d92014b2d35fc8a8c6fe7136,Cálculo Integral,2025-2,3.02,12,True
d92014b2d35fc8a8c6fe7136,Álgebra Lineal,2025-2,3.90,2,True
314f404814dcd114a1dd7f57,Ecuaciones Diferenciales,2026-1,,0,False
314f404814dcd114a1dd7f57,Electricidad y Magnetismo,2026-2,,1,True
314f404814dcd114a1dd7f57,Fundamentos de Química,2025-2,3.01,0,False
314f404814dcd114a1dd7f57,Cálculo Integral,2025-2,3.05,0,False
1dd8222ef9b5c8ed791b0b3a,Fortalecimiento Académico: Matemáticas,2026-2,,0,False
7d5cc990274f04641b955100,Cálculo Diferencial,2026-1,,2,True
7d5cc990274f04641b955100,Álgebra Lineal,2026-2,,0,False
7d5cc990274f04641b955100,Cálculo Integral,2026-2,,1,True
7d5cc990274f04641b955100,Fundamentos de Química,2026-1,3.00,0,False
7d5cc990274f04641b955100,Geometría Analítica,2026-1,3.00,0,False
7d5cc990274f04641b955100,Cálculo Diferencial,2026-1,3.03,2,True
7d5cc990274f04641b955100,Fundamentos Matemáticos,2026-1,3.50,0,False
aaa6a177ce4edfebabc78ea7,Cálculo Diferencial,2026-2,,0,False
aaa6a177ce4edfebabc78ea7,Geometría Analítica,2026-2,,0,False
aaa6a177ce4edfebabc78ea7,Cálculo Diferencial,2026-1,2.50,1,True
aaa6a177ce4edfebabc78ea7,Fundamentos Matemáticos,2026-1,3.64,0,False
da50767737b29de738f4b1d8,Cálculo Diferencial,2026-1,,1,True
da50767737b29de738f4b1d8,Cálculo Integral,2026-2,,2,True
da50767737b29de738f4b1d8,Física Mecánica,2026-2,,0,False
da50767737b29de738f4b1d8,Cálculo Diferencial,2026-1,3.95,1,True
da50767737b29de738f4b1d8,Fundamentos Matemáticos,2026-1,4.24,0,False
da50767737b29de738f4b1d8,Geometría Analítica,2026-1,4.34,0,False
69d594869385af96cadb4ea1,Electricidad y Magnetismo,2026-2,,0,False
4c2e029bd42d911c5b6aba46,Álgebra Lineal,2026-2,,0,False
4c2e029bd42d911c5b6aba46,Cálculo Integral,2026-2,,0,False
4c2e029bd42d911c5b6aba46,Física Mecánica,2026-2,,0,False
4c2e029bd42d911c5b6aba46,Fundamentos de Química,2026-1,4.13,0,False
4c2e029bd42d911c5b6aba46,Geometría Analítica,2026-1,4.62,0,False
4c2e029bd42d911c5b6aba46,Cálculo Diferencial,2026-1,4.82,0,False
4c2e029bd42d911c5b6aba46,Fundamentos Matemáticos,2026-1,4.91,0,False
3c18e9bd7c0881f1736505bf,Electricidad y Magnetismo,2025-2,,0,False
98c13fffca3d2c817bcbf677,Geometría Analítica,2026-2,,0,False
98c13fffca3d2c817bcbf677,Fundamentos Matemáticos,2025-2,5.00,0,False
a258d8e2f6f0d524c472b148,Electricidad y Magnetismo,2026-2,,0,False
bb310d337b35350d14b5692b,Cálculo Vectorial,2025-2,3.03,0,False
560206c1c26bb186816d14c8,Fundamentos Matemáticos,2026-1,4.70,0,False
5c5c8edd0d40ca6b293ade66,Cálculo Vectorial,2026-2,,0,False
5c5c8edd0d40ca6b293ade66,Ecuaciones Diferenciales,2026-2,,0,False
5c5c8edd0d40ca6b293ade66,Electricidad y Magnetismo,2026-2,,0,False
5c5c8edd0d40ca6b293ade66,Cálculo Diferencial,2025-2,3.84,3,True
5c5c8edd0d40ca6b293ade66,Cálculo Integral,2026-1,4.08,1,True
5c5c8edd0d40ca6b293ade66,Geometría Analítica,2025-2,4.22,2,True
5c5c8edd0d40ca6b293ade66,Física Mecánica,2026-1,4.31,0,False
5c5c8edd0d40ca6b293ade66,Álgebra Lineal,2026-1,4.39,1,True
5c5c8edd0d40ca6b293ade66,Fundamentos de Química,2025-2,4.40,0,False
5c5c8edd0d40ca6b293ade66,Fundamentos Matemáticos,2025-2,5.00,0,False
d5871c1340a9690d7414d8a6,Geometría Analítica,2026-2,,0,False
d5871c1340a9690d7414d8a6,Geometría Analítica,2025-2,1.70,0,False
d5871c1340a9690d7414d8a6,Cálculo Integral,2025-2,3.45,0,False
ebcfef8296b610c73ed52412,Fortalecimiento Académico: Matemáticas,2026-2,,0,False
a370e1cea29ee134aa00f576,Electricidad y Magnetismo,2026-2,,0,False
a370e1cea29ee134aa00f576,Fortalecimiento Académico: Física,2026-2,,0,False
b25799edb27d2cfe16bcf98d,Física Mecánica,2026-1,,1,True
b25799edb27d2cfe16bcf98d,Álgebra Lineal,2026-2,,1,True
b25799edb27d2cfe16bcf98d,Electricidad y Magnetismo,2026-2,,0,False
b25799edb27d2cfe16bcf98d,Física Mecánica,2026-2,,0,False
538bcf1cb3a320bd666e7aa8,Electricidad y Magnetismo,2026-1,,0,False
538bcf1cb3a320bd666e7aa8,Electricidad y Magnetismo,2026-2,,0,False
538bcf1cb3a320bd666e7aa8,Álgebra Lineal,2025-2,2.38,0,False
ed1b048d29ac0b378dce4a11,Física Moderna,2026-2,,0,False
ed1b048d29ac0b378dce4a11,Física Moderna,2026-1,2.85,0,False
cec4bedd8cf8282df58ccd3c,Física Mecánica,2026-2,,0,False
cec4bedd8cf8282df58ccd3c,Física Mecánica,2025-2,2.71,0,False
4b2dc949190d40aee6b90165,Fundamentos Matemáticos,2026-1,4.11,0,False
8a436ff83736e9d3b4062727,Electricidad y Magnetismo,2025-2,3.78,0,False
9ca7a51c958cc04bf072d85c,Cálculo Vectorial,2026-1,,0,False
bace4dc5f3607dfa3ba93edd,Álgebra Lineal,2026-2,,0,False
bace4dc5f3607dfa3ba93edd,Física Mecánica,2025-2,3.00,0,False
bace4dc5f3607dfa3ba93edd,Cálculo Integral,2025-2,3.14,0,False
fb0a9ab8277a4fddba8d7cf9,Álgebra Lineal,2026-2,,0,False
fb0a9ab8277a4fddba8d7cf9,Cálculo Integral,2026-2,,0,False
fb0a9ab8277a4fddba8d7cf9,Física Mecánica,2026-2,,0,False
fb0a9ab8277a4fddba8d7cf9,Geometría Analítica,2026-1,4.55,0,False
fb0a9ab8277a4fddba8d7cf9,Cálculo Diferencial,2026-1,4.58,0,False
fb0a9ab8277a4fddba8d7cf9,Fundamentos de Química,2026-1,4.69,0,False
482b54e9521eb2da1175c719,Geometría Analítica,2026-1,1.92,0,False
482b54e9521eb2da1175c719,Cálculo Diferencial,2026-1,2.22,0,False
482b54e9521eb2da1175c719,Fundamentos Matemáticos,2026-1,3.64,0,False
67afecbcc04dacfaa018891b,Ecuaciones Diferenciales,2025-2,,0,False
67afecbcc04dacfaa018891b,Electricidad y Magnetismo,2025-2,,0,False
67afecbcc04dacfaa018891b,Fortalecimiento Académico: Física,2025-2,,0,False
67afecbcc04dacfaa018891b,Cálculo Vectorial,2026-2,,0,False
67afecbcc04dacfaa018891b,Ecuaciones Diferenciales,2026-1,3.06,0,False
214f4014808d6c2a2c14bd18,Fundamentos Matemáticos,2026-2,,0,False
720e1f3ee3aa9d138816fd40,Fortalecimiento Académico: Física,2025-2,,0,False
720e1f3ee3aa9d138816fd40,Fortalecimiento Académico: Matemáticas,2025-2,,0,False
720e1f3ee3aa9d138816fd40,Álgebra Lineal,2026-2,,0,False
720e1f3ee3aa9d138816fd40,Cálculo Integral,2025-2,3.77,3,True
720e1f3ee3aa9d138816fd40,Física Mecánica,2025-2,4.17,3,True
ab8a4c4c2b32044693bf2bec,Electricidad y Magnetismo,2026-2,,0,False
ab8a4c4c2b32044693bf2bec,Física Mecánica,2026-1,3.34,0,False
ab8a4c4c2b32044693bf2bec,Álgebra Lineal,2025-2,3.46,2,True
4c61b09f87d8d150e39cca1c,Electricidad y Magnetismo,2025-2,,1,True
4c61b09f87d8d150e39cca1c,Electricidad y Magnetismo,2026-1,3.30,0,False
177225f16f3a62e103dc7db2,Cálculo Diferencial,2026-1,0.67,0,False
177225f16f3a62e103dc7db2,Geometría Analítica,2025-2,3.00,0,False
177225f16f3a62e103dc7db2,Física Mecánica,2026-1,4.14,0,False
c752a159373b85ef2addc469,Física Moderna,2026-2,,0,False
c752a159373b85ef2addc469,Física Moderna,2026-1,2.84,0,False
ddf614eb75861c4920388a6e,Electricidad y Magnetismo,2025-2,,0,False
ddf614eb75861c4920388a6e,Fortalecimiento Académico: Física,2025-2,,0,False
ddf614eb75861c4920388a6e,Física Moderna,2026-2,,0,False
ddf614eb75861c4920388a6e,Electricidad y Magnetismo,2026-1,3.11,2,True
ddf614eb75861c4920388a6e,Ecuaciones Diferenciales,2025-2,3.17,0,False
ddf614eb75861c4920388a6e,Cálculo Vectorial,2025-2,3.24,1,True
71bc5d6db570c9f501c329e5,Electricidad y Magnetismo,2025-2,,1,True
71bc5d6db570c9f501c329e5,Electricidad y Magnetismo,2026-2,,0,False
a50c855d210ec665787cb018,Cálculo Integral,2026-1,3.47,0,False
d58f44aef82adc40be8a75fa,Física Mecánica,2026-1,3.08,0,False
c7727e22553359af1058141f,Cálculo Diferencial,2026-1,,3,True
c7727e22553359af1058141f,Cálculo Diferencial,2026-2,,4,True
c7727e22553359af1058141f,Fortalecimiento Académico: Matemáticas,2026-2,,0,False
c7727e22553359af1058141f,Geometría Analítica,2026-2,,1,True
c7727e22553359af1058141f,Geometría Analítica,2026-1,2.83,6,True
c7727e22553359af1058141f,Fundamentos de Química,2026-1,3.03,0,False
c7727e22553359af1058141f,Fundamentos Matemáticos,2026-1,4.06,0,False
c82ee2c308bb81abdfa6e241,Cálculo Integral,2026-2,,0,False
c82ee2c308bb81abdfa6e241,Cálculo Diferencial,2025-2,2.84,0,False
c82ee2c308bb81abdfa6e241,Cálculo Diferencial,2026-1,3.04,0,False
966b4e8e036360f1de201dbe,Ecuaciones Diferenciales,2026-1,3.10,0,False
4b105c1c933c6cec01787439,Electricidad y Magnetismo,2026-1,,0,False
4b105c1c933c6cec01787439,Álgebra Lineal,2026-2,,0,False
4b105c1c933c6cec01787439,Física Mecánica,2025-2,4.22,0,False
4b105c1c933c6cec01787439,Cálculo Integral,2025-2,4.75,0,False
9e7f520bfa7a4a7070df0e04,Cálculo Integral,2026-2,,0,False
9e7f520bfa7a4a7070df0e04,Física Mecánica,2026-2,,0,False
9e7f520bfa7a4a7070df0e04,Fundamentos Matemáticos,2026-1,3.50,0,False
9e7f520bfa7a4a7070df0e04,Cálculo Diferencial,2026-1,4.08,1,True
9e7f520bfa7a4a7070df0e04,Geometría Analítica,2026-1,4.38,0,False
3046501a523ffbe3315c3cc8,Electricidad y Magnetismo,2026-2,,0,False
3046501a523ffbe3315c3cc8,Fortalecimiento Académico: Física,2026-2,,0,False
1a217289f60007856f40f14c,Cálculo Diferencial,2026-2,,0,False
1a217289f60007856f40f14c,Geometría Analítica,2026-2,,0,False
66d1bbdb0408f9e95dc49556,Geometría Analítica,2026-1,,1,True
66d1bbdb0408f9e95dc49556,Cálculo Integral,2026-2,,0,False
66d1bbdb0408f9e95dc49556,Fundamentos de Química,2026-2,,0,False
66d1bbdb0408f9e95dc49556,Geometría Analítica,2026-2,,0,False
66d1bbdb0408f9e95dc49556,Cálculo Diferencial,2026-1,3.69,0,False
ed973d995c140e523e4f634e,Cálculo Vectorial,2025-2,,0,False
ed973d995c140e523e4f634e,Ecuaciones Diferenciales,2025-2,,0,False
ed973d995c140e523e4f634e,Física Moderna,2026-2,,0,False
ed973d995c140e523e4f634e,Cálculo Vectorial,2025-2,3.39,0,False
ed973d995c140e523e4f634e,Fundamentos de Química,2026-1,3.98,0,False
ed973d995c140e523e4f634e,Electricidad y Magnetismo,2025-2,4.02,6,True
ed973d995c140e523e4f634e,Ecuaciones Diferenciales,2026-1,4.72,0,False
3e94ba55759706c3d38b7f90,Ecuaciones Diferenciales,2026-1,,2,True
3e94ba55759706c3d38b7f90,Cálculo Vectorial,2026-2,,0,False
3e94ba55759706c3d38b7f90,Ecuaciones Diferenciales,2026-2,,0,False
3e94ba55759706c3d38b7f90,Física Mecánica,2025-2,2.04,0,False
3e94ba55759706c3d38b7f90,Cálculo Integral,2025-2,2.56,0,False
3e94ba55759706c3d38b7f90,Física Mecánica,2026-1,3.00,3,True
3e94ba55759706c3d38b7f90,Álgebra Lineal,2025-2,3.01,0,False
3e94ba55759706c3d38b7f90,Cálculo Integral,2026-1,3.33,2,True
60f8d1c5e8bcd9ac211d07e9,Álgebra Lineal,2026-1,2.90,0,False
60f8d1c5e8bcd9ac211d07e9,Física Mecánica,2026-1,3.19,0,False
60f8d1c5e8bcd9ac211d07e9,Cálculo Integral,2025-2,3.40,1,True
60f8d1c5e8bcd9ac211d07e9,Geometría Analítica,2025-2,3.62,0,False
23a3c53a8a753f456e4403c6,Física Mecánica,2025-2,,0,False
23a3c53a8a753f456e4403c6,Física Mecánica,2026-1,3.82,0,False
423aaba74bff19b43e6cd906,Cálculo Integral,2026-1,,0,False
423aaba74bff19b43e6cd906,Álgebra Lineal,2025-2,3.20,0,False
570916a7f7928632a5abeb69,Física Moderna,2025-2,3.05,0,False
1fb6bbc55324c77e99969cac,Fortalecimiento Académico: Matemáticas,2026-2,,0,False
f9811ecbfaaa107cd7b1d54c,Ecuaciones Diferenciales,2025-2,,0,False
f9811ecbfaaa107cd7b1d54c,Cálculo Vectorial,2026-1,,1,True
f9811ecbfaaa107cd7b1d54c,Cálculo Vectorial,2026-2,,0,False
f9811ecbfaaa107cd7b1d54c,Ecuaciones Diferenciales,2026-1,3.00,0,False
93250755b3b8e46286b35c18,Fortalecimiento Académico: Matemáticas,2026-2,,0,False
86f2e1d29c68c160158bca99,Fortalecimiento Académico: Matemáticas,2025-2,,0,False
a4cfd93738f456d2bd9765c6,Cálculo Integral,2026-1,,0,False
a4cfd93738f456d2bd9765c6,Cálculo Integral,2025-2,0.00,0,False
9b52fb31ae04f8219a74962b,Álgebra Lineal,2025-2,3.94,0,False
4e7c5e8def0384f3ad95e383,Geometría Analítica,2026-1,,0,False
4e7c5e8def0384f3ad95e383,Geometría Analítica,2026-1,2.43,0,False
4e7c5e8def0384f3ad95e383,Fundamentos de Química,2026-1,2.58,0,False
4e7c5e8def0384f3ad95e383,Cálculo Diferencial,2026-1,2.98,0,False
4e7c5e8def0384f3ad95e383,Fundamentos Matemáticos,2026-1,3.94,0,False
cebbf908e84ade09f15c58bb,Física Mecánica,2025-2,3.16,0,False
6d7fdc62b9ec5340c9aa29e4,Cálculo Vectorial,2025-2,,0,False
6d7fdc62b9ec5340c9aa29e4,Electricidad y Magnetismo,2026-2,,0,False
6d7fdc62b9ec5340c9aa29e4,Ecuaciones Diferenciales,2025-2,2.49,0,False
6d7fdc62b9ec5340c9aa29e4,Cálculo Vectorial,2025-2,3.07,0,False
6d7fdc62b9ec5340c9aa29e4,Física Mecánica,2025-2,3.48,0,False
8c595d24226831658fe2a6f9,Fortalecimiento Académico: Matemáticas,2025-2,,0,False
8c595d24226831658fe2a6f9,Cálculo Vectorial,2026-2,,0,False
8c595d24226831658fe2a6f9,Electricidad y Magnetismo,2026-2,,0,False
8c595d24226831658fe2a6f9,Fortalecimiento Académico: Física,2026-2,,0,False
8c595d24226831658fe2a6f9,Física Mecánica,2026-1,3.52,7,True
8c595d24226831658fe2a6f9,Fundamentos de Química,2026-1,3.62,0,False
8c595d24226831658fe2a6f9,Cálculo Diferencial,2025-2,3.81,1,True
8c595d24226831658fe2a6f9,Geometría Analítica,2025-2,3.87,14,True
8c595d24226831658fe2a6f9,Cálculo Integral,2026-1,4.09,1,True
8c595d24226831658fe2a6f9,Fundamentos Matemáticos,2025-2,4.30,0,False
8c595d24226831658fe2a6f9,Álgebra Lineal,2026-1,4.53,1,True
7eab2b7165d6c8327451d6dc,Fortalecimiento Académico: Matemáticas,2026-1,,0,False
37a14cf611c1c1609eb902df,Cálculo Vectorial,2026-1,,0,False
37a14cf611c1c1609eb902df,Cálculo Vectorial,2026-1,3.92,0,False
37a14cf611c1c1609eb902df,Ecuaciones Diferenciales,2026-1,3.95,0,False
9cf4507d2a71fcf2b03a73ce,Fortalecimiento Académico: Física,2025-2,,0,False
9cf4507d2a71fcf2b03a73ce,Física Mecánica,2025-2,3.46,1,True
aca9da38f7b6e0ec33d68b24,Fortalecimiento Académico: Física,2025-2,,0,False
aca9da38f7b6e0ec33d68b24,Álgebra Lineal,2026-2,,0,False
aca9da38f7b6e0ec33d68b24,Cálculo Integral,2025-2,3.40,2,True
aca9da38f7b6e0ec33d68b24,Física Mecánica,2025-2,3.42,1,True
966e281a1a7d144e33cc35f6,Fortalecimiento Académico: Matemáticas,2025-2,,0,False
966e281a1a7d144e33cc35f6,Fortalecimiento Académico: Física,2026-1,,0,False
966e281a1a7d144e33cc35f6,Cálculo Vectorial,2026-2,,0,False
966e281a1a7d144e33cc35f6,Ecuaciones Diferenciales,2026-2,,4,True
966e281a1a7d144e33cc35f6,Física Mecánica,2026-1,3.88,4,True
966e281a1a7d144e33cc35f6,Cálculo Diferencial,2025-2,3.92,1,True
966e281a1a7d144e33cc35f6,Geometría Analítica,2025-2,4.10,2,True
966e281a1a7d144e33cc35f6,Cálculo Integral,2026-1,4.21,3,True
966e281a1a7d144e33cc35f6,Álgebra Lineal,2026-1,4.40,3,True
966e281a1a7d144e33cc35f6,Fundamentos de Química,2025-2,4.82,0,False
966e281a1a7d144e33cc35f6,Fundamentos Matemáticos,2025-2,5.00,0,False
da21aa6ae9b30eb2bdc2433d,Electricidad y Magnetismo,2025-2,3.11,0,False
c31708b98cc3817e9d8d5600,Fundamentos Matemáticos,2026-1,0.00,0,False
d0533af771f9b4c30300bd10,Álgebra Lineal,2026-1,,0,False
d0533af771f9b4c30300bd10,Electricidad y Magnetismo,2026-1,,0,False
d0533af771f9b4c30300bd10,Álgebra Lineal,2026-2,,0,False
d0533af771f9b4c30300bd10,Electricidad y Magnetismo,2026-2,,0,False
2257dbea13fa33c665ec5388,Física Mecánica,2026-1,,0,False
2257dbea13fa33c665ec5388,Álgebra Lineal,2026-2,,0,False
2257dbea13fa33c665ec5388,Fundamentos Matemáticos,2026-2,,0,False
2257dbea13fa33c665ec5388,Álgebra Lineal,2026-1,2.32,0,False
2257dbea13fa33c665ec5388,Álgebra Lineal,2025-2,2.54,0,False
0992914441f212933efabce0,Fundamentos Matemáticos,2026-2,,0,False
f4762e4429a47494d3a1f2d7,Electricidad y Magnetismo,2025-2,3.00,0,False
75cebdf42394eaeeb96e9029,Fortalecimiento Académico: Matemáticas,2026-1,,0,False
75cebdf42394eaeeb96e9029,Ecuaciones Diferenciales,2026-2,,1,True
75cebdf42394eaeeb96e9029,Física Mecánica,2026-1,3.06,2,True
75cebdf42394eaeeb96e9029,Cálculo Diferencial,2025-2,3.19,1,True
75cebdf42394eaeeb96e9029,Fundamentos de Química,2025-2,3.19,1,True
75cebdf42394eaeeb96e9029,Cálculo Integral,2026-1,3.23,20,True
75cebdf42394eaeeb96e9029,Álgebra Lineal,2025-2,3.79,2,True
44f3656cbd462f881a137a4e,Cálculo Diferencial,2026-1,,3,True
44f3656cbd462f881a137a4e,Cálculo Integral,2026-2,,2,True
44f3656cbd462f881a137a4e,Física Mecánica,2026-2,,0,False
44f3656cbd462f881a137a4e,Fortalecimiento Académico: Matemáticas,2026-2,,0,False
44f3656cbd462f881a137a4e,Geometría Analítica,2026-1,3.12,0,False
44f3656cbd462f881a137a4e,Cálculo Diferencial,2026-1,3.53,3,True
44f3656cbd462f881a137a4e,Fundamentos Matemáticos,2026-1,3.79,0,False
c9683f7da02410682d0867b1,Ecuaciones Diferenciales,2025-2,,0,False
c9683f7da02410682d0867b1,Electricidad y Magnetismo,2026-2,,1,True
c9683f7da02410682d0867b1,Ecuaciones Diferenciales,2026-1,2.64,0,False
c9683f7da02410682d0867b1,Física Mecánica,2025-2,3.00,0,False
bc5e9ebdc671c1ee60bdaa14,Cálculo Vectorial,2025-2,1.20,0,False
6670fc3908607a7e7d87f4d4,Cálculo Vectorial,2025-2,3.73,1,True
1b608a9bf8ec9a5a9a005a1b,Electricidad y Magnetismo,2025-2,3.88,0,False
55ddad535c684d7197d7bb28,Fortalecimiento Académico: Matemáticas,2026-1,,0,False
853c1d9dafbbb86a1755b42a,Física Mecánica,2026-1,3.22,0,False
7c1fd9b759bfa1b5a0c72543,Física Mecánica,2025-2,3.08,0,False
860ab516716d8e0f53e9d2d7,Electricidad y Magnetismo,2025-2,,0,False
860ab516716d8e0f53e9d2d7,Ecuaciones Diferenciales,2025-2,1.88,1,True
3e878d0fa96bc8ff3742a411,Física Mecánica,2026-1,,2,True
3e878d0fa96bc8ff3742a411,Álgebra Lineal,2026-2,,0,False
3e878d0fa96bc8ff3742a411,Cálculo Integral,2026-2,,0,False
3e878d0fa96bc8ff3742a411,Fortalecimiento Académico: Matemáticas,2026-2,,0,False
18269a355ffc64ef3e265155,Electricidad y Magnetismo,2025-2,,0,False
3cc07604a13df421e60543dc,Cálculo Vectorial,2026-1,,0,False
3cc07604a13df421e60543dc,Cálculo Vectorial,2026-2,,0,False
3cc07604a13df421e60543dc,Fundamentos Matemáticos,2026-1,3.85,0,False
534cf92a62aa0d06ace0e503,Fundamentos de Química,2026-2,,0,False
534cf92a62aa0d06ace0e503,Cálculo Vectorial,2025-2,1.25,0,False
86a03f79dda6fb17c95fade6,Física Mecánica,2025-2,,0,False
86a03f79dda6fb17c95fade6,Electricidad y Magnetismo,2026-2,,0,False
86a03f79dda6fb17c95fade6,Física Mecánica,2026-1,4.50,0,False
5ed0dfbbfb406c912c76b469,Cálculo Diferencial,2025-2,,0,False
5ed0dfbbfb406c912c76b469,Geometría Analítica,2025-2,,0,False
5ed0dfbbfb406c912c76b469,Geometría Analítica,2026-2,,0,False
5ed0dfbbfb406c912c76b469,Cálculo Diferencial,2026-1,3.05,0,False
7324db1e98bfd0148f0914d3,Cálculo Integral,2026-2,,1,True
7324db1e98bfd0148f0914d3,Fortalecimiento Académico: Matemáticas,2026-2,,0,False
7324db1e98bfd0148f0914d3,Geometría Analítica,2026-2,,0,False
7324db1e98bfd0148f0914d3,Cálculo Diferencial,2026-1,3.06,2,True
7324db1e98bfd0148f0914d3,Fundamentos Matemáticos,2026-1,3.80,0,False
b538af429e215ae542b7b71c,Álgebra Lineal,2026-1,,0,False
b3612358137d10dfc58d2b5f,Cálculo Integral,2025-2,,1,True
b3612358137d10dfc58d2b5f,Fortalecimiento Académico: Matemáticas,2025-2,,0,False
b3612358137d10dfc58d2b5f,Fortalecimiento Académico: Física,2026-1,,0,False
b3612358137d10dfc58d2b5f,Física Mecánica,2026-1,3.03,1,True
b3612358137d10dfc58d2b5f,Cálculo Integral,2025-2,3.12,1,True
b3612358137d10dfc58d2b5f,Geometría Analítica,2025-2,3.12,1,True
b3612358137d10dfc58d2b5f,Álgebra Lineal,2026-1,3.23,2,True
b9d9ddf0689848a2abfcf4d2,Electricidad y Magnetismo,2026-2,,0,False
b9d9ddf0689848a2abfcf4d2,Fundamentos Matemáticos,2026-1,3.51,1,True
b9d9ddf0689848a2abfcf4d2,Ecuaciones Diferenciales,2026-1,4.90,0,False
aa372debf7a3cf899566c5ae,Ecuaciones Diferenciales,2026-1,2.31,0,False
aa372debf7a3cf899566c5ae,Ecuaciones Diferenciales,2026-1,4.90,0,False
c32dff6045337ac827440951,Electricidad y Magnetismo,2026-2,,0,False
b422153a3a29ae5fb62d9f35,Fortalecimiento Académico: Matemáticas,2026-2,,0,False
da6a1592b59f9e73019c2b1d,Cálculo Diferencial,2025-2,,0,False
da6a1592b59f9e73019c2b1d,Geometría Analítica,2025-2,,0,False
da6a1592b59f9e73019c2b1d,Cálculo Integral,2026-2,,0,False
da6a1592b59f9e73019c2b1d,Física Mecánica,2026-2,,0,False
da6a1592b59f9e73019c2b1d,Cálculo Diferencial,2025-2,2.56,0,False
da6a1592b59f9e73019c2b1d,Geometría Analítica,2026-1,3.24,0,False
da6a1592b59f9e73019c2b1d,Cálculo Diferencial,2026-1,3.46,0,False
da6a1592b59f9e73019c2b1d,Fundamentos Matemáticos,2026-1,3.50,0,False
65fd533046dc78605b5eec62,Fortalecimiento Académico: Matemáticas,2025-2,,0,False
65fd533046dc78605b5eec62,Fortalecimiento Académico: Matemáticas,2026-2,,0,False
d99ca0a25c80e2bc9c8df74d,Cálculo Integral,2026-1,,0,False
d99ca0a25c80e2bc9c8df74d,Geometría Analítica,2026-1,,0,False
d99ca0a25c80e2bc9c8df74d,Cálculo Integral,2026-2,,0,False
d99ca0a25c80e2bc9c8df74d,Cálculo Diferencial,2025-2,3.09,2,True
d99ca0a25c80e2bc9c8df74d,Fundamentos Matemáticos,2025-2,4.15,0,False
2e5cfac78b850b684f973bd9,Fortalecimiento Académico: Matemáticas,2026-1,,0,False
d358fc9ccdc6887ace8673e3,Fortalecimiento Académico: Matemáticas,2026-1,,0,False
d358fc9ccdc6887ace8673e3,Cálculo Integral,2026-2,,0,False
d358fc9ccdc6887ace8673e3,Física Mecánica,2026-2,,0,False
d358fc9ccdc6887ace8673e3,Cálculo Diferencial,2026-1,3.52,3,True
d358fc9ccdc6887ace8673e3,Geometría Analítica,2026-1,3.84,0,False
d358fc9ccdc6887ace8673e3,Fundamentos Matemáticos,2026-1,3.90,0,False
06a098c0caf846c842f437fe,Fortalecimiento Académico: Matemáticas,2025-2,,0,False
06a098c0caf846c842f437fe,Fortalecimiento Académico: Física,2026-1,,0,False
06a098c0caf846c842f437fe,Física Mecánica,2026-1,3.16,1,True
06a098c0caf846c842f437fe,Álgebra Lineal,2026-1,3.40,2,True
06a098c0caf846c842f437fe,Geometría Analítica,2025-2,3.60,1,True
06a098c0caf846c842f437fe,Cálculo Integral,2025-2,4.15,1,True
60a71c81871f4a03ceebd26b,Electricidad y Magnetismo,2025-2,,0,False
60a71c81871f4a03ceebd26b,Electricidad y Magnetismo,2026-2,,1,True
45c390665b21235ad33a517d,Cálculo Vectorial,2025-2,,0,False
45c390665b21235ad33a517d,Ecuaciones Diferenciales,2025-2,,0,False
45c390665b21235ad33a517d,Electricidad y Magnetismo,2025-2,,0,False
45c390665b21235ad33a517d,Cálculo Vectorial,2026-1,,0,False
45c390665b21235ad33a517d,Electricidad y Magnetismo,2026-1,,0,False
45c390665b21235ad33a517d,Electricidad y Magnetismo,2026-2,,0,False
45c390665b21235ad33a517d,Ecuaciones Diferenciales,2026-1,3.02,0,False
18adabb5d76cffca9d204294,Física Moderna,2025-2,4.21,0,False
7aa774a33fec5e6c26a088a1,Álgebra Lineal,2026-2,,0,False
7aa774a33fec5e6c26a088a1,Cálculo Integral,2026-1,3.22,0,False
7aa774a33fec5e6c26a088a1,Cálculo Diferencial,2025-2,3.55,0,False
7aa774a33fec5e6c26a088a1,Física Mecánica,2026-1,3.92,0,False
882ad8650ed93776c187faab,Cálculo Diferencial,2026-2,,0,False
882ad8650ed93776c187faab,Fundamentos de Química,2026-2,,0,False
882ad8650ed93776c187faab,Geometría Analítica,2026-2,,0,False
c51a5cb8be40680e55cbe3e1,Ecuaciones Diferenciales,2026-2,,0,False
c51a5cb8be40680e55cbe3e1,Electricidad y Magnetismo,2026-2,,0,False
c51a5cb8be40680e55cbe3e1,Cálculo Vectorial,2026-1,2.15,0,False
c51a5cb8be40680e55cbe3e1,Álgebra Lineal,2025-2,3.51,0,False
c51a5cb8be40680e55cbe3e1,Cálculo Integral,2025-2,3.77,0,False
e2a5c14efb7e8b640e4fc12a,Electricidad y Magnetismo,2025-2,,0,False
b916c51d74da1bfeb27229d9,Álgebra Lineal,2025-2,,1,True
b916c51d74da1bfeb27229d9,Física Mecánica,2025-2,,0,False
b916c51d74da1bfeb27229d9,Fundamentos de Química,2025-2,,0,False
b916c51d74da1bfeb27229d9,Fortalecimiento Académico: Matemáticas,2026-2,,0,False
b916c51d74da1bfeb27229d9,Cálculo Integral,2025-2,0.78,0,False
cd9c93df4eb702daab0c5f40,Física Moderna,2026-2,,0,False
cd9c93df4eb702daab0c5f40,Cálculo Vectorial,2025-2,3.56,0,False
38bd2b50ebee05dfe5667d4c,Ecuaciones Diferenciales,2026-2,,1,True
38bd2b50ebee05dfe5667d4c,Electricidad y Magnetismo,2026-2,,0,False
38bd2b50ebee05dfe5667d4c,Cálculo Integral,2025-2,2.89,1,True
38bd2b50ebee05dfe5667d4c,Cálculo Vectorial,2026-1,3.01,0,False
38bd2b50ebee05dfe5667d4c,Álgebra Lineal,2025-2,4.13,2,True
38bd2b50ebee05dfe5667d4c,Cálculo Integral,2025-2,4.66,1,True
5b81cead5de58cdf65b96d55,Electricidad y Magnetismo,2025-2,3.11,0,False
e96784131f628fcc80982ec5,Ecuaciones Diferenciales,2026-1,,0,False
e96784131f628fcc80982ec5,Fortalecimiento Académico: Física,2026-1,,0,False
e96784131f628fcc80982ec5,Electricidad y Magnetismo,2026-1,3.00,4,True
e96784131f628fcc80982ec5,Ecuaciones Diferenciales,2026-1,4.50,0,False
5592c2a8d2ac22327e8b2136,Física Mecánica,2025-2,,0,False
dd1e5f36579e247005008a7a,Cálculo Integral,2025-2,,0,False
dd1e5f36579e247005008a7a,Física Mecánica,2025-2,,0,False
dd1e5f36579e247005008a7a,Cálculo Integral,2026-1,,0,False
dd1e5f36579e247005008a7a,Álgebra Lineal,2026-2,,0,False
dd1e5f36579e247005008a7a,Física Mecánica,2026-2,,0,False
dd1e5f36579e247005008a7a,Física Mecánica,2026-1,2.80,0,False
dd1e5f36579e247005008a7a,Cálculo Integral,2026-1,3.07,0,False
cef1a791fa4d0f3c747fb987,Geometría Analítica,2026-2,,0,False
cef1a791fa4d0f3c747fb987,Fundamentos Matemáticos,2026-1,4.82,0,False
60ae474d6669e3084880f1f4,Cálculo Diferencial,2026-1,,2,True
60ae474d6669e3084880f1f4,Geometría Analítica,2026-1,,0,False
60ae474d6669e3084880f1f4,Álgebra Lineal,2026-2,,0,False
60ae474d6669e3084880f1f4,Fundamentos de Química,2026-2,,0,False
60ae474d6669e3084880f1f4,Cálculo Diferencial,2026-1,3.07,2,True
60ae474d6669e3084880f1f4,Geometría Analítica,2026-1,3.08,0,False
60ae474d6669e3084880f1f4,Fundamentos Matemáticos,2026-1,3.80,0,False
d0201727fc2295bec250f29c,Electricidad y Magnetismo,2025-2,,0,False
d0201727fc2295bec250f29c,Electricidad y Magnetismo,2025-2,3.24,0,False
d0201727fc2295bec250f29c,Ecuaciones Diferenciales,2025-2,3.31,1,True
269ee98b24e08a56de62de14,Ecuaciones Diferenciales,2026-1,,2,True
269ee98b24e08a56de62de14,Ecuaciones Diferenciales,2025-2,0.30,0,False
269ee98b24e08a56de62de14,Ecuaciones Diferenciales,2025-2,1.65,0,False
269ee98b24e08a56de62de14,Ecuaciones Diferenciales,2026-1,4.90,2,True
76132d2a5c83eae337d99a25,Cálculo Integral,2026-1,1.69,7,True
76132d2a5c83eae337d99a25,Cálculo Integral,2025-2,2.38,2,True
76132d2a5c83eae337d99a25,Cálculo Integral,2026-1,3.00,7,True
c5b9e41de4dc5532e602922a,Ecuaciones Diferenciales,2025-2,3.00,1,True
c72866048ea0a93cd5affef6,Electricidad y Magnetismo,2025-2,3.38,0,False
6f697c09e778ca246160c3a0,Cálculo Vectorial,2025-2,,0,False
6f697c09e778ca246160c3a0,Cálculo Vectorial,2025-2,3.09,0,False
a72f9a9046daa90a82b3e996,Electricidad y Magnetismo,2026-2,,0,False
4b6eda4246f62060c6f9768d,Física Moderna,2025-2,3.48,0,False
30481da453fb167a088e3933,Cálculo Diferencial,2026-1,,3,True
30481da453fb167a088e3933,Cálculo Diferencial,2026-2,,0,False
30481da453fb167a088e3933,Fundamentos de Química,2026-2,,0,False
30481da453fb167a088e3933,Geometría Analítica,2026-2,,0,False
30481da453fb167a088e3933,Cálculo Diferencial,2026-1,1.68,3,True
30481da453fb167a088e3933,Geometría Analítica,2026-1,2.01,1,True
30481da453fb167a088e3933,Fundamentos de Química,2026-1,2.55,0,False
30481da453fb167a088e3933,Fundamentos Matemáticos,2026-1,3.59,0,False
a41a85f75e27656611869c42,Fundamentos Matemáticos,2026-2,,0,False
e6bd308002b4774c5161f22f,Álgebra Lineal,2025-2,,0,False
e6bd308002b4774c5161f22f,Electricidad y Magnetismo,2025-2,,0,False
e6bd308002b4774c5161f22f,Álgebra Lineal,2025-2,3.70,0,False
e6bd308002b4774c5161f22f,Electricidad y Magnetismo,2025-2,3.90,0,False
c3d153da3baf2f634e731b75,Electricidad y Magnetismo,2026-1,,0,False
c3d153da3baf2f634e731b75,Ecuaciones Diferenciales,2026-2,,0,False
c3d153da3baf2f634e731b75,Fundamentos Matemáticos,2026-2,,0,False
c44c21c4607b7b891ddd3d47,Electricidad y Magnetismo,2025-2,,0,False
c847eaf979613b41b4cc60b2,Física Moderna,2026-1,2.65,0,False
c847eaf979613b41b4cc60b2,Ecuaciones Diferenciales,2025-2,2.83,0,False
c847eaf979613b41b4cc60b2,Cálculo Vectorial,2026-1,2.85,0,False
c847eaf979613b41b4cc60b2,Ecuaciones Diferenciales,2025-2,3.00,0,False
c847eaf979613b41b4cc60b2,Electricidad y Magnetismo,2025-2,3.00,0,False
c847eaf979613b41b4cc60b2,Cálculo Vectorial,2026-1,3.13,0,False
261f4fc56d2f24b379e3c3bd,Cálculo Vectorial,2025-2,,0,False
261f4fc56d2f24b379e3c3bd,Física Moderna,2025-2,,0,False
261f4fc56d2f24b379e3c3bd,Cálculo Vectorial,2026-1,,0,False
261f4fc56d2f24b379e3c3bd,Física Moderna,2026-1,,0,False
261f4fc56d2f24b379e3c3bd,Cálculo Vectorial,2026-2,,0,False
261f4fc56d2f24b379e3c3bd,Física Moderna,2026-2,,0,False
261f4fc56d2f24b379e3c3bd,Fundamentos de Química,2026-2,,0,False
e024caf245efa6f82b3a8460,Fundamentos de Química,2026-2,,0,False
e024caf245efa6f82b3a8460,Geometría Analítica,2026-2,,0,False
e024caf245efa6f82b3a8460,Fundamentos de Química,2025-2,2.30,0,False
74a3fbecd1046df69485861b,Electricidad y Magnetismo,2025-2,,0,False
74a3fbecd1046df69485861b,Electricidad y Magnetismo,2025-2,3.87,0,False
7fe5c5183275f2a3183f4408,Electricidad y Magnetismo,2025-2,,0,False
7fe5c5183275f2a3183f4408,Electricidad y Magnetismo,2026-2,,0,False
6a7f8c6de04d7d811067b723,Cálculo Integral,2026-2,,2,True
6a7f8c6de04d7d811067b723,Física Mecánica,2026-2,,0,False
6a7f8c6de04d7d811067b723,Geometría Analítica,2026-1,3.26,0,False
6a7f8c6de04d7d811067b723,Cálculo Diferencial,2026-1,3.41,1,True
6a7f8c6de04d7d811067b723,Fundamentos Matemáticos,2026-1,3.57,0,False
4bc37f6d14f72bd19dcbea16,Cálculo Diferencial,2026-1,,0,False
4bc37f6d14f72bd19dcbea16,Fundamentos Matemáticos,2026-1,,1,True
4bc37f6d14f72bd19dcbea16,Álgebra Lineal,2026-2,,0,False
4bc37f6d14f72bd19dcbea16,Cálculo Integral,2026-2,,0,False
4bc37f6d14f72bd19dcbea16,Física Mecánica,2026-2,,0,False
4bc37f6d14f72bd19dcbea16,Fortalecimiento Académico: Matemáticas,2026-2,,0,False
4bc37f6d14f72bd19dcbea16,Fundamentos de Química,2026-2,,0,False
4bc37f6d14f72bd19dcbea16,Fundamentos Matemáticos,2026-1,3.29,1,True
4bc37f6d14f72bd19dcbea16,Cálculo Diferencial,2026-1,3.35,0,False
4bc37f6d14f72bd19dcbea16,Geometría Analítica,2026-1,3.50,0,False
d0d065a7f5d0a7d6a1875004,Fortalecimiento Académico: Matemáticas,2026-2,,0,False
61c6c852439d18dde131d754,Cálculo Integral,2025-2,2.83,0,False
f5eff3c8144df3bb01f30194,Álgebra Lineal,2026-1,,0,False
f5eff3c8144df3bb01f30194,Álgebra Lineal,2026-2,,0,False
f5eff3c8144df3bb01f30194,Álgebra Lineal,2025-2,2.76,0,False
2866af284ed68722c321cc4d,Fortalecimiento Académico: Matemáticas,2026-1,,0,False
8be5ca2cbeb7802c3a68c2af,Cálculo Vectorial,2026-2,,0,False
8be5ca2cbeb7802c3a68c2af,Cálculo Vectorial,2026-1,2.39,1,True
8be5ca2cbeb7802c3a68c2af,Cálculo Vectorial,2026-1,2.63,1,True
f0c819c1f745347b867def5f,Geometría Analítica,2025-2,,0,False
2c7dceef539bc560c7c44bcb,Física Mecánica,2026-2,,0,False
c4ff453379397e0e75e5908c,Física Mecánica,2026-1,,0,False
dfda99a25102dfb7e5eb61df,Cálculo Integral,2026-1,,0,False
dfda99a25102dfb7e5eb61df,Cálculo Integral,2026-2,,0,False
dfda99a25102dfb7e5eb61df,Física Mecánica,2026-2,,0,False
dfda99a25102dfb7e5eb61df,Geometría Analítica,2025-2,2.27,0,False
dfda99a25102dfb7e5eb61df,Geometría Analítica,2026-1,3.16,0,False
dfda99a25102dfb7e5eb61df,Cálculo Diferencial,2025-2,3.25,0,False
03af8b92a6c6f1db7351ea01,Fortalecimiento Académico: Matemáticas,2026-1,,0,False
c17aebb217f0643ad40765d2,Álgebra Lineal,2025-2,,0,False
c17aebb217f0643ad40765d2,Electricidad y Magnetismo,2025-2,,0,False
c17aebb217f0643ad40765d2,Fortalecimiento Académico: Matemáticas,2025-2,,0,False
c17aebb217f0643ad40765d2,Álgebra Lineal,2026-1,,0,False
0c6946e20f95325bc08fe227,Cálculo Vectorial,2025-2,0.17,0,False
5f442b6cec7014478a35461c,Fundamentos Matemáticos,2025-2,,0,False
5f442b6cec7014478a35461c,Ecuaciones Diferenciales,2026-1,,0,False
5f442b6cec7014478a35461c,Electricidad y Magnetismo,2026-1,,0,False
5f442b6cec7014478a35461c,Cálculo Vectorial,2026-2,,0,False
5f442b6cec7014478a35461c,Electricidad y Magnetismo,2026-2,,0,False
5f442b6cec7014478a35461c,Fundamentos Matemáticos,2026-2,,0,False
5f442b6cec7014478a35461c,Física Mecánica,2025-2,3.03,0,False
5f442b6cec7014478a35461c,Ecuaciones Diferenciales,2026-1,4.90,0,False
fa0aeb9f142a5af6ff23a1de,Cálculo Vectorial,2025-2,4.85,0,False
811438400b1c99cf8993ba88,Cálculo Vectorial,2026-1,,0,False
811438400b1c99cf8993ba88,Cálculo Vectorial,2026-1,3.00,0,False
0bce502ad9dea509f5a2690a,Cálculo Diferencial,2025-2,,0,False
498b7d7b395f9955ec681c12,Cálculo Vectorial,2026-1,4.20,0,False
23a533633716b6e4f42e3974,Geometría Analítica,2026-1,,1,True
23a533633716b6e4f42e3974,Cálculo Integral,2026-2,,0,False
23a533633716b6e4f42e3974,Geometría Analítica,2026-2,,0,False
23a533633716b6e4f42e3974,Cálculo Diferencial,2026-1,3.02,0,False
23a533633716b6e4f42e3974,Fundamentos Matemáticos,2026-1,3.79,0,False
e0f45b7c9cee2b10b2ae9531,Electricidad y Magnetismo,2026-1,4.02,0,False
34adf80362ededd088d9a42a,Cálculo Integral,2026-1,,0,False
34adf80362ededd088d9a42a,Cálculo Integral,2026-1,3.01,0,False
14414e2d0ddad366b5de3b4e,Fortalecimiento Académico: Matemáticas,2026-1,,0,False
dd219c71add7aa3abb236f4c,Electricidad y Magnetismo,2025-2,3.58,1,True
dd219c71add7aa3abb236f4c,Álgebra Lineal,2025-2,3.92,0,False
5ce295cd37e81775197ff4c1,Electricidad y Magnetismo,2026-2,,0,False
5ce295cd37e81775197ff4c1,Fundamentos de Química,2026-2,,0,False
996583958788cdafb8edbfcc,Fortalecimiento Académico: Matemáticas,2026-2,,0,False
c018eed7726780751a209891,Ecuaciones Diferenciales,2026-2,,0,False
c018eed7726780751a209891,Electricidad y Magnetismo,2026-2,,0,False
c018eed7726780751a209891,Cálculo Integral,2026-1,3.14,1,True
c018eed7726780751a209891,Álgebra Lineal,2025-2,3.20,0,False
c018eed7726780751a209891,Cálculo Diferencial,2025-2,3.52,0,False
c018eed7726780751a209891,Física Mecánica,2026-1,3.53,0,False
46f09704df0cbd84938bfd68,Cálculo Vectorial,2025-2,,0,False
46f09704df0cbd84938bfd68,Cálculo Vectorial,2025-2,3.00,0,False
b47d9dd026d8ad8ae2062a3a,Electricidad y Magnetismo,2026-2,,0,False
b47d9dd026d8ad8ae2062a3a,Física Mecánica,2026-1,3.20,0,False
33387b3d0286ec4121ac0457,Cálculo Diferencial,2025-2,,0,False
33387b3d0286ec4121ac0457,Fundamentos de Química,2025-2,,0,False
33387b3d0286ec4121ac0457,Geometría Analítica,2025-2,,0,False
33387b3d0286ec4121ac0457,Geometría Analítica,2025-2,0.00,0,False
33387b3d0286ec4121ac0457,Cálculo Diferencial,2025-2,0.01,0,False
33387b3d0286ec4121ac0457,Fundamentos de Química,2025-2,0.16,0,False
aa3025bb2bebc66e41804862,Cálculo Integral,2026-1,,0,False
aa3025bb2bebc66e41804862,Cálculo Integral,2026-2,,0,False
aa3025bb2bebc66e41804862,Fortalecimiento Académico: Matemáticas,2026-2,,0,False
aa3025bb2bebc66e41804862,Física Mecánica,2025-2,3.03,0,False
a10018e52c5197a5eb8d091b,Cálculo Vectorial,2025-2,,0,False
a10018e52c5197a5eb8d091b,Electricidad y Magnetismo,2026-2,,0,False
a10018e52c5197a5eb8d091b,Cálculo Vectorial,2026-1,3.05,1,True
b92a44448c62c9f26e880e59,Cálculo Integral,2025-2,,0,False
b92a44448c62c9f26e880e59,Cálculo Vectorial,2026-2,,0,False
b92a44448c62c9f26e880e59,Ecuaciones Diferenciales,2026-2,,0,False
b92a44448c62c9f26e880e59,Física Mecánica,2025-2,2.72,0,False
b92a44448c62c9f26e880e59,Cálculo Integral,2026-1,3.03,0,False
b92a44448c62c9f26e880e59,Física Mecánica,2026-1,3.52,0,False
b92a44448c62c9f26e880e59,Electricidad y Magnetismo,2026-1,3.80,0,False
3a3011e6ca4752a32dd1d58c,Cálculo Integral,2025-2,,0,False
3a3011e6ca4752a32dd1d58c,Física Mecánica,2025-2,,0,False
3a3011e6ca4752a32dd1d58c,Cálculo Integral,2026-1,,0,False
3a3011e6ca4752a32dd1d58c,Física Mecánica,2026-1,,0,False
3a3011e6ca4752a32dd1d58c,Álgebra Lineal,2026-2,,0,False
3a3011e6ca4752a32dd1d58c,Cálculo Integral,2026-2,,0,False
3a3011e6ca4752a32dd1d58c,Fundamentos Matemáticos,2026-2,,0,False
3a3011e6ca4752a32dd1d58c,Álgebra Lineal,2026-1,0.80,0,False
3a3011e6ca4752a32dd1d58c,Cálculo Integral,2026-1,2.08,0,False
080a4f69ab343302fd6ccb08,Fortalecimiento Académico: Matemáticas,2025-2,,0,False
080a4f69ab343302fd6ccb08,Cálculo Diferencial,2026-1,,0,False
080a4f69ab343302fd6ccb08,Álgebra Lineal,2026-2,,0,False
080a4f69ab343302fd6ccb08,Cálculo Diferencial,2026-2,,0,False
080a4f69ab343302fd6ccb08,Geometría Analítica,2025-2,1.81,0,False
080a4f69ab343302fd6ccb08,Cálculo Diferencial,2025-2,1.82,0,False
080a4f69ab343302fd6ccb08,Fundamentos de Química,2025-2,1.85,0,False
080a4f69ab343302fd6ccb08,Cálculo Diferencial,2026-1,2.52,0,False
080a4f69ab343302fd6ccb08,Fundamentos Matemáticos,2025-2,3.01,0,False
080a4f69ab343302fd6ccb08,Fundamentos de Química,2026-1,3.04,0,False
080a4f69ab343302fd6ccb08,Geometría Analítica,2026-1,3.29,0,False
5a1cb67722d69688908fea36,Álgebra Lineal,2025-2,3.23,0,False
4ea91f15a8c80dbe28931c4e,Cálculo Vectorial,2025-2,3.44,3,True
1f8400df152f315147d003d8,Cálculo Vectorial,2026-1,,0,False
d40826caf9f46ea9d7665d35,Electricidad y Magnetismo,2025-2,3.07,0,False
9b6fc29a885f403c2aa6f9de,Cálculo Diferencial,2025-2,,0,False
9b6fc29a885f403c2aa6f9de,Fortalecimiento Académico: Matemáticas,2025-2,,0,False
9b6fc29a885f403c2aa6f9de,Geometría Analítica,2025-2,,0,False
9b6fc29a885f403c2aa6f9de,Cálculo Diferencial,2026-1,0.00,0,False
020ae1047deed62f90b8073b,Electricidad y Magnetismo,2026-1,,0,False
020ae1047deed62f90b8073b,Electricidad y Magnetismo,2026-2,,0,False
020ae1047deed62f90b8073b,Cálculo Vectorial,2025-2,3.00,0,False
020ae1047deed62f90b8073b,Fundamentos de Química,2025-2,3.27,0,False
aae5bac89a39369e093025a8,Fortalecimiento Académico: Matemáticas,2025-2,,0,False
aae5bac89a39369e093025a8,Geometría Analítica,2025-2,,0,False
aae5bac89a39369e093025a8,Geometría Analítica,2026-1,,0,False
aae5bac89a39369e093025a8,Geometría Analítica,2026-2,,0,False
aae5bac89a39369e093025a8,Fundamentos de Química,2025-2,3.08,0,False
c867ca8a6a1246eae2b0eb3c,Álgebra Lineal,2025-2,,1,True
c867ca8a6a1246eae2b0eb3c,Álgebra Lineal,2025-2,0.00,1,True
47f14fcc58c022e382973439,Electricidad y Magnetismo,2025-2,,0,False
47f14fcc58c022e382973439,Electricidad y Magnetismo,2025-2,4.05,0,False
e56dcfcb76a3d4b5200f58af,Cálculo Integral,2025-2,,0,False
e56dcfcb76a3d4b5200f58af,Cálculo Integral,2026-1,,0,False
e56dcfcb76a3d4b5200f58af,Cálculo Integral,2026-1,3.04,0,False
b81755fea4e0dd294d821fc8,Física Mecánica,2026-1,0.58,1,True
8394480177c35b3d3331120e,Cálculo Vectorial,2026-1,,0,False
8394480177c35b3d3331120e,Cálculo Vectorial,2026-1,3.00,0,False
a894ed801e28948def3f03df,Electricidad y Magnetismo,2026-1,,0,False
a894ed801e28948def3f03df,Electricidad y Magnetismo,2026-2,,0,False
a894ed801e28948def3f03df,Fortalecimiento Académico: Física,2026-2,,0,False
b0ad8ae031cc1604e3d55a90,Fortalecimiento Académico: Física,2026-1,,0,False
b0ad8ae031cc1604e3d55a90,Álgebra Lineal,2026-2,,0,False
b0ad8ae031cc1604e3d55a90,Física Mecánica,2025-2,3.54,1,True
b0ad8ae031cc1604e3d55a90,Cálculo Integral,2025-2,3.66,5,True
b0ad8ae031cc1604e3d55a90,Electricidad y Magnetismo,2026-1,3.73,0,False
4a048e0a03ba2d6cec062028,Ecuaciones Diferenciales,2026-2,,0,False
9d15e900d304b6e6b71ee5ff,Fundamentos Matemáticos,2025-2,,0,False
9d15e900d304b6e6b71ee5ff,Fundamentos Matemáticos,2025-2,4.25,0,False
799b342255addeece1353845,Cálculo Vectorial,2026-1,,0,False
799b342255addeece1353845,Álgebra Lineal,2026-2,,0,False
799b342255addeece1353845,Electricidad y Magnetismo,2026-2,,0,False
799b342255addeece1353845,Fortalecimiento Académico: Física,2026-2,,0,False
799b342255addeece1353845,Álgebra Lineal,2025-2,2.47,0,False
5a5832ebb2c5386624e9357e,Ecuaciones Diferenciales,2025-2,,0,False
5a5832ebb2c5386624e9357e,Electricidad y Magnetismo,2025-2,,0,False
5a5832ebb2c5386624e9357e,Cálculo Vectorial,2026-2,,0,False
5a5832ebb2c5386624e9357e,Electricidad y Magnetismo,2025-2,2.30,0,False
5a5832ebb2c5386624e9357e,Electricidad y Magnetismo,2026-1,3.10,0,False
d129cc08ac454450ea333c6f,Álgebra Lineal,2026-1,3.03,1,True
e6e48981a5b8c1c41519b720,Electricidad y Magnetismo,2026-2,,0,False
91ef2a33bff7127cf0c7282b,Cálculo Diferencial,2026-2,,0,False
91ef2a33bff7127cf0c7282b,Geometría Analítica,2026-1,4.20,0,False
e92edbf375868f7756fc9a5f,Cálculo Diferencial,2026-2,,0,False
e92edbf375868f7756fc9a5f,Fortalecimiento Académico: Matemáticas,2026-2,,0,False
e92edbf375868f7756fc9a5f,Geometría Analítica,2026-2,,0,False
c20b5d8329892c4367af4cef,Cálculo Integral,2025-2,,2,True
c20b5d8329892c4367af4cef,Fortalecimiento Académico: Matemáticas,2025-2,,0,False
c20b5d8329892c4367af4cef,Álgebra Lineal,2026-1,,0,False
88912f060e47deb81d260ad6,Electricidad y Magnetismo,2025-2,3.19,0,False
88912f060e47deb81d260ad6,Fundamentos Matemáticos,2025-2,3.42,0,False
97359169b48187334409c1d1,Fundamentos Matemáticos,2026-2,,0,False
0c7bfde2ee1ae017bb84669b,Fundamentos Matemáticos,2026-2,,0,False
cb9825bd0e99373dab46dde6,Electricidad y Magnetismo,2025-2,4.02,0,False
caae18b4b30e2ed1a35f5e44,Electricidad y Magnetismo,2026-2,,0,False
caae18b4b30e2ed1a35f5e44,Electricidad y Magnetismo,2025-2,2.40,0,False
94a37dadba5675b2674df7b9,Cálculo Integral,2026-1,,0,False
94a37dadba5675b2674df7b9,Electricidad y Magnetismo,2026-1,,0,False
94a37dadba5675b2674df7b9,Cálculo Integral,2026-2,,0,False
94a37dadba5675b2674df7b9,Cálculo Integral,2025-2,2.54,0,False
c0229b3708233d0ed0ab7e59,Cálculo Vectorial,2026-2,,0,False
2702616a4af7fd3ab77e1d84,Cálculo Vectorial,2025-2,,0,False
2702616a4af7fd3ab77e1d84,Cálculo Vectorial,2026-1,3.03,0,False
4148fd6bc4c5398a8f25575e,Física Mecánica,2026-1,,0,False
4148fd6bc4c5398a8f25575e,Álgebra Lineal,2026-2,,0,False
4148fd6bc4c5398a8f25575e,Cálculo Integral,2026-1,3.06,1,True
4148fd6bc4c5398a8f25575e,Cálculo Diferencial,2025-2,3.15,0,False
c8a43caefd31181195c90890,Electricidad y Magnetismo,2025-2,3.80,0,False
2af285477afb372cc12c7d1a,Electricidad y Magnetismo,2026-1,,0,False
2af285477afb372cc12c7d1a,Ecuaciones Diferenciales,2026-2,,0,False
2af285477afb372cc12c7d1a,Electricidad y Magnetismo,2026-2,,0,False
1f037f82e3d20f7147675723,Física Mecánica,2026-1,,0,False
1f037f82e3d20f7147675723,Física Mecánica,2026-2,,0,False
1f037f82e3d20f7147675723,Álgebra Lineal,2025-2,3.48,2,True
b0491b456b3e4ea5d5206abb,Cálculo Vectorial,2025-2,,0,False
b0491b456b3e4ea5d5206abb,Electricidad y Magnetismo,2025-2,,0,False
b0491b456b3e4ea5d5206abb,Electricidad y Magnetismo,2026-1,,0,False
b0491b456b3e4ea5d5206abb,Cálculo Vectorial,2026-2,,0,False
b0491b456b3e4ea5d5206abb,Física Moderna,2026-2,,0,False
b0491b456b3e4ea5d5206abb,Cálculo Vectorial,2026-1,1.32,0,False
b0491b456b3e4ea5d5206abb,Electricidad y Magnetismo,2026-1,3.06,0,False
b7a6ed540ec063c48a7c3726,Cálculo Integral,2026-2,,0,False
b7a6ed540ec063c48a7c3726,Física Mecánica,2026-2,,0,False
b7a6ed540ec063c48a7c3726,Cálculo Diferencial,2026-1,3.45,1,True
b7a6ed540ec063c48a7c3726,Geometría Analítica,2026-1,3.63,1,True
b7a6ed540ec063c48a7c3726,Fundamentos Matemáticos,2026-1,4.07,0,False
158736091c534f9722cafa3e,Cálculo Vectorial,2025-2,4.50,0,False
8d318a7ef00ca849487900f2,Álgebra Lineal,2026-1,,0,False
8d318a7ef00ca849487900f2,Cálculo Integral,2026-1,,0,False
8d318a7ef00ca849487900f2,Cálculo Integral,2026-2,,0,False
43230fcf69f5945d18514537,Cálculo Integral,2026-2,,0,False
dbbd20ee44365d1ed72719ca,Física Moderna,2025-2,3.33,0,False
777b8f84bc792ebe74889050,Electricidad y Magnetismo,2025-2,3.84,0,False
1b93188ee2ce1a928ce3e3d6,Física Mecánica,2026-1,3.00,0,False
1b93188ee2ce1a928ce3e3d6,Cálculo Diferencial,2025-2,3.13,0,False
1b93188ee2ce1a928ce3e3d6,Álgebra Lineal,2026-1,3.76,0,False
67bf32f9e05237d6d3c79a19,Cálculo Vectorial,2025-2,,0,False
67bf32f9e05237d6d3c79a19,Ecuaciones Diferenciales,2025-2,,0,False
67bf32f9e05237d6d3c79a19,Electricidad y Magnetismo,2025-2,,0,False
cd60d15e241acc36f012d62d,Cálculo Diferencial,2025-2,,0,False
cd60d15e241acc36f012d62d,Fundamentos de Química,2025-2,,0,False
cd60d15e241acc36f012d62d,Fundamentos Matemáticos,2025-2,,0,False
eb4a1ead95d4607cfcfb607f,Fortalecimiento Académico: Matemáticas,2026-1,,0,False
7744b2d0d1ef9e27455c4d6d,Cálculo Diferencial,2026-2,,0,False
7744b2d0d1ef9e27455c4d6d,Física Mecánica,2026-2,,0,False
7744b2d0d1ef9e27455c4d6d,Física Mecánica,2026-1,1.65,0,False
7744b2d0d1ef9e27455c4d6d,Geometría Analítica,2025-2,3.54,0,False
0ecfcfb05e89ae151566548f,Fortalecimiento Académico: Matemáticas,2026-1,,0,False
0ecfcfb05e89ae151566548f,Cálculo Integral,2025-2,2.26,23,True
0ecfcfb05e89ae151566548f,Cálculo Integral,2026-1,3.73,24,True
a8b3ec259afbebef4a48ab17,Electricidad y Magnetismo,2026-2,,0,False
a8b3ec259afbebef4a48ab17,Electricidad y Magnetismo,2026-1,1.12,0,False
a8b3ec259afbebef4a48ab17,Cálculo Vectorial,2025-2,3.25,1,True
a8b3ec259afbebef4a48ab17,Ecuaciones Diferenciales,2025-2,3.60,1,True
a8b3ec259afbebef4a48ab17,Fundamentos Matemáticos,2026-2,3.60,0,False
b236d8db2d4f3616001a84d8,Electricidad y Magnetismo,2025-2,,0,False
b236d8db2d4f3616001a84d8,Fortalecimiento Académico: Física,2026-1,,0,False
b236d8db2d4f3616001a84d8,Electricidad y Magnetismo,2026-2,,0,False
b236d8db2d4f3616001a84d8,Fortalecimiento Académico: Física,2026-2,,0,False
b236d8db2d4f3616001a84d8,Electricidad y Magnetismo,2026-1,2.42,1,True
df4f21b52b1d9cfca867cc94,Cálculo Vectorial,2026-1,,1,True
df4f21b52b1d9cfca867cc94,Electricidad y Magnetismo,2026-1,,1,True
fb938b1606281fe5e36423a5,Fortalecimiento Académico: Física,2025-2,,0,False
fb938b1606281fe5e36423a5,Física Mecánica,2025-2,3.23,0,False
09ad57b48568c3505c668d1c,Ecuaciones Diferenciales,2026-2,,1,True
483d98a0b40dd29882a0fb9b,Física Mecánica,2026-1,,0,False
2eb0db5c7b561fdaf7803063,Álgebra Lineal,2025-2,,0,False
2eb0db5c7b561fdaf7803063,Física Mecánica,2025-2,,0,False
a79a3e7a941744477826b16e,Geometría Analítica,2026-1,,0,False
a79a3e7a941744477826b16e,Geometría Analítica,2026-2,,0,False
a79a3e7a941744477826b16e,Fundamentos de Química,2025-2,3.27,0,False
86b8ce04cd2a94af2e5f9275,Cálculo Vectorial,2025-2,,0,False
86b8ce04cd2a94af2e5f9275,Cálculo Vectorial,2026-1,,0,False
86b8ce04cd2a94af2e5f9275,Cálculo Vectorial,2026-1,3.44,0,False
6f36c42b3d9f220e1e2200bb,Álgebra Lineal,2026-2,,0,False
6f36c42b3d9f220e1e2200bb,Física Mecánica,2025-2,2.41,0,False
6f36c42b3d9f220e1e2200bb,Álgebra Lineal,2025-2,2.54,1,True
6f36c42b3d9f220e1e2200bb,Física Mecánica,2025-2,3.08,0,False
6f36c42b3d9f220e1e2200bb,Electricidad y Magnetismo,2026-1,4.63,0,False
c9bffead67020926502b16f6,Cálculo Vectorial,2026-1,3.46,0,False
c9bffead67020926502b16f6,Electricidad y Magnetismo,2025-2,3.80,0,False
c9bffead67020926502b16f6,Ecuaciones Diferenciales,2026-1,4.90,0,False
5cbf0bb598d915493cc6b3a3,Física Mecánica,2026-1,2.21,0,False
7ab7baf74f3e5d4ccd339b19,Fortalecimiento Académico: Física,2026-1,,0,False
7ab7baf74f3e5d4ccd339b19,Física Mecánica,2026-2,,0,False
7ab7baf74f3e5d4ccd339b19,Fortalecimiento Académico: Matemáticas,2026-2,,0,False
7ab7baf74f3e5d4ccd339b19,Álgebra Lineal,2026-1,3.53,1,True
43e5a9e3c0a59cbe8aebc1b4,Álgebra Lineal,2026-2,,0,False
9bac1f9cb7c83c4bdaeabdd6,Cálculo Vectorial,2025-2,,0,False
9bac1f9cb7c83c4bdaeabdd6,Cálculo Vectorial,2026-1,,1,True
9bac1f9cb7c83c4bdaeabdd6,Cálculo Vectorial,2026-2,,0,False
a04d5c49dd1aa13dd57127aa,Electricidad y Magnetismo,2026-2,,0,False
a04d5c49dd1aa13dd57127aa,Álgebra Lineal,2026-1,3.02,0,False
a04d5c49dd1aa13dd57127aa,Cálculo Integral,2025-2,3.42,0,False
a04d5c49dd1aa13dd57127aa,Física Mecánica,2026-1,4.19,0,False
2468ab158296050b100da3fc,Fortalecimiento Académico: Matemáticas,2026-2,,0,False
2bfd27f9636af9e26d7794ca,Álgebra Lineal,2025-2,4.62,0,False
601796c96bc994626b0caf96,Álgebra Lineal,2026-1,4.12,0,False
0af552e4e3247db67b4f7ff1,Física Mecánica,2025-2,,0,False
0af552e4e3247db67b4f7ff1,Ecuaciones Diferenciales,2026-1,,0,False
0af552e4e3247db67b4f7ff1,Electricidad y Magnetismo,2026-2,,0,False
0af552e4e3247db67b4f7ff1,Física Mecánica,2026-1,3.30,0,False
0af552e4e3247db67b4f7ff1,Ecuaciones Diferenciales,2026-1,5.00,0,False
74fdf96b2a4689222d41298a,Fortalecimiento Académico: Matemáticas,2025-2,,0,False
74fdf96b2a4689222d41298a,Fortalecimiento Académico: Matemáticas,2026-1,,0,False
74fdf96b2a4689222d41298a,Álgebra Lineal,2026-2,,1,True
74fdf96b2a4689222d41298a,Física Mecánica,2026-2,,0,False
74fdf96b2a4689222d41298a,Cálculo Diferencial,2025-2,3.48,2,True
74fdf96b2a4689222d41298a,Geometría Analítica,2025-2,3.63,1,True
74fdf96b2a4689222d41298a,Cálculo Integral,2026-1,3.71,4,True
02f4cd520b5207e478d4a6c2,Electricidad y Magnetismo,2026-1,,0,False
02f4cd520b5207e478d4a6c2,Fortalecimiento Académico: Física,2026-1,,0,False
02f4cd520b5207e478d4a6c2,Electricidad y Magnetismo,2026-2,,0,False
02f4cd520b5207e478d4a6c2,Álgebra Lineal,2025-2,4.80,0,False
59db1d4971f2ef304f039e3b,Geometría Analítica,2025-2,,0,False
59db1d4971f2ef304f039e3b,Cálculo Integral,2026-1,3.18,0,False
78be8e82232b337aedbb31fa,Electricidad y Magnetismo,2026-1,,1,True
78be8e82232b337aedbb31fa,Electricidad y Magnetismo,2026-2,,0,False
78be8e82232b337aedbb31fa,Física Mecánica,2025-2,3.94,0,False
fe77fa7877b84c504e327688,Electricidad y Magnetismo,2026-2,,0,False
0b3edc97142b23373cdd85da,Electricidad y Magnetismo,2025-2,,0,False
0b3edc97142b23373cdd85da,Electricidad y Magnetismo,2025-2,3.14,0,False
8e3557d31ce337aea1bae078,Álgebra Lineal,2025-2,,0,False
8e3557d31ce337aea1bae078,Cálculo Integral,2026-1,,0,False
8e3557d31ce337aea1bae078,Álgebra Lineal,2026-2,,0,False
b59252fffdb6bdb3c6ab9313,Cálculo Integral,2025-2,,0,False
b59252fffdb6bdb3c6ab9313,Física Mecánica,2025-2,,1,True
b59252fffdb6bdb3c6ab9313,Fortalecimiento Académico: Matemáticas,2025-2,,0,False
14a4bb071088501cf301e0c0,Álgebra Lineal,2025-2,,0,False
9db851763eb65e3c48550221,Física Moderna,2025-2,3.01,0,False
de332e540c08f53caa9df3df,Cálculo Vectorial,2025-2,,1,True
de332e540c08f53caa9df3df,Cálculo Vectorial,2026-1,,1,True
de332e540c08f53caa9df3df,Cálculo Vectorial,2026-2,,0,False
6bb5974eaef97b667759ce2c,Fortalecimiento Académico: Física,2025-2,,0,False
6bb5974eaef97b667759ce2c,Ecuaciones Diferenciales,2026-2,,0,False
6bb5974eaef97b667759ce2c,Electricidad y Magnetismo,2025-2,3.08,0,False
6bb5974eaef97b667759ce2c,Álgebra Lineal,2026-1,3.76,0,False
f1de6f9191430fc08201cacf,Física Mecánica,2026-1,,0,False
f1de6f9191430fc08201cacf,Fortalecimiento Académico: Matemáticas,2026-1,,0,False
f1de6f9191430fc08201cacf,Cálculo Integral,2026-2,,0,False
f1de6f9191430fc08201cacf,Física Mecánica,2026-2,,0,False
f1de6f9191430fc08201cacf,Física Mecánica,2025-2,0.11,0,False
f1de6f9191430fc08201cacf,Cálculo Integral,2026-1,1.10,0,False
f1de6f9191430fc08201cacf,Cálculo Integral,2025-2,1.11,2,True
f1de6f9191430fc08201cacf,Fundamentos Matemáticos,2025-2,1.17,0,False
a99de91e8d91e78bda959209,Fortalecimiento Académico: Física,2025-2,,0,False
a99de91e8d91e78bda959209,Ecuaciones Diferenciales,2026-1,3.16,0,False
a99de91e8d91e78bda959209,Electricidad y Magnetismo,2025-2,3.28,1,True
789d00b9e8e4ebb3768ba2be,Ecuaciones Diferenciales,2025-2,,0,False
789d00b9e8e4ebb3768ba2be,Cálculo Integral,2026-1,,0,False
789d00b9e8e4ebb3768ba2be,Ecuaciones Diferenciales,2026-1,,0,False
789d00b9e8e4ebb3768ba2be,Geometría Analítica,2026-1,,0,False
789d00b9e8e4ebb3768ba2be,Cálculo Vectorial,2026-1,0.00,0,False
789d00b9e8e4ebb3768ba2be,Física Mecánica,2026-1,1.48,0,False
789d00b9e8e4ebb3768ba2be,Ecuaciones Diferenciales,2026-1,4.90,0,False
6a91b8ffd9e336605792d8e6,Fundamentos de Química,2025-2,3.80,0,False
f3c623c92e4b61678f01f851,Electricidad y Magnetismo,2026-2,,0,False
f3c623c92e4b61678f01f851,Electricidad y Magnetismo,2026-1,1.97,0,False
f3c623c92e4b61678f01f851,Cálculo Vectorial,2026-1,2.68,0,False
0487c4b1e6cc0100be2b2099,Cálculo Diferencial,2026-1,,0,False
0487c4b1e6cc0100be2b2099,Fundamentos Matemáticos,2026-1,,0,False
0487c4b1e6cc0100be2b2099,Geometría Analítica,2026-1,,0,False
d303d2b41eac3f9229a78094,Fortalecimiento Académico: Matemáticas,2025-2,,0,False
d303d2b41eac3f9229a78094,Física Mecánica,2026-1,,0,False
d303d2b41eac3f9229a78094,Cálculo Integral,2025-2,3.02,4,True
90b1e954a1c877a5b4fa933f,Fortalecimiento Académico: Física,2025-2,,0,False
90b1e954a1c877a5b4fa933f,Fortalecimiento Académico: Física,2026-1,,0,False
90b1e954a1c877a5b4fa933f,Electricidad y Magnetismo,2026-1,3.60,0,False
4d9ffbad063d7d9bdefeb5f9,Electricidad y Magnetismo,2026-2,,0,False
4d9ffbad063d7d9bdefeb5f9,Cálculo Vectorial,2026-1,3.10,0,False
4d9ffbad063d7d9bdefeb5f9,Ecuaciones Diferenciales,2026-1,3.12,0,False
4d9ffbad063d7d9bdefeb5f9,Cálculo Integral,2025-2,3.68,2,True
4d9ffbad063d7d9bdefeb5f9,Álgebra Lineal,2025-2,3.87,0,False
4d9ffbad063d7d9bdefeb5f9,Fundamentos Matemáticos,2025-2,4.80,0,False
5283a625c74a9e6b49f18a6f,Física Mecánica,2025-2,,1,True
5283a625c74a9e6b49f18a6f,Física Mecánica,2026-1,3.25,0,False
d190808baacac7bf063ac640,Cálculo Integral,2025-2,,3,True
d190808baacac7bf063ac640,Fortalecimiento Académico: Física,2025-2,,0,False
d190808baacac7bf063ac640,Cálculo Vectorial,2026-2,,0,False
d190808baacac7bf063ac640,Cálculo Vectorial,2026-1,2.71,0,False
d190808baacac7bf063ac640,Álgebra Lineal,2025-2,3.00,1,True
d190808baacac7bf063ac640,Física Mecánica,2025-2,3.12,2,True
d190808baacac7bf063ac640,Ecuaciones Diferenciales,2026-1,3.28,1,True
d190808baacac7bf063ac640,Cálculo Integral,2025-2,4.11,3,True
c7febb17702fdb365a0e317d,Fortalecimiento Académico: Matemáticas,2025-2,,0,False
c7febb17702fdb365a0e317d,Física Mecánica,2026-1,,0,False
c7febb17702fdb365a0e317d,Fortalecimiento Académico: Matemáticas,2026-1,,0,False
c7febb17702fdb365a0e317d,Cálculo Integral,2026-2,,0,False
c7febb17702fdb365a0e317d,Física Mecánica,2026-2,,0,False
c7febb17702fdb365a0e317d,Fundamentos Matemáticos,2025-2,1.15,0,False
c7febb17702fdb365a0e317d,Cálculo Integral,2026-1,1.74,0,False
c7febb17702fdb365a0e317d,Cálculo Diferencial,2025-2,2.13,1,True
c7febb17702fdb365a0e317d,Cálculo Diferencial,2025-2,3.06,1,True
45b8caab41a410842b2f4673,Electricidad y Magnetismo,2025-2,,1,True
45b8caab41a410842b2f4673,Electricidad y Magnetismo,2026-2,,0,False
45b8caab41a410842b2f4673,Electricidad y Magnetismo,2026-1,2.52,0,False
7e886c0001815694d71f94dc,Fundamentos Matemáticos,2025-2,4.77,0,False
a175ac7122fcc5bec2c1f453,Cálculo Integral,2025-2,2.66,1,True
a175ac7122fcc5bec2c1f453,Álgebra Lineal,2025-2,3.65,1,True
a175ac7122fcc5bec2c1f453,Cálculo Integral,2025-2,4.49,1,True
97f0f39579f5b509e084617a,Álgebra Lineal,2025-2,,0,False
97f0f39579f5b509e084617a,Física Mecánica,2025-2,,0,False
97f0f39579f5b509e084617a,Electricidad y Magnetismo,2026-2,,0,False
97f0f39579f5b509e084617a,Física Mecánica,2026-1,3.00,0,False
f735a4b3283608fdd1133257,Física Moderna,2025-2,,0,False
f735a4b3283608fdd1133257,Ecuaciones Diferenciales,2026-1,,0,False
f735a4b3283608fdd1133257,Física Moderna,2026-1,3.00,0,False
4218877a47c8351a2935482d,Cálculo Vectorial,2026-2,,0,False
4218877a47c8351a2935482d,Ecuaciones Diferenciales,2026-1,2.82,3,True
60c8876657e5820c14dbc84b,Cálculo Diferencial,2025-2,,0,False
60c8876657e5820c14dbc84b,Geometría Analítica,2025-2,,0,False
60c8876657e5820c14dbc84b,Cálculo Diferencial,2026-1,,0,False
60c8876657e5820c14dbc84b,Geometría Analítica,2026-1,,0,False
60c8876657e5820c14dbc84b,Cálculo Diferencial,2026-2,,0,False
60c8876657e5820c14dbc84b,Geometría Analítica,2026-2,,0,False
fe99d21593ced5865207af0c,Fundamentos Matemáticos,2026-2,,0,False
fe99d21593ced5865207af0c,Ecuaciones Diferenciales,2026-1,3.10,1,True
fe99d21593ced5865207af0c,Electricidad y Magnetismo,2025-2,3.68,2,True
fbbd69ac7eab7a9362626d3b,Cálculo Diferencial,2025-2,,0,False
fbbd69ac7eab7a9362626d3b,Álgebra Lineal,2026-1,,0,False
fbbd69ac7eab7a9362626d3b,Cálculo Diferencial,2026-1,,0,False
fbbd69ac7eab7a9362626d3b,Cálculo Diferencial,2026-2,,0,False
fbbd69ac7eab7a9362626d3b,Física Mecánica,2026-2,,0,False
fbbd69ac7eab7a9362626d3b,Cálculo Diferencial,2026-1,2.64,0,False
ee7eea86cf52e3ec97fa5b88,Física Mecánica,2026-1,3.16,0,False
28812e90c200eca9164bbb66,Álgebra Lineal,2026-2,,0,False
28812e90c200eca9164bbb66,Cálculo Vectorial,2026-2,,0,False
28812e90c200eca9164bbb66,Cálculo Vectorial,2026-1,1.75,0,False
28812e90c200eca9164bbb66,Álgebra Lineal,2025-2,2.72,0,False
28812e90c200eca9164bbb66,Cálculo Integral,2025-2,3.00,0,False
b1082f205f1a255af5142232,Ecuaciones Diferenciales,2025-2,,0,False
b1082f205f1a255af5142232,Electricidad y Magnetismo,2025-2,,0,False
b1082f205f1a255af5142232,Fortalecimiento Académico: Física,2025-2,,0,False
b1082f205f1a255af5142232,Ecuaciones Diferenciales,2026-2,,0,False
b1082f205f1a255af5142232,Electricidad y Magnetismo,2026-1,2.17,0,False
09f5faba69017dc1de9bc618,Cálculo Integral,2026-2,,0,False
09f5faba69017dc1de9bc618,Física Mecánica,2026-2,,0,False
09f5faba69017dc1de9bc618,Geometría Analítica,2026-1,3.27,0,False
09f5faba69017dc1de9bc618,Fundamentos Matemáticos,2026-1,3.50,0,False
09f5faba69017dc1de9bc618,Cálculo Diferencial,2026-1,3.73,0,False
952e50ae5393a13b7e56d0ec,Fortalecimiento Académico: Matemáticas,2025-2,,0,False
952e50ae5393a13b7e56d0ec,Fortalecimiento Académico: Matemáticas,2026-1,,0,False
f689098af950129623233b0d,Cálculo Vectorial,2026-1,,0,False
4d401d005607d7083b9ff622,Ecuaciones Diferenciales,2026-2,,0,False
4d401d005607d7083b9ff622,Electricidad y Magnetismo,2026-2,,0,False
feb7d668d142c5b1d6ac0425,Electricidad y Magnetismo,2025-2,,0,False
feb7d668d142c5b1d6ac0425,Álgebra Lineal,2026-1,,0,False
feb7d668d142c5b1d6ac0425,Electricidad y Magnetismo,2026-1,,1,True
feb7d668d142c5b1d6ac0425,Electricidad y Magnetismo,2026-2,,0,False
feb7d668d142c5b1d6ac0425,Álgebra Lineal,2026-1,3.10,0,False
9115b759ff76f935cb2abb11,Física Mecánica,2026-2,,0,False
b461b3d57f0bd6334d488758,Cálculo Diferencial,2025-2,,0,False
b461b3d57f0bd6334d488758,Cálculo Integral,2026-1,,0,False
b461b3d57f0bd6334d488758,Cálculo Integral,2026-2,,0,False
b461b3d57f0bd6334d488758,Física Mecánica,2026-2,,0,False
b461b3d57f0bd6334d488758,Cálculo Diferencial,2026-1,3.39,0,False
b461b3d57f0bd6334d488758,Fundamentos Matemáticos,2026-1,4.42,0,False
7b847f3122373b7ca46356d4,Cálculo Integral,2025-2,3.10,0,False
fe502f74cb6f4f53fa7c549e,Cálculo Integral,2025-2,,1,True
fe502f74cb6f4f53fa7c549e,Electricidad y Magnetismo,2026-2,,0,False
fe502f74cb6f4f53fa7c549e,Cálculo Integral,2025-2,2.66,1,True
fe502f74cb6f4f53fa7c549e,Geometría Analítica,2025-2,3.15,0,False
fe502f74cb6f4f53fa7c549e,Álgebra Lineal,2026-1,3.28,2,True
fe502f74cb6f4f53fa7c549e,Física Mecánica,2026-1,3.28,0,False
fe502f74cb6f4f53fa7c549e,Cálculo Integral,2025-2,3.70,1,True
4ecd4ec1f58168564b4931ee,Fundamentos Matemáticos,2026-1,4.44,0,False
4757dbf0b8ce464903951156,Electricidad y Magnetismo,2025-2,3.35,2,True
7aa0ae1ebdd0b55735474eba,Fundamentos Matemáticos,2026-2,,0,False
7aa0ae1ebdd0b55735474eba,Fundamentos Matemáticos,2026-1,1.60,0,False
d702b5d786fff72337496dc6,Cálculo Vectorial,2026-2,,0,False
d702b5d786fff72337496dc6,Electricidad y Magnetismo,2025-2,3.26,0,False
d702b5d786fff72337496dc6,Álgebra Lineal,2026-1,4.75,0,False
09bbe3fb55866623d453872b,Física Mecánica,2025-2,,0,False
09bbe3fb55866623d453872b,Fortalecimiento Académico: Física,2025-2,,0,False
09bbe3fb55866623d453872b,Ecuaciones Diferenciales,2026-1,,0,False
09bbe3fb55866623d453872b,Electricidad y Magnetismo,2026-1,,0,False
09bbe3fb55866623d453872b,Ecuaciones Diferenciales,2026-2,,0,False
09bbe3fb55866623d453872b,Electricidad y Magnetismo,2026-2,,0,False
09bbe3fb55866623d453872b,Fundamentos de Química,2025-2,2.45,1,True
09bbe3fb55866623d453872b,Álgebra Lineal,2025-2,3.04,1,True
09bbe3fb55866623d453872b,Física Mecánica,2026-1,3.13,0,False
09bbe3fb55866623d453872b,Cálculo Vectorial,2026-1,3.36,1,True
09bbe3fb55866623d453872b,Cálculo Integral,2025-2,3.76,0,False
d47d36e3a8ee306c407d0ad3,Fortalecimiento Académico: Matemáticas,2026-1,,0,False
d47d36e3a8ee306c407d0ad3,Cálculo Integral,2026-2,,1,True
d47d36e3a8ee306c407d0ad3,Cálculo Integral,2026-1,2.09,1,True
d47d36e3a8ee306c407d0ad3,Física Mecánica,2026-1,3.06,0,False
edd5a9d3f882a454cbe12802,Cálculo Vectorial,2025-2,,0,False
edd5a9d3f882a454cbe12802,Ecuaciones Diferenciales,2025-2,,0,False
edd5a9d3f882a454cbe12802,Electricidad y Magnetismo,2025-2,,0,False
edd5a9d3f882a454cbe12802,Cálculo Vectorial,2026-2,,0,False
edd5a9d3f882a454cbe12802,Ecuaciones Diferenciales,2026-2,,0,False
edd5a9d3f882a454cbe12802,Electricidad y Magnetismo,2026-2,,0,False
bdac6739b8f47274bade6e1c,Electricidad y Magnetismo,2025-2,2.62,0,False
bdac6739b8f47274bade6e1c,Electricidad y Magnetismo,2026-1,3.28,0,False
adf25d016f13af752037c009,Álgebra Lineal,2026-2,,0,False
adf25d016f13af752037c009,Fundamentos de Química,2026-2,,0,False
adf25d016f13af752037c009,Fundamentos de Química,2025-2,2.28,0,False
adf25d016f13af752037c009,Álgebra Lineal,2026-1,2.72,0,False
24366e117ede9998b2b2e80d,Álgebra Lineal,2025-2,4.51,0,False
97ef1137bf647e9b1f6ccd72,Cálculo Diferencial,2025-2,,1,True
97ef1137bf647e9b1f6ccd72,Fortalecimiento Académico: Matemáticas,2025-2,,0,False
97ef1137bf647e9b1f6ccd72,Cálculo Integral,2026-2,,0,False
97ef1137bf647e9b1f6ccd72,Física Mecánica,2026-2,,0,False
97ef1137bf647e9b1f6ccd72,Cálculo Diferencial,2026-1,3.07,0,False
9e8b5bf6bf52d5717d52b9b1,Ecuaciones Diferenciales,2025-2,,0,False
9e8b5bf6bf52d5717d52b9b1,Ecuaciones Diferenciales,2026-2,,0,False
9e8b5bf6bf52d5717d52b9b1,Cálculo Vectorial,2025-2,3.00,0,False
9e8b5bf6bf52d5717d52b9b1,Electricidad y Magnetismo,2025-2,3.07,0,False
5b57556648fa05e43cc537e2,Cálculo Diferencial,2026-2,,0,False
5b57556648fa05e43cc537e2,Geometría Analítica,2026-2,,0,False
a1cfafd4e6cc55a33746ebf8,Fortalecimiento Académico: Matemáticas,2026-2,,0,False
6c00d10a25729f9461fa9eba,Física Mecánica,2025-2,,0,False
6c00d10a25729f9461fa9eba,Cálculo Integral,2026-1,,0,False
6c00d10a25729f9461fa9eba,Física Mecánica,2026-1,,0,False
6c00d10a25729f9461fa9eba,Cálculo Integral,2026-2,,0,False
6c00d10a25729f9461fa9eba,Física Mecánica,2026-2,,0,False
649724f377683f5f8552633c,Cálculo Diferencial,2026-1,,0,False
649724f377683f5f8552633c,Cálculo Diferencial,2026-2,,0,False
8080f97dac594d6bc5ff280b,Cálculo Integral,2025-2,,0,False
8080f97dac594d6bc5ff280b,Física Mecánica,2025-2,2.74,0,False
8080f97dac594d6bc5ff280b,Cálculo Integral,2026-1,3.04,0,False
8080f97dac594d6bc5ff280b,Geometría Analítica,2025-2,3.23,0,False
b2b95c8d0b72e9a311707816,Cálculo Diferencial,2025-2,,0,False
b2b95c8d0b72e9a311707816,Cálculo Diferencial,2026-2,,0,False
2b88396ff603f5bd02cff718,Cálculo Vectorial,2025-2,3.10,0,False
9319d6c0b953c391bc84806c,Geometría Analítica,2025-2,,0,False
b994eebadc3a1e621cba6920,Cálculo Vectorial,2026-1,,0,False
b994eebadc3a1e621cba6920,Cálculo Vectorial,2026-2,,0,False
b994eebadc3a1e621cba6920,Electricidad y Magnetismo,2026-2,,0,False
b994eebadc3a1e621cba6920,Cálculo Vectorial,2025-2,2.01,0,False
e89dad3729722a507df45b73,Electricidad y Magnetismo,2025-2,3.03,0,False
e89dad3729722a507df45b73,Fundamentos de Química,2026-1,3.09,0,False
e89dad3729722a507df45b73,Geometría Analítica,2026-1,3.68,1,True
b98d61795299e96ad9c4924b,Cálculo Integral,2025-2,,0,False
b98d61795299e96ad9c4924b,Fortalecimiento Académico: Matemáticas,2025-2,,0,False
b98d61795299e96ad9c4924b,Fortalecimiento Académico: Matemáticas,2026-1,,0,False
b98d61795299e96ad9c4924b,Álgebra Lineal,2026-2,,0,False
b98d61795299e96ad9c4924b,Cálculo Vectorial,2026-2,,0,False
b98d61795299e96ad9c4924b,Ecuaciones Diferenciales,2026-2,,0,False
b98d61795299e96ad9c4924b,Álgebra Lineal,2026-1,2.70,0,False
b98d61795299e96ad9c4924b,Fundamentos de Química,2025-2,3.25,4,True
b98d61795299e96ad9c4924b,Cálculo Integral,2026-1,3.35,13,True
b98d61795299e96ad9c4924b,Geometría Analítica,2025-2,3.45,1,True
b98d61795299e96ad9c4924b,Cálculo Diferencial,2025-2,3.48,0,False
b1774eb9045b8d34055f5187,Fortalecimiento Académico: Matemáticas,2026-1,,0,False
b1774eb9045b8d34055f5187,Física Mecánica,2025-2,3.57,2,True
c23a6b2e5cdd0048889d6465,Cálculo Vectorial,2026-1,,0,False
c23a6b2e5cdd0048889d6465,Física Moderna,2026-2,,0,False
c23a6b2e5cdd0048889d6465,Electricidad y Magnetismo,2026-1,3.00,0,False
c23a6b2e5cdd0048889d6465,Física Mecánica,2025-2,3.17,0,False
c23a6b2e5cdd0048889d6465,Ecuaciones Diferenciales,2025-2,3.20,0,False
c23a6b2e5cdd0048889d6465,Cálculo Vectorial,2026-1,3.34,0,False
229038976ad4184ab423ac01,Electricidad y Magnetismo,2026-1,3.51,0,False
85780dd3b36edabb6319ad99,Cálculo Diferencial,2025-2,,0,False
85780dd3b36edabb6319ad99,Fundamentos de Química,2025-2,,0,False
85780dd3b36edabb6319ad99,Geometría Analítica,2025-2,,0,False
85780dd3b36edabb6319ad99,Fundamentos Matemáticos,2025-2,3.50,0,False
fa45b14d35eb760ffabf213d,Álgebra Lineal,2025-2,,0,False
fa45b14d35eb760ffabf213d,Cálculo Integral,2026-1,,1,True
fa45b14d35eb760ffabf213d,Física Mecánica,2026-1,,1,True
fa45b14d35eb760ffabf213d,Fortalecimiento Académico: Física,2026-1,,0,False
fa45b14d35eb760ffabf213d,Álgebra Lineal,2026-2,,0,False
fa45b14d35eb760ffabf213d,Física Mecánica,2026-2,,1,True
fa45b14d35eb760ffabf213d,Cálculo Integral,2026-1,3.52,1,True
74609605111a6562bcca4da2,Fundamentos Matemáticos,2025-2,,0,False
74609605111a6562bcca4da2,Electricidad y Magnetismo,2025-2,3.01,0,False
74609605111a6562bcca4da2,Ecuaciones Diferenciales,2025-2,3.29,1,True
74609605111a6562bcca4da2,Fundamentos Matemáticos,2025-2,3.62,0,False
c033e7f1e5e0cbd0fbccdf43,Física Moderna,2025-2,3.01,0,False
c033e7f1e5e0cbd0fbccdf43,Cálculo Vectorial,2025-2,3.05,0,False
8631a48246ec34543515715f,Fortalecimiento Académico: Matemáticas,2025-2,,0,False
8631a48246ec34543515715f,Fortalecimiento Académico: Matemáticas,2026-1,,0,False
868a2ab505a34e6e4c950289,Cálculo Vectorial,2025-2,,4,True
868a2ab505a34e6e4c950289,Electricidad y Magnetismo,2026-1,,0,False
868a2ab505a34e6e4c950289,Electricidad y Magnetismo,2026-2,,0,False
868a2ab505a34e6e4c950289,Cálculo Vectorial,2025-2,2.13,4,True
d9e8775b9716bee7b66c5ae0,Física Mecánica,2025-2,3.02,0,False
d9e8775b9716bee7b66c5ae0,Cálculo Integral,2025-2,3.25,0,False
e7b7ec90f269e6ab508a132f,Fundamentos Matemáticos,2026-1,3.99,0,False
89e167c8d5e08e4250e1cbba,Fundamentos Matemáticos,2026-1,,0,False
29b6df77724023ac1bb74b0b,Cálculo Vectorial,2025-2,,0,False
29b6df77724023ac1bb74b0b,Fortalecimiento Académico: Física,2025-2,,0,False
29b6df77724023ac1bb74b0b,Cálculo Vectorial,2026-1,,0,False
29b6df77724023ac1bb74b0b,Electricidad y Magnetismo,2026-2,,0,False
29b6df77724023ac1bb74b0b,Electricidad y Magnetismo,2026-1,1.60,0,False
29b6df77724023ac1bb74b0b,Electricidad y Magnetismo,2025-2,2.54,0,False
29b6df77724023ac1bb74b0b,Física Moderna,2026-1,2.67,0,False
29b6df77724023ac1bb74b0b,Cálculo Vectorial,2026-1,3.98,0,False
39e93f835c6e792e2c69f114,Electricidad y Magnetismo,2025-2,,3,True
39e93f835c6e792e2c69f114,Fortalecimiento Académico: Física,2026-2,,0,False
39e93f835c6e792e2c69f114,Electricidad y Magnetismo,2026-1,3.57,0,False
99d2c51136ba41ca3ba5bb5d,Cálculo Integral,2025-2,,0,False
99d2c51136ba41ca3ba5bb5d,Física Mecánica,2025-2,,0,False
99d2c51136ba41ca3ba5bb5d,Cálculo Integral,2026-2,,0,False
99d2c51136ba41ca3ba5bb5d,Física Mecánica,2026-2,,0,False
7004f300e298a186681a88c1,Fortalecimiento Académico: Matemáticas,2025-2,,0,False
45cf77c44f301961a0483986,Cálculo Integral,2026-1,,0,False
45cf77c44f301961a0483986,Cálculo Integral,2026-2,,0,False
45cf77c44f301961a0483986,Ecuaciones Diferenciales,2026-2,,0,False
45cf77c44f301961a0483986,Fundamentos Matemáticos,2026-2,,0,False
45cf77c44f301961a0483986,Ecuaciones Diferenciales,2026-1,0.66,0,False
45cf77c44f301961a0483986,Cálculo Integral,2025-2,2.39,0,False
45cf77c44f301961a0483986,Cálculo Integral,2026-1,2.79,0,False
b392d4d12346db93e7603ba3,Álgebra Lineal,2026-1,,0,False
b392d4d12346db93e7603ba3,Física Mecánica,2026-1,,0,False
b392d4d12346db93e7603ba3,Electricidad y Magnetismo,2026-2,,0,False
b392d4d12346db93e7603ba3,Física Mecánica,2026-2,,0,False
b392d4d12346db93e7603ba3,Geometría Analítica,2026-2,,0,False
b392d4d12346db93e7603ba3,Geometría Analítica,2025-2,1.80,0,False
b392d4d12346db93e7603ba3,Geometría Analítica,2026-1,2.17,0,False
b392d4d12346db93e7603ba3,Geometría Analítica,2026-1,2.75,0,False
215c90e0a37c5747ff98b057,Cálculo Vectorial,2026-2,,0,False
215c90e0a37c5747ff98b057,Electricidad y Magnetismo,2026-2,,0,False
6bc4c810182333b9468cf928,Electricidad y Magnetismo,2025-2,,0,False
6bc4c810182333b9468cf928,Ecuaciones Diferenciales,2026-1,,0,False
6bc4c810182333b9468cf928,Electricidad y Magnetismo,2025-2,1.15,0,False
6bc4c810182333b9468cf928,Electricidad y Magnetismo,2026-1,2.70,0,False
6bc4c810182333b9468cf928,Fundamentos de Química,2026-1,3.03,0,False
0fa2f2e1e245ed4fb11216a5,Electricidad y Magnetismo,2025-2,3.23,0,False
b77474aca7223ff68b9eba22,Física Mecánica,2025-2,,0,False
b77474aca7223ff68b9eba22,Álgebra Lineal,2026-2,,0,False
b77474aca7223ff68b9eba22,Física Mecánica,2026-2,,0,False
b77474aca7223ff68b9eba22,Fundamentos de Química,2026-2,,0,False
b77474aca7223ff68b9eba22,Fundamentos Matemáticos,2026-2,,0,False
b77474aca7223ff68b9eba22,Física Mecánica,2025-2,0.34,0,False
519eee1229ba412d3970e7bf,Electricidad y Magnetismo,2025-2,,4,True
519eee1229ba412d3970e7bf,Fortalecimiento Académico: Física,2025-2,,0,False
519eee1229ba412d3970e7bf,Electricidad y Magnetismo,2026-2,,0,False
8170645bf98b090220abd6e3,Álgebra Lineal,2025-2,,0,False
8170645bf98b090220abd6e3,Cálculo Diferencial,2025-2,,0,False
8170645bf98b090220abd6e3,Álgebra Lineal,2026-2,,0,False
8170645bf98b090220abd6e3,Cálculo Diferencial,2026-2,,1,True
8170645bf98b090220abd6e3,Cálculo Diferencial,2026-1,2.63,0,False
eb9bcbb410431c7e848ed5cc,Cálculo Vectorial,2025-2,,0,False
eb9bcbb410431c7e848ed5cc,Electricidad y Magnetismo,2026-1,,0,False
eb9bcbb410431c7e848ed5cc,Cálculo Vectorial,2026-2,,0,False
eb9bcbb410431c7e848ed5cc,Electricidad y Magnetismo,2026-2,,0,False
eb9bcbb410431c7e848ed5cc,Fundamentos Matemáticos,2026-2,,0,False
eb9bcbb410431c7e848ed5cc,Geometría Analítica,2026-2,,0,False
eb9bcbb410431c7e848ed5cc,Fundamentos de Química,2026-1,3.02,0,False
eb9bcbb410431c7e848ed5cc,Ecuaciones Diferenciales,2025-2,3.27,0,False
fadf6cd109cfb31899fdf2b1,Fortalecimiento Académico: Matemáticas,2025-2,,0,False
fadf6cd109cfb31899fdf2b1,Álgebra Lineal,2025-2,3.56,2,True
0ebcd9158cd07b9f968e835e,Electricidad y Magnetismo,2025-2,,0,False
0ebcd9158cd07b9f968e835e,Cálculo Vectorial,2025-2,2.01,0,False
ef2feb560cf9f53c69649c91,Cálculo Integral,2025-2,,0,False
ef2feb560cf9f53c69649c91,Fortalecimiento Académico: Matemáticas,2025-2,,0,False
8da01062d640ae38ce61647d,Cálculo Vectorial,2025-2,3.22,3,True
919f56ce648ad876fa2eff97,Álgebra Lineal,2025-2,,0,False
919f56ce648ad876fa2eff97,Cálculo Integral,2026-1,,0,False
919f56ce648ad876fa2eff97,Cálculo Integral,2026-2,,0,False
919f56ce648ad876fa2eff97,Física Mecánica,2026-2,,0,False
919f56ce648ad876fa2eff97,Álgebra Lineal,2026-1,1.72,0,False
01fa641079e0e9c3cfd13188,Electricidad y Magnetismo,2025-2,2.46,0,False
01fa641079e0e9c3cfd13188,Electricidad y Magnetismo,2026-1,4.10,0,False
035ba4ffe48c59e53d4f7523,Fortalecimiento Académico: Física,2026-1,,0,False
a071fddc55f575cf6e4901ae,Fortalecimiento Académico: Física,2025-2,,0,False
a071fddc55f575cf6e4901ae,Electricidad y Magnetismo,2026-2,,0,False
a071fddc55f575cf6e4901ae,Electricidad y Magnetismo,2025-2,2.92,2,True
af16ad4c21f2b4ce94b09a1c,Cálculo Diferencial,2026-1,,0,False
af16ad4c21f2b4ce94b09a1c,Álgebra Lineal,2026-2,,0,False
af16ad4c21f2b4ce94b09a1c,Cálculo Integral,2026-2,,0,False
af16ad4c21f2b4ce94b09a1c,Geometría Analítica,2026-1,3.24,1,True
af16ad4c21f2b4ce94b09a1c,Fundamentos de Química,2026-1,3.67,0,False
af16ad4c21f2b4ce94b09a1c,Cálculo Diferencial,2026-1,4.23,0,False
af16ad4c21f2b4ce94b09a1c,Fundamentos Matemáticos,2026-1,4.38,0,False
6dfae06aeea88a63d543177a,Electricidad y Magnetismo,2026-2,,0,False
6dfae06aeea88a63d543177a,Física Mecánica,2026-1,3.06,0,False
6dfae06aeea88a63d543177a,Fundamentos Matemáticos,2025-2,3.67,0,False
3dc5517c1e0f08fbe9eaface,Ecuaciones Diferenciales,2025-2,0.22,0,False
3dc5517c1e0f08fbe9eaface,Cálculo Vectorial,2025-2,0.59,0,False
162be020ab2b4ccabc288c1b,Cálculo Diferencial,2026-2,,0,False
c32f1944b14f56e027fd2e34,Electricidad y Magnetismo,2025-2,3.42,0,False
c32f1944b14f56e027fd2e34,Geometría Analítica,2026-1,3.56,0,False
00b5e67450a21009378f42c3,Electricidad y Magnetismo,2026-2,,0,False
00b5e67450a21009378f42c3,Geometría Analítica,2026-1,3.01,0,False
d2116d9783c1a066741d9dc1,Fundamentos Matemáticos,2026-2,,0,False
d2116d9783c1a066741d9dc1,Electricidad y Magnetismo,2026-1,4.06,0,False
d9a68e56504a5c9b822a2b67,Electricidad y Magnetismo,2025-2,4.22,3,True
6840b0dd54ec4ac3846b68ca,Cálculo Diferencial,2025-2,,0,False
6840b0dd54ec4ac3846b68ca,Álgebra Lineal,2026-1,,0,False
6840b0dd54ec4ac3846b68ca,Cálculo Diferencial,2026-1,,0,False
6840b0dd54ec4ac3846b68ca,Física Mecánica,2026-1,,0,False
6840b0dd54ec4ac3846b68ca,Cálculo Diferencial,2026-2,,0,False
6840b0dd54ec4ac3846b68ca,Geometría Analítica,2025-2,3.26,0,False
6840b0dd54ec4ac3846b68ca,Fundamentos Matemáticos,2026-1,4.12,0,False
4fba60586b5c67a4593f4726,Ecuaciones Diferenciales,2026-1,4.90,0,False
8f48d72ab15fc86f0079c0fb,Cálculo Integral,2025-2,3.12,0,False
aceb902f99e7494b366fdd05,Electricidad y Magnetismo,2025-2,,0,False
aceb902f99e7494b366fdd05,Fortalecimiento Académico: Física,2026-1,,0,False
aceb902f99e7494b366fdd05,Electricidad y Magnetismo,2026-1,3.00,1,True
aceb902f99e7494b366fdd05,Cálculo Vectorial,2025-2,3.01,0,False
4185a8b898cceff47af286b7,Electricidad y Magnetismo,2025-2,3.35,1,True
c77ac866895fb0bf42e30ba8,Geometría Analítica,2025-2,,0,False
3737f3639f97f8d28a1aadba,Electricidad y Magnetismo,2025-2,3.01,4,True
aab8d25ac153a9a07facfae3,Cálculo Diferencial,2026-2,,0,False
aab8d25ac153a9a07facfae3,Geometría Analítica,2026-2,,1,True
a44469353a5d3c6acbf93011,Cálculo Diferencial,2026-1,,0,False
a44469353a5d3c6acbf93011,Geometría Analítica,2026-1,,0,False
2feca2a3ce9582f5c80cbb8f,Cálculo Vectorial,2026-1,,0,False
2feca2a3ce9582f5c80cbb8f,Cálculo Vectorial,2026-2,,0,False
175366abaf4f1c718812cef1,Fortalecimiento Académico: Matemáticas,2026-1,,0,False
d8d7f7d8201e5dae12acc4dd,Cálculo Vectorial,2025-2,,0,False
d8d7f7d8201e5dae12acc4dd,Electricidad y Magnetismo,2026-1,,0,False
d8d7f7d8201e5dae12acc4dd,Fortalecimiento Académico: Física,2026-1,,0,False
d8d7f7d8201e5dae12acc4dd,Cálculo Vectorial,2026-2,,0,False
d8d7f7d8201e5dae12acc4dd,Electricidad y Magnetismo,2026-2,,0,False
d8d7f7d8201e5dae12acc4dd,Fortalecimiento Académico: Física,2026-2,,0,False
1e9b450d334eda089b2d182e,Fundamentos Matemáticos,2026-1,5.00,0,False
0138a4588862461484365c75,Geometría Analítica,2025-2,3.64,0,False
7fc3c8b3f34deb074bbfb17f,Fortalecimiento Académico: Física,2025-2,,0,False
7fc3c8b3f34deb074bbfb17f,Cálculo Vectorial,2026-2,,0,False
7fc3c8b3f34deb074bbfb17f,Electricidad y Magnetismo,2025-2,3.01,1,True
7fc3c8b3f34deb074bbfb17f,Álgebra Lineal,2025-2,3.39,1,True
81f0db15b4165cbc7dc1e286,Geometría Analítica,2025-2,1.39,0,False
81f0db15b4165cbc7dc1e286,Cálculo Diferencial,2025-2,1.42,0,False
3137dcd17cdd95e2ce304afe,Electricidad y Magnetismo,2026-1,,0,False
22d29ce7395feaaaadb8e352,Cálculo Integral,2026-1,3.69,3,True
aa8cf0954ad7ccda507ca808,Cálculo Vectorial,2025-2,,1,True
aa8cf0954ad7ccda507ca808,Física Mecánica,2025-2,,3,True
aa8cf0954ad7ccda507ca808,Fortalecimiento Académico: Física,2025-2,,0,False
aa8cf0954ad7ccda507ca808,Física Mecánica,2026-2,,0,False
131bb60c75d426f8943afc60,Ecuaciones Diferenciales,2025-2,,0,False
131bb60c75d426f8943afc60,Electricidad y Magnetismo,2025-2,,0,False
131bb60c75d426f8943afc60,Electricidad y Magnetismo,2026-1,,0,False
131bb60c75d426f8943afc60,Ecuaciones Diferenciales,2026-1,2.36,0,False
2ee13673aa219af2c6de883d,Fortalecimiento Académico: Matemáticas,2026-1,,0,False
2ee13673aa219af2c6de883d,Álgebra Lineal,2026-2,,2,True
2ee13673aa219af2c6de883d,Cálculo Integral,2026-1,1.95,6,True
2ee13673aa219af2c6de883d,Álgebra Lineal,2025-2,2.43,3,True
80e72102b2967c2d0b13006a,Electricidad y Magnetismo,2025-2,,0,False
80e72102b2967c2d0b13006a,Electricidad y Magnetismo,2026-2,,0,False
ba917e2d1fb4f1f676715366,Electricidad y Magnetismo,2026-2,,0,False
ee06506ddeef6cf37aff3d1c,Fortalecimiento Académico: Física,2026-1,,0,False
ee06506ddeef6cf37aff3d1c,Electricidad y Magnetismo,2026-1,3.21,0,False
20b42e345123943ac56ba9d1,Fundamentos Matemáticos,2025-2,,0,False
20b42e345123943ac56ba9d1,Fundamentos Matemáticos,2025-2,3.84,0,False
258fbfaeafe0ade781fcf5c9,Cálculo Vectorial,2026-1,3.01,0,False
afa1cb3a872fa0f330724abd,Física Mecánica,2025-2,3.02,0,False
38d518689d5621d17c6c9583,Electricidad y Magnetismo,2025-2,2.76,0,False
38d518689d5621d17c6c9583,Cálculo Vectorial,2025-2,3.00,0,False
38d518689d5621d17c6c9583,Fundamentos Matemáticos,2026-1,3.18,0,False
a2fcd56c27183c7ba971fbdc,Electricidad y Magnetismo,2025-2,3.46,6,True
d0c180de39cf5464c6c470e5,Electricidad y Magnetismo,2026-1,,0,False
d0c180de39cf5464c6c470e5,Electricidad y Magnetismo,2026-2,,0,False
d0c180de39cf5464c6c470e5,Álgebra Lineal,2025-2,3.35,0,False
4545880914190691cc4e0303,Ecuaciones Diferenciales,2026-1,,0,False
4545880914190691cc4e0303,Electricidad y Magnetismo,2025-2,3.77,0,False
4545880914190691cc4e0303,Ecuaciones Diferenciales,2026-1,4.90,0,False
ad901d1cbd0f3b87b7d4aed1,Cálculo Diferencial,2026-2,,0,False
a830de7dc6e04e9c411f158d,Electricidad y Magnetismo,2025-2,3.71,0,False
460f7be8718f598f8db9a3fa,Cálculo Vectorial,2025-2,,1,True
460f7be8718f598f8db9a3fa,Cálculo Vectorial,2026-1,2.13,0,False
460f7be8718f598f8db9a3fa,Fundamentos de Química,2026-1,3.22,0,False
60400a039c9e46b75ba0a4d9,Fortalecimiento Académico: Física,2026-2,,0,False
60400a039c9e46b75ba0a4d9,Electricidad y Magnetismo,2026-1,3.24,0,False
3b74e6abbcb744ee963cf101,Cálculo Integral,2025-2,,1,True
3b74e6abbcb744ee963cf101,Cálculo Integral,2026-2,,0,False
3b74e6abbcb744ee963cf101,Física Mecánica,2026-2,,0,False
3b74e6abbcb744ee963cf101,Fortalecimiento Académico: Matemáticas,2026-2,,0,False
7abc95550c7e128154467a6a,Geometría Analítica,2026-1,,0,False
7abc95550c7e128154467a6a,Geometría Analítica,2026-2,,0,False
6f7150e179d05236548a2101,Cálculo Diferencial,2025-2,,0,False
6f7150e179d05236548a2101,Geometría Analítica,2025-2,,0,False
430521bd19eb74e23008f7bc,Cálculo Diferencial,2025-2,,0,False
430521bd19eb74e23008f7bc,Fundamentos de Química,2025-2,,0,False
430521bd19eb74e23008f7bc,Geometría Analítica,2025-2,,0,False
e3f6693c6ed7a9599d872803,Ecuaciones Diferenciales,2025-2,,0,False
e3f6693c6ed7a9599d872803,Fortalecimiento Académico: Física,2025-2,,0,False
e3f6693c6ed7a9599d872803,Ecuaciones Diferenciales,2026-1,,0,False
e3f6693c6ed7a9599d872803,Ecuaciones Diferenciales,2026-2,,0,False
e3f6693c6ed7a9599d872803,Electricidad y Magnetismo,2026-2,,0,False
e3f6693c6ed7a9599d872803,Física Mecánica,2026-2,,0,False
e3f6693c6ed7a9599d872803,Física Mecánica,2026-1,1.29,0,False
e3f6693c6ed7a9599d872803,Física Mecánica,2025-2,1.67,0,False
e3f6693c6ed7a9599d872803,Cálculo Vectorial,2025-2,3.02,0,False
2908589f5dff2afef59f7caf,Cálculo Integral,2025-2,,0,False
2908589f5dff2afef59f7caf,Física Mecánica,2026-1,,0,False
2908589f5dff2afef59f7caf,Cálculo Integral,2026-2,,0,False
2908589f5dff2afef59f7caf,Física Mecánica,2026-2,,0,False
2908589f5dff2afef59f7caf,Fundamentos Matemáticos,2025-2,1.84,0,False
2908589f5dff2afef59f7caf,Álgebra Lineal,2026-1,1.97,0,False
6d5c8014009f9f29d2834a26,Fortalecimiento Académico: Matemáticas,2026-2,,0,False
fe8809e13c152ed154cc0876,Electricidad y Magnetismo,2026-1,3.12,0,False
fe8809e13c152ed154cc0876,Fundamentos Matemáticos,2025-2,3.60,0,False
d94a8471743d788a85d99294,Álgebra Lineal,2026-1,,0,False
d94a8471743d788a85d99294,Fundamentos de Química,2026-1,,0,False
d94a8471743d788a85d99294,Fundamentos de Química,2026-1,0.00,0,False
d94a8471743d788a85d99294,Álgebra Lineal,2026-1,0.05,0,False
0c469501e4be9263e51adff7,Cálculo Vectorial,2025-2,2.30,1,True
0c469501e4be9263e51adff7,Cálculo Vectorial,2026-1,3.61,0,False
b606e250e4f0d2352c81a319,Álgebra Lineal,2025-2,,0,False
b606e250e4f0d2352c81a319,Álgebra Lineal,2026-1,2.76,0,False
05c75e9d1efaf900f48f1171,Fortalecimiento Académico: Física,2026-1,,0,False
05c75e9d1efaf900f48f1171,Física Mecánica,2025-2,3.14,0,False
05c75e9d1efaf900f48f1171,Electricidad y Magnetismo,2026-1,3.20,0,False
a7bb8f0495e84204a4e9e9a0,Electricidad y Magnetismo,2025-2,3.01,0,False
d63c14ce0d87dc03c4914932,Cálculo Integral,2026-1,0.00,0,False
1ef66c5ed3c26efbcc60b708,Fortalecimiento Académico: Matemáticas,2025-2,,0,False
d56130af33c649d292c268a9,Fortalecimiento Académico: Matemáticas,2025-2,,0,False
d56130af33c649d292c268a9,Cálculo Integral,2026-1,,4,True
d56130af33c649d292c268a9,Fortalecimiento Académico: Matemáticas,2026-1,,0,False
d56130af33c649d292c268a9,Cálculo Diferencial,2025-2,3.29,0,False
735468bcef63eb5737f37717,Electricidad y Magnetismo,2026-1,3.25,0,False
f4f66b7493ca731da378ba05,Cálculo Vectorial,2025-2,,0,False
f4f66b7493ca731da378ba05,Cálculo Vectorial,2026-1,,0,False
f4f66b7493ca731da378ba05,Electricidad y Magnetismo,2026-1,,0,False
f4f66b7493ca731da378ba05,Cálculo Vectorial,2026-2,,0,False
f4f66b7493ca731da378ba05,Electricidad y Magnetismo,2026-2,,0,False
f4f66b7493ca731da378ba05,Fortalecimiento Académico: Física,2026-2,,0,False
6415fe3998b540f62bf17da2,Fundamentos de Química,2025-2,,0,False
6415fe3998b540f62bf17da2,Fundamentos de Química,2026-2,,0,False
6415fe3998b540f62bf17da2,Geometría Analítica,2026-2,,0,False
6415fe3998b540f62bf17da2,Fundamentos de Química,2025-2,0.00,0,False
6415fe3998b540f62bf17da2,Fundamentos Matemáticos,2025-2,0.00,0,False
6415fe3998b540f62bf17da2,Geometría Analítica,2025-2,0.00,0,False
6486cc37021857f6c58b4146,Cálculo Vectorial,2025-2,3.55,0,False
83f34cff51b1f1fad18b2729,Física Mecánica,2025-2,,0,False
83f34cff51b1f1fad18b2729,Física Mecánica,2026-2,,0,False
83f34cff51b1f1fad18b2729,Álgebra Lineal,2026-1,2.13,1,True
dc727bdd968627d5d70778b2,Geometría Analítica,2026-1,,0,False
dc727bdd968627d5d70778b2,Geometría Analítica,2026-2,,0,False
62c1703732345de93df7fda5,Fundamentos Matemáticos,2025-2,,0,False
2e9fed124906e37278cc3e23,Cálculo Integral,2026-1,,0,False
2e9fed124906e37278cc3e23,Física Mecánica,2026-1,,0,False
2e9fed124906e37278cc3e23,Cálculo Integral,2026-2,,0,False
2e9fed124906e37278cc3e23,Física Mecánica,2026-2,,0,False
43dbfdeb4f72a39289af1a5b,Fortalecimiento Académico: Matemáticas,2026-1,,0,False
9ab9d749dbf77a949f76309f,Electricidad y Magnetismo,2025-2,3.42,0,False
ba6e963654b4bc51493355aa,Cálculo Vectorial,2025-2,,1,True
ba6e963654b4bc51493355aa,Electricidad y Magnetismo,2025-2,,0,False
ba6e963654b4bc51493355aa,Cálculo Vectorial,2026-1,,0,False
ba6e963654b4bc51493355aa,Ecuaciones Diferenciales,2026-1,,0,False
ba6e963654b4bc51493355aa,Electricidad y Magnetismo,2026-1,,1,True
ba6e963654b4bc51493355aa,Cálculo Vectorial,2026-2,,0,False
ba6e963654b4bc51493355aa,Ecuaciones Diferenciales,2026-2,,0,False
ba6e963654b4bc51493355aa,Electricidad y Magnetismo,2026-2,,0,False
ba6e963654b4bc51493355aa,Ecuaciones Diferenciales,2025-2,2.81,1,True
115574d8d2c7c2cddae33546,Álgebra Lineal,2025-2,2.53,0,False
beb781dc431c38aa8da7f3d1,Cálculo Diferencial,2026-2,,0,False
beb781dc431c38aa8da7f3d1,Fortalecimiento Académico: Matemáticas,2026-2,,0,False
beb781dc431c38aa8da7f3d1,Geometría Analítica,2026-2,,0,False
beb781dc431c38aa8da7f3d1,Geometría Analítica,2026-1,1.07,1,True
df0ab4687788299518107706,Electricidad y Magnetismo,2026-2,,1,True
df0ab4687788299518107706,Fortalecimiento Académico: Física,2026-2,,0,False
df0ab4687788299518107706,Ecuaciones Diferenciales,2026-1,2.44,0,False
df0ab4687788299518107706,Ecuaciones Diferenciales,2026-1,5.00,0,False
2f552eb552da59c4f1ded38d,Física Mecánica,2025-2,,0,False
2f552eb552da59c4f1ded38d,Fortalecimiento Académico: Física,2026-1,,0,False
2f552eb552da59c4f1ded38d,Cálculo Integral,2025-2,3.07,0,False
2f552eb552da59c4f1ded38d,Física Mecánica,2026-1,3.17,0,False
b0f3648561415f2bae6fd970,Fundamentos Matemáticos,2025-2,3.83,0,False
de0c68d9862f1b5eb7ad9b6e,Electricidad y Magnetismo,2025-2,,0,False
de0c68d9862f1b5eb7ad9b6e,Fortalecimiento Académico: Física,2025-2,,0,False
de0c68d9862f1b5eb7ad9b6e,Electricidad y Magnetismo,2026-1,4.01,0,False
7258600daa86d3e3ffd5fecd,Fortalecimiento Académico: Física,2025-2,,0,False
7258600daa86d3e3ffd5fecd,Fortalecimiento Académico: Matemáticas,2025-2,,0,False
7258600daa86d3e3ffd5fecd,Fortalecimiento Académico: Física,2026-1,,0,False
7258600daa86d3e3ffd5fecd,Cálculo Vectorial,2026-1,3.15,1,True
7258600daa86d3e3ffd5fecd,Electricidad y Magnetismo,2026-1,3.19,1,True
7258600daa86d3e3ffd5fecd,Física Mecánica,2025-2,3.57,0,False
7258600daa86d3e3ffd5fecd,Ecuaciones Diferenciales,2026-1,3.70,3,True
7258600daa86d3e3ffd5fecd,Cálculo Integral,2025-2,4.36,2,True
7258600daa86d3e3ffd5fecd,Álgebra Lineal,2025-2,4.62,1,True
6df7d68ac171a5061c974f8e,Fortalecimiento Académico: Matemáticas,2025-2,,0,False
6df7d68ac171a5061c974f8e,Fundamentos de Química,2025-2,,0,False
6df7d68ac171a5061c974f8e,Cálculo Vectorial,2026-1,,1,True
6df7d68ac171a5061c974f8e,Ecuaciones Diferenciales,2026-2,,1,True
6df7d68ac171a5061c974f8e,Electricidad y Magnetismo,2026-2,,1,True
6df7d68ac171a5061c974f8e,Física Mecánica,2026-1,3.00,0,False
6df7d68ac171a5061c974f8e,Álgebra Lineal,2025-2,3.33,0,False
6df7d68ac171a5061c974f8e,Cálculo Integral,2025-2,3.84,0,False
df48ebad28e877b1f4cb02b3,Álgebra Lineal,2025-2,,2,True
df48ebad28e877b1f4cb02b3,Álgebra Lineal,2025-2,3.84,2,True
faf5d87c2fdcc2fb4c851192,Electricidad y Magnetismo,2025-2,,0,False
faf5d87c2fdcc2fb4c851192,Fortalecimiento Académico: Física,2026-1,,0,False
faf5d87c2fdcc2fb4c851192,Electricidad y Magnetismo,2026-1,3.25,0,False
b58bd33b2e32abfd9dea9402,Cálculo Diferencial,2026-2,,0,False
b58bd33b2e32abfd9dea9402,Fortalecimiento Académico: Matemáticas,2026-2,,0,False
b58bd33b2e32abfd9dea9402,Geometría Analítica,2026-2,,0,False
0e4da97118147715e132e7b1,Fundamentos de Química,2026-2,,0,False
f9d232064da4ee4866775076,Cálculo Diferencial,2025-2,,0,False
f9d232064da4ee4866775076,Geometría Analítica,2025-2,,0,False
f9d232064da4ee4866775076,Cálculo Diferencial,2026-1,,0,False
f9d232064da4ee4866775076,Cálculo Diferencial,2026-2,,0,False
f9d232064da4ee4866775076,Geometría Analítica,2026-2,,0,False
7a6bf386a47dc16deb4700a9,Electricidad y Magnetismo,2025-2,3.09,1,True
cb2a31c75118aebd68d8cba4,Física Moderna,2026-1,3.10,0,False
f7a273b565d4300a3c868143,Cálculo Integral,2025-2,,0,False
f7a273b565d4300a3c868143,Física Mecánica,2026-1,,0,False
f7a273b565d4300a3c868143,Física Mecánica,2026-2,,0,False
f7a273b565d4300a3c868143,Física Mecánica,2025-2,1.82,0,False
393125732034b3a4c751f0fc,Física Mecánica,2026-2,,0,False
393125732034b3a4c751f0fc,Geometría Analítica,2026-1,3.47,0,False
a9b1f5a27f9d7522ae33aabb,Álgebra Lineal,2025-2,,0,False
a9b1f5a27f9d7522ae33aabb,Cálculo Integral,2025-2,,0,False
a9b1f5a27f9d7522ae33aabb,Cálculo Integral,2025-2,2.14,0,False
300887099c2d7361d516ae9a,Electricidad y Magnetismo,2025-2,4.21,0,False
8267ac3754e82058822ce66c,Cálculo Diferencial,2025-2,,0,False
8267ac3754e82058822ce66c,Fundamentos de Química,2025-2,,0,False
8267ac3754e82058822ce66c,Cálculo Diferencial,2026-1,,0,False
8267ac3754e82058822ce66c,Fundamentos de Química,2026-1,,0,False
8267ac3754e82058822ce66c,Cálculo Diferencial,2026-2,,0,False
8267ac3754e82058822ce66c,Fundamentos de Química,2026-2,,0,False
8929963d002342e274d86d2b,Fortalecimiento Académico: Física,2025-2,,0,False
8929963d002342e274d86d2b,Electricidad y Magnetismo,2025-2,3.21,2,True
1d1afc03941f494974c9d074,Cálculo Diferencial,2025-2,,0,False
1d1afc03941f494974c9d074,Cálculo Integral,2026-2,,0,False
1d1afc03941f494974c9d074,Cálculo Diferencial,2026-1,3.21,0,False
e248a04a9d52a69931b8295b,Fortalecimiento Académico: Matemáticas,2026-2,,0,False
db8fdaa74aebf6d2ee90e141,Electricidad y Magnetismo,2025-2,,0,False
db8fdaa74aebf6d2ee90e141,Electricidad y Magnetismo,2026-1,3.00,0,False
7adff30c5c286b26b6b90268,Electricidad y Magnetismo,2025-2,,0,False
41e593ebadfa971d73652c95,Cálculo Diferencial,2026-2,,0,False
41e593ebadfa971d73652c95,Geometría Analítica,2026-2,,0,False
fb85322a6e414984234caecd,Cálculo Vectorial,2026-1,,0,False
fb85322a6e414984234caecd,Cálculo Vectorial,2026-2,,0,False
fb85322a6e414984234caecd,Ecuaciones Diferenciales,2026-2,,0,False
fb85322a6e414984234caecd,Electricidad y Magnetismo,2026-2,,0,False
fb85322a6e414984234caecd,Fundamentos de Química,2026-1,3.42,0,False
fb85322a6e414984234caecd,Cálculo Integral,2025-2,3.43,2,True
fb85322a6e414984234caecd,Álgebra Lineal,2025-2,3.45,0,False
5a19e88db15074042e93a481,Física Mecánica,2025-2,3.34,0,False
5a19e88db15074042e93a481,Cálculo Integral,2025-2,4.29,3,True
5a19e88db15074042e93a481,Cálculo Vectorial,2026-1,4.35,1,True
5a19e88db15074042e93a481,Electricidad y Magnetismo,2026-1,4.52,1,True
5a19e88db15074042e93a481,Álgebra Lineal,2025-2,4.65,0,False
5a19e88db15074042e93a481,Ecuaciones Diferenciales,2026-1,4.76,2,True
ea643e90e342deac259d645e,Física Mecánica,2025-2,,0,False
ea643e90e342deac259d645e,Cálculo Integral,2026-2,,1,True
ea643e90e342deac259d645e,Física Mecánica,2025-2,3.00,0,False
ac1f78dcbeebe3f335924ae1,Cálculo Integral,2025-2,,0,False
8d3d692c4e9ba50dba5287b3,Cálculo Vectorial,2026-2,,0,False
8d3d692c4e9ba50dba5287b3,Física Moderna,2026-2,,0,False
8d3d692c4e9ba50dba5287b3,Física Mecánica,2025-2,3.33,1,True
8d3d692c4e9ba50dba5287b3,Álgebra Lineal,2025-2,3.35,0,False
8d3d692c4e9ba50dba5287b3,Electricidad y Magnetismo,2026-1,3.38,0,False
8d3d692c4e9ba50dba5287b3,Ecuaciones Diferenciales,2026-1,3.45,1,True
8d3d692c4e9ba50dba5287b3,Cálculo Integral,2025-2,3.97,1,True
c737efc791fbdcc2c0302ab8,Cálculo Integral,2026-2,,0,False
c737efc791fbdcc2c0302ab8,Álgebra Lineal,2025-2,2.50,0,False
c737efc791fbdcc2c0302ab8,Álgebra Lineal,2026-1,3.60,0,False
7045076e2bbddbda814b7ecf,Electricidad y Magnetismo,2026-1,3.38,0,False
6af3d3d0dbdc5fa74ec8ed02,Cálculo Vectorial,2025-2,,0,False
6af3d3d0dbdc5fa74ec8ed02,Ecuaciones Diferenciales,2025-2,,0,False
6af3d3d0dbdc5fa74ec8ed02,Fundamentos de Química,2025-2,,0,False
6af3d3d0dbdc5fa74ec8ed02,Cálculo Vectorial,2026-1,,0,False
6af3d3d0dbdc5fa74ec8ed02,Ecuaciones Diferenciales,2026-1,,0,False
6af3d3d0dbdc5fa74ec8ed02,Fundamentos de Química,2026-1,,0,False
6af3d3d0dbdc5fa74ec8ed02,Ecuaciones Diferenciales,2026-2,,0,False
6af3d3d0dbdc5fa74ec8ed02,Electricidad y Magnetismo,2026-2,,0,False
6af3d3d0dbdc5fa74ec8ed02,Fundamentos de Química,2026-2,,0,False
cc122d0066f6632681b8623d,Cálculo Diferencial,2025-2,,0,False
cc122d0066f6632681b8623d,Geometría Analítica,2025-2,,0,False
cc122d0066f6632681b8623d,Geometría Analítica,2026-1,0.00,0,False
138ce194b5e2cd647868a722,Física Mecánica,2026-2,,0,False
138ce194b5e2cd647868a722,Geometría Analítica,2026-2,,0,False
f888d43a38ebb2dda8c2c501,Electricidad y Magnetismo,2026-1,3.05,0,False
bb0d73e6c136dcd6b29f0c36,Cálculo Diferencial,2025-2,0.00,0,False
bb0d73e6c136dcd6b29f0c36,Cálculo Diferencial,2026-1,0.00,0,False
72dc5f8eb7f1185c70d80587,Cálculo Diferencial,2026-2,,0,False
72dc5f8eb7f1185c70d80587,Geometría Analítica,2026-2,,0,False
fb0319078f809aac094c0f1c,Electricidad y Magnetismo,2025-2,4.87,0,False
c5d2f8251ceeaa5faeba7f14,Electricidad y Magnetismo,2025-2,,0,False
c5d2f8251ceeaa5faeba7f14,Fortalecimiento Académico: Física,2025-2,,0,False
c5d2f8251ceeaa5faeba7f14,Cálculo Vectorial,2025-2,2.92,2,True
c5d2f8251ceeaa5faeba7f14,Electricidad y Magnetismo,2025-2,4.26,0,False
de71b7fc93cfba531fff94e8,Cálculo Integral,2026-2,,0,False
de71b7fc93cfba531fff94e8,Fortalecimiento Académico: Matemáticas,2026-2,,0,False
de71b7fc93cfba531fff94e8,Fundamentos de Química,2026-1,3.30,0,False
de71b7fc93cfba531fff94e8,Geometría Analítica,2026-1,3.47,3,True
de71b7fc93cfba531fff94e8,Cálculo Diferencial,2026-1,3.69,0,False
de71b7fc93cfba531fff94e8,Fundamentos Matemáticos,2026-1,4.00,0,False
de71b7fc93cfba531fff94e8,Álgebra Lineal,2026-1,4.22,0,False
b429a013aef62552f2602999,Ecuaciones Diferenciales,2025-2,3.01,2,True
b429a013aef62552f2602999,Electricidad y Magnetismo,2026-1,3.59,1,True
05a770b7cbdaa80c924b0779,Cálculo Vectorial,2025-2,3.01,0,False
533dac941d604c0014638e52,Álgebra Lineal,2025-2,,1,True
533dac941d604c0014638e52,Cálculo Diferencial,2025-2,,0,False
533dac941d604c0014638e52,Álgebra Lineal,2026-1,,1,True
533dac941d604c0014638e52,Cálculo Diferencial,2026-1,,0,False
533dac941d604c0014638e52,Álgebra Lineal,2026-2,,1,True
533dac941d604c0014638e52,Fundamentos de Química,2025-2,3.07,0,False
8516a8c1ab2bb95e57fe7201,Geometría Analítica,2026-2,,0,False
31bd76a0a4d4175ca21678fb,Cálculo Diferencial,2025-2,,0,False
31bd76a0a4d4175ca21678fb,Cálculo Diferencial,2026-1,,0,False
31bd76a0a4d4175ca21678fb,Geometría Analítica,2026-1,,0,False
31bd76a0a4d4175ca21678fb,Cálculo Diferencial,2026-2,,0,False
31bd76a0a4d4175ca21678fb,Geometría Analítica,2025-2,2.58,1,True
fb2a9b640285affa149258a3,Fortalecimiento Académico: Matemáticas,2025-2,,0,False
fb2a9b640285affa149258a3,Electricidad y Magnetismo,2026-2,,0,False
fb2a9b640285affa149258a3,Fortalecimiento Académico: Física,2026-2,,0,False
fb2a9b640285affa149258a3,Cálculo Vectorial,2026-1,3.01,1,True
fb2a9b640285affa149258a3,Cálculo Integral,2025-2,3.96,10,True
fb2a9b640285affa149258a3,Álgebra Lineal,2025-2,4.38,0,False
fb2a9b640285affa149258a3,Ecuaciones Diferenciales,2026-1,5.00,0,False
92378eeb0b60b0309b4ed659,Cálculo Vectorial,2025-2,3.39,4,True
5b4810c3e6bca566bb640f26,Cálculo Integral,2025-2,,0,False
5b4810c3e6bca566bb640f26,Fortalecimiento Académico: Matemáticas,2025-2,,0,False
5b4810c3e6bca566bb640f26,Física Mecánica,2025-2,3.00,0,False
e6882884747aca0026ac0aba,Geometría Analítica,2026-1,,0,False
e6882884747aca0026ac0aba,Cálculo Integral,2026-2,,0,False
e6882884747aca0026ac0aba,Física Mecánica,2026-2,,0,False
e6882884747aca0026ac0aba,Geometría Analítica,2026-1,3.21,0,False
e6882884747aca0026ac0aba,Cálculo Diferencial,2026-1,3.43,0,False
74dcea66068f0283c51b05d2,Álgebra Lineal,2026-2,,0,False
74dcea66068f0283c51b05d2,Fundamentos de Química,2026-2,,0,False
d77db9c78a5e0b4bd37b7af0,Electricidad y Magnetismo,2025-2,,3,True
d77db9c78a5e0b4bd37b7af0,Fortalecimiento Académico: Física,2025-2,,0,False
050e9d256ec8134ba64088fa,Electricidad y Magnetismo,2025-2,,1,True
050e9d256ec8134ba64088fa,Fortalecimiento Académico: Física,2026-1,,0,False
050e9d256ec8134ba64088fa,Electricidad y Magnetismo,2026-1,3.21,0,False
fa6769eca4661d3ed2745ad9,Física Mecánica,2025-2,,0,False
2431b5c04af0f3566fd35206,Electricidad y Magnetismo,2026-1,4.30,0,False
044709ce6bcc3a9c360f34b5,Electricidad y Magnetismo,2025-2,3.85,0,False
4056fe677bd8d3f66fc1b11d,Álgebra Lineal,2025-2,3.41,0,False
481ecd6269825a2708056a4b,Física Mecánica,2026-1,3.14,0,False
aa89201325898a13f95bacc7,Electricidad y Magnetismo,2025-2,3.01,0,False
aa89201325898a13f95bacc7,Cálculo Vectorial,2025-2,3.02,0,False
97f6caa7afb7a409cda3643b,Fortalecimiento Académico: Física,2026-1,,0,False
97f6caa7afb7a409cda3643b,Electricidad y Magnetismo,2026-1,3.05,1,True
e43d955a53fbb1051559691f,Electricidad y Magnetismo,2025-2,,0,False
e43d955a53fbb1051559691f,Fortalecimiento Académico: Física,2025-2,,0,False
e43d955a53fbb1051559691f,Electricidad y Magnetismo,2026-1,3.45,0,False
e52e86cb6d4ad5509f5c6a49,Cálculo Diferencial,2026-1,,0,False
e52e86cb6d4ad5509f5c6a49,Geometría Analítica,2026-1,,0,False
e52e86cb6d4ad5509f5c6a49,Cálculo Diferencial,2026-2,,0,False
e52e86cb6d4ad5509f5c6a49,Geometría Analítica,2026-2,,0,False
8c990e465e2557f9e21f17d6,Física Mecánica,2025-2,,1,True
8c990e465e2557f9e21f17d6,Fortalecimiento Académico: Física,2026-1,,0,False
8c990e465e2557f9e21f17d6,Electricidad y Magnetismo,2026-2,,0,False
8c990e465e2557f9e21f17d6,Fortalecimiento Académico: Física,2026-2,,0,False
8c990e465e2557f9e21f17d6,Física Mecánica,2026-1,3.13,1,True
31ab697eab65c20591a09da5,Electricidad y Magnetismo,2026-1,1.26,2,True
31ab697eab65c20591a09da5,Cálculo Vectorial,2025-2,3.05,1,True
f3355d929f5a11ab8b2a04e5,Cálculo Vectorial,2026-2,,0,False
f3355d929f5a11ab8b2a04e5,Física Moderna,2025-2,3.01,0,False
71c5fe564d4433edccbe08e4,Fortalecimiento Académico: Matemáticas,2026-1,,0,False
71c5fe564d4433edccbe08e4,Cálculo Integral,2026-1,3.01,3,True
74d0bef7832c9b981e06c491,Electricidad y Magnetismo,2025-2,3.35,0,False
4e0b27211a2eba3705a294f5,Electricidad y Magnetismo,2025-2,,0,False
4e0b27211a2eba3705a294f5,Fortalecimiento Académico: Física,2025-2,,0,False
4e0b27211a2eba3705a294f5,Electricidad y Magnetismo,2026-1,3.03,0,False
9ecfeffe929423bcdbfe1ae7,Fundamentos Matemáticos,2025-2,4.53,0,False
142b1aad6c17bca7fb3be8b9,Fortalecimiento Académico: Matemáticas,2026-1,,0,False
3d9dab367cb9480c1d139b5c,Física Mecánica,2025-2,,0,False
3d9dab367cb9480c1d139b5c,Álgebra Lineal,2026-2,,0,False
3d9dab367cb9480c1d139b5c,Álgebra Lineal,2025-2,1.60,0,False
3d9dab367cb9480c1d139b5c,Física Mecánica,2026-1,3.10,0,False
4f93dbbed0dfdefc3e7b1bda,Física Moderna,2026-1,4.50,0,False
3307c6b7ae3cc497177a2b5b,Cálculo Integral,2025-2,,0,False
3307c6b7ae3cc497177a2b5b,Fortalecimiento Académico: Matemáticas,2025-2,,0,False
3307c6b7ae3cc497177a2b5b,Cálculo Integral,2026-1,,0,False
3307c6b7ae3cc497177a2b5b,Fortalecimiento Académico: Matemáticas,2026-1,,0,False
3307c6b7ae3cc497177a2b5b,Cálculo Integral,2026-2,,0,False
af9ca1cff8e95b5fb2e41284,Electricidad y Magnetismo,2025-2,4.89,0,False
84ab33f01e396616f6ba3d99,Física Moderna,2025-2,3.39,0,False
b8733176cf1642c747ef5502,Cálculo Vectorial,2025-2,,0,False
b8733176cf1642c747ef5502,Ecuaciones Diferenciales,2025-2,,0,False
b8733176cf1642c747ef5502,Electricidad y Magnetismo,2026-1,3.33,0,False
b8733176cf1642c747ef5502,Ecuaciones Diferenciales,2026-1,3.47,0,False
72ff53e18571819e613eddf7,Electricidad y Magnetismo,2026-1,3.53,2,True
7e8692aded8dd5f2c4abb07e,Física Mecánica,2025-2,,0,False
7e8692aded8dd5f2c4abb07e,Fortalecimiento Académico: Física,2025-2,,0,False
7e8692aded8dd5f2c4abb07e,Electricidad y Magnetismo,2026-2,,0,False
7e8692aded8dd5f2c4abb07e,Física Mecánica,2026-2,,0,False
7e8692aded8dd5f2c4abb07e,Fortalecimiento Académico: Física,2026-2,,0,False
7e8692aded8dd5f2c4abb07e,Cálculo Vectorial,2026-1,3.14,1,True
7e8692aded8dd5f2c4abb07e,Geometría Analítica,2025-2,3.44,0,False
7e8692aded8dd5f2c4abb07e,Álgebra Lineal,2025-2,3.52,2,True
7e8692aded8dd5f2c4abb07e,Cálculo Integral,2025-2,3.59,0,False
7e8692aded8dd5f2c4abb07e,Ecuaciones Diferenciales,2026-1,3.93,0,False
271606ef195254cf74338cba,Electricidad y Magnetismo,2025-2,3.25,0,False
4fbfe557ad4e71b72f9ecdf4,Electricidad y Magnetismo,2025-2,4.46,0,False
621f48b76cd5577d46373e0d,Electricidad y Magnetismo,2025-2,,0,False
621f48b76cd5577d46373e0d,Electricidad y Magnetismo,2025-2,3.64,0,False
4fca4323b3abcf6199cf1583,Álgebra Lineal,2026-2,,1,True
4fca4323b3abcf6199cf1583,Álgebra Lineal,2025-2,2.13,1,True
02ac157b820fc384f263fc7d,Cálculo Integral,2026-2,,0,False
02ac157b820fc384f263fc7d,Geometría Analítica,2025-2,3.14,0,False
02ac157b820fc384f263fc7d,Física Mecánica,2026-1,3.71,0,False
02ac157b820fc384f263fc7d,Cálculo Diferencial,2026-1,3.77,0,False
5338a2afcb4fe4a033388f20,Ecuaciones Diferenciales,2025-2,,0,False
5338a2afcb4fe4a033388f20,Electricidad y Magnetismo,2026-1,,0,False
5338a2afcb4fe4a033388f20,Fortalecimiento Académico: Física,2026-1,,0,False
5338a2afcb4fe4a033388f20,Ecuaciones Diferenciales,2026-2,,0,False
5338a2afcb4fe4a033388f20,Electricidad y Magnetismo,2026-2,,0,False
5338a2afcb4fe4a033388f20,Ecuaciones Diferenciales,2026-1,2.90,0,False
5338a2afcb4fe4a033388f20,Cálculo Vectorial,2025-2,3.00,0,False
efb65c86e31b999f124b904e,Cálculo Diferencial,2026-1,,0,False
efb65c86e31b999f124b904e,Fundamentos Matemáticos,2026-1,,0,False
efb65c86e31b999f124b904e,Geometría Analítica,2026-1,,0,False
efb65c86e31b999f124b904e,Álgebra Lineal,2026-2,,0,False
efb65c86e31b999f124b904e,Cálculo Integral,2026-2,,0,False
efb65c86e31b999f124b904e,Fundamentos Matemáticos,2026-1,3.00,0,False
efb65c86e31b999f124b904e,Fundamentos de Química,2026-1,3.08,0,False
efb65c86e31b999f124b904e,Geometría Analítica,2026-1,3.80,0,False
efb65c86e31b999f124b904e,Cálculo Diferencial,2026-1,3.85,0,False
afcd762386c4f137e30d575d,Cálculo Diferencial,2025-2,,0,False
afcd762386c4f137e30d575d,Geometría Analítica,2025-2,,0,False
afcd762386c4f137e30d575d,Fundamentos de Química,2025-2,2.62,0,False
afcd762386c4f137e30d575d,Geometría Analítica,2026-1,2.70,0,False
afcd762386c4f137e30d575d,Cálculo Diferencial,2026-1,3.05,1,True
afcd762386c4f137e30d575d,Fundamentos Matemáticos,2025-2,3.10,0,False
1ddf954224b55178ebcf3044,Electricidad y Magnetismo,2026-2,,0,False
1ddf954224b55178ebcf3044,Fortalecimiento Académico: Física,2026-2,,0,False
1ddf954224b55178ebcf3044,Álgebra Lineal,2025-2,2.81,0,False
ba004907a1846fad2e5526b1,Física Mecánica,2025-2,,0,False
ba004907a1846fad2e5526b1,Cálculo Integral,2026-2,,0,False
ba004907a1846fad2e5526b1,Física Mecánica,2025-2,3.06,0,False
1c27dc3ac8d31569b83350bc,Cálculo Integral,2026-2,,0,False
1c27dc3ac8d31569b83350bc,Física Mecánica,2026-1,2.55,0,False
1c27dc3ac8d31569b83350bc,Álgebra Lineal,2025-2,3.01,0,False
c003834125d68d3cd201bec1,Cálculo Vectorial,2025-2,,0,False
c003834125d68d3cd201bec1,Álgebra Lineal,2026-1,,0,False
c003834125d68d3cd201bec1,Cálculo Vectorial,2026-1,,0,False
c003834125d68d3cd201bec1,Ecuaciones Diferenciales,2026-1,,0,False
c003834125d68d3cd201bec1,Álgebra Lineal,2025-2,2.27,0,False
c003834125d68d3cd201bec1,Ecuaciones Diferenciales,2025-2,2.80,1,True
888ec4e394d126959c17b4b7,Fortalecimiento Académico: Matemáticas,2026-2,,0,False
e8c436ec0df1da32749e7ad8,Álgebra Lineal,2025-2,,0,False
e8c436ec0df1da32749e7ad8,Fortalecimiento Académico: Matemáticas,2025-2,,0,False
e8c436ec0df1da32749e7ad8,Álgebra Lineal,2026-2,,0,False
e8c436ec0df1da32749e7ad8,Cálculo Integral,2026-2,,0,False
e8c436ec0df1da32749e7ad8,Fortalecimiento Académico: Matemáticas,2026-2,,0,False
bfcb162ab3b62e6b9102252a,Electricidad y Magnetismo,2025-2,,0,False
bfcb162ab3b62e6b9102252a,Fortalecimiento Académico: Física,2025-2,,0,False
bfcb162ab3b62e6b9102252a,Electricidad y Magnetismo,2026-2,,0,False
bfcb162ab3b62e6b9102252a,Álgebra Lineal,2025-2,3.60,0,False
b65fab13a8d0c0a974b33de1,Fundamentos de Química,2025-2,0.12,0,False
b65fab13a8d0c0a974b33de1,Cálculo Integral,2025-2,0.48,0,False
7e3832457ab61842ef6be23d,Álgebra Lineal,2026-1,3.36,0,False
1ee72f305d16d3d829b95caf,Cálculo Integral,2025-2,,1,True
1ee72f305d16d3d829b95caf,Fortalecimiento Académico: Matemáticas,2025-2,,0,False
1ee72f305d16d3d829b95caf,Cálculo Integral,2026-1,,0,False
1ee72f305d16d3d829b95caf,Álgebra Lineal,2026-2,,0,False
1ee72f305d16d3d829b95caf,Cálculo Integral,2026-2,,0,False
1ee72f305d16d3d829b95caf,Fortalecimiento Académico: Matemáticas,2026-2,,0,False
1ee72f305d16d3d829b95caf,Geometría Analítica,2026-1,3.28,1,True
518c59fcc1e1525aef809f16,Electricidad y Magnetismo,2025-2,,4,True
518c59fcc1e1525aef809f16,Fortalecimiento Académico: Física,2025-2,,0,False
ff50b2c98cb190d7440adf0c,Fortalecimiento Académico: Física,2025-2,,0,False
ff50b2c98cb190d7440adf0c,Electricidad y Magnetismo,2025-2,3.62,3,True
487b99736f6905213d7fdb08,Fortalecimiento Académico: Física,2025-2,,0,False
487b99736f6905213d7fdb08,Electricidad y Magnetismo,2025-2,3.08,0,False
5bafd03d5ddb5a3f002c585b,Cálculo Diferencial,2026-2,,1,True
5bafd03d5ddb5a3f002c585b,Fortalecimiento Académico: Matemáticas,2026-2,,0,False
5bafd03d5ddb5a3f002c585b,Fundamentos Matemáticos,2026-2,,0,False
5bafd03d5ddb5a3f002c585b,Geometría Analítica,2026-2,,1,True
aabbd08d3a60bba78d8a17f6,Electricidad y Magnetismo,2025-2,3.68,1,True
0a72c18cf1e32ea47e45225e,Física Mecánica,2026-1,2.60,0,False
6e6baa8eef1b3f3c11a29393,Álgebra Lineal,2026-1,1.83,1,True
5214a701ca331da607d363de,Álgebra Lineal,2026-2,,0,False
5214a701ca331da607d363de,Cálculo Diferencial,2026-2,,0,False
5214a701ca331da607d363de,Álgebra Lineal,2026-1,0.14,0,False
5214a701ca331da607d363de,Cálculo Diferencial,2026-1,0.48,0,False
8adda7e0cddf895d133db8cc,Cálculo Integral,2026-2,,0,False
8adda7e0cddf895d133db8cc,Geometría Analítica,2025-2,3.08,0,False
8adda7e0cddf895d133db8cc,Cálculo Diferencial,2026-1,3.24,0,False
8adda7e0cddf895d133db8cc,Física Mecánica,2026-1,3.38,0,False
025af6e678f4ac10b5f554ed,Cálculo Integral,2026-1,,0,False
025af6e678f4ac10b5f554ed,Álgebra Lineal,2026-2,,0,False
025af6e678f4ac10b5f554ed,Cálculo Diferencial,2025-2,2.52,0,False
025af6e678f4ac10b5f554ed,Cálculo Integral,2026-1,3.00,0,False
025af6e678f4ac10b5f554ed,Física Mecánica,2026-1,3.40,0,False
025af6e678f4ac10b5f554ed,Cálculo Diferencial,2025-2,3.88,0,False
5f64dc6b58ca07f5e5fe9807,Cálculo Diferencial,2025-2,,0,False
5f64dc6b58ca07f5e5fe9807,Fortalecimiento Académico: Matemáticas,2025-2,,0,False
5f64dc6b58ca07f5e5fe9807,Álgebra Lineal,2026-2,,0,False
5f64dc6b58ca07f5e5fe9807,Cálculo Integral,2026-2,,0,False
5f64dc6b58ca07f5e5fe9807,Geometría Analítica,2025-2,1.95,0,False
5f64dc6b58ca07f5e5fe9807,Fundamentos de Química,2025-2,2.37,0,False
5f64dc6b58ca07f5e5fe9807,Fundamentos Matemáticos,2025-2,2.43,0,False
5f64dc6b58ca07f5e5fe9807,Geometría Analítica,2026-1,3.01,0,False
5f64dc6b58ca07f5e5fe9807,Cálculo Diferencial,2026-1,3.06,0,False
6181c26370913a35d720b500,Electricidad y Magnetismo,2025-2,3.25,0,False
6181c26370913a35d720b500,Cálculo Vectorial,2026-1,3.91,0,False
6181c26370913a35d720b500,Álgebra Lineal,2025-2,4.38,0,False
a1f2aec40a4cb447690aec0c,Álgebra Lineal,2026-2,,0,False
a1f2aec40a4cb447690aec0c,Física Mecánica,2025-2,3.90,0,False
a1f2aec40a4cb447690aec0c,Cálculo Integral,2025-2,4.32,0,False
939f172de846b8095f53d8df,Electricidad y Magnetismo,2025-2,3.13,1,True
0fade8fb5a34483c50632a42,Física Mecánica,2025-2,,0,False
0fade8fb5a34483c50632a42,Fortalecimiento Académico: Física,2025-2,,0,False
0fade8fb5a34483c50632a42,Cálculo Integral,2026-1,,0,False
0fade8fb5a34483c50632a42,Física Mecánica,2025-2,3.02,0,False
eed8cc8e0024c0725bb7fa7f,Fortalecimiento Académico: Matemáticas,2026-1,,0,False
bd5cb4f0989a18ca24cc0450,Cálculo Integral,2025-2,,0,False
bd5cb4f0989a18ca24cc0450,Fortalecimiento Académico: Matemáticas,2025-2,,0,False
bd5cb4f0989a18ca24cc0450,Cálculo Integral,2026-1,,3,True
bd5cb4f0989a18ca24cc0450,Cálculo Integral,2026-2,,0,False
957f563c85d00ceeb69611e9,Fortalecimiento Académico: Matemáticas,2025-2,,0,False
957f563c85d00ceeb69611e9,Cálculo Integral,2026-2,,1,True
957f563c85d00ceeb69611e9,Cálculo Diferencial,2025-2,2.10,0,False
957f563c85d00ceeb69611e9,Geometría Analítica,2025-2,2.23,0,False
957f563c85d00ceeb69611e9,Cálculo Diferencial,2026-1,2.36,0,False
957f563c85d00ceeb69611e9,Cálculo Diferencial,2025-2,2.49,0,False
957f563c85d00ceeb69611e9,Cálculo Diferencial,2026-1,3.00,0,False
da3ec8cb932c10eba0486bb2,Cálculo Integral,2025-2,2.35,0,False
b0fae12298cec27f98c0625b,Cálculo Integral,2026-2,,0,False
b0fae12298cec27f98c0625b,Física Mecánica,2026-2,,0,False
b0fae12298cec27f98c0625b,Fortalecimiento Académico: Matemáticas,2026-2,,0,False
132a6abddb9791852fb1508f,Cálculo Vectorial,2025-2,3.06,0,False
d158a6c2df74e028a65a8d41,Álgebra Lineal,2026-1,3.93,0,False
3551cccdb7a6de931d959fbe,Fortalecimiento Académico: Matemáticas,2025-2,,0,False
3551cccdb7a6de931d959fbe,Física Mecánica,2025-2,3.25,0,False
3551cccdb7a6de931d959fbe,Cálculo Integral,2025-2,3.41,1,True
3551cccdb7a6de931d959fbe,Álgebra Lineal,2026-1,4.48,0,False
ad99dda5fd733dde7a10f2d6,Física Mecánica,2025-2,,0,False
ad99dda5fd733dde7a10f2d6,Física Mecánica,2026-1,3.15,0,False
fec37574e4989b810e060673,Cálculo Vectorial,2026-2,,0,False
fec37574e4989b810e060673,Ecuaciones Diferenciales,2026-2,,1,True
fec37574e4989b810e060673,Electricidad y Magnetismo,2026-2,,0,False
fec37574e4989b810e060673,Fortalecimiento Académico: Física,2026-2,,0,False
5ff21c63428708a0384cfe54,Electricidad y Magnetismo,2025-2,,0,False
5ff21c63428708a0384cfe54,Cálculo Vectorial,2026-1,,0,False
5ff21c63428708a0384cfe54,Cálculo Vectorial,2026-2,,0,False
5ff21c63428708a0384cfe54,Física Moderna,2026-2,,0,False
5ff21c63428708a0384cfe54,Electricidad y Magnetismo,2026-1,1.80,0,False
e9bc2c1b30e324bf036715e3,Fortalecimiento Académico: Física,2026-2,,0,False
e9bc2c1b30e324bf036715e3,Electricidad y Magnetismo,2026-1,4.46,4,True
53139de74a8bc7414350f217,Electricidad y Magnetismo,2026-1,3.01,0,False
53139de74a8bc7414350f217,Cálculo Vectorial,2026-1,3.50,0,False
53139de74a8bc7414350f217,Ecuaciones Diferenciales,2025-2,4.52,1,True
8f34c1d861cfa4c9757e3a4f,Física Mecánica,2025-2,,0,False
8f34c1d861cfa4c9757e3a4f,Álgebra Lineal,2026-1,,0,False
8f34c1d861cfa4c9757e3a4f,Física Mecánica,2026-1,,0,False
8f34c1d861cfa4c9757e3a4f,Física Mecánica,2026-2,,0,False
d320ed62e9c408f959b033f0,Cálculo Diferencial,2026-2,,0,False
26cddaadb26100e7d7c043fd,Fundamentos Matemáticos,2026-1,0.00,0,False
26cddaadb26100e7d7c043fd,Fundamentos Matemáticos,2025-2,0.67,0,False
69c764950a5e527a8e5d9f28,Electricidad y Magnetismo,2025-2,3.49,0,False
c3a9b65d540f6cb58fcf5607,Cálculo Integral,2025-2,,0,False
c3a9b65d540f6cb58fcf5607,Cálculo Integral,2026-1,,1,True
c3a9b65d540f6cb58fcf5607,Cálculo Integral,2026-2,,0,False
0a1fdb2bf43d5fb668f0b548,Física Mecánica,2025-2,,0,False
0a1fdb2bf43d5fb668f0b548,Cálculo Vectorial,2025-2,3.22,0,False
0a1fdb2bf43d5fb668f0b548,Electricidad y Magnetismo,2025-2,3.22,1,True
0a1fdb2bf43d5fb668f0b548,Fundamentos Matemáticos,2025-2,3.61,0,False
28188bafa55e251a341832fb,Fortalecimiento Académico: Física,2025-2,,0,False
28188bafa55e251a341832fb,Electricidad y Magnetismo,2025-2,3.30,0,False
28188bafa55e251a341832fb,Cálculo Vectorial,2026-1,3.38,0,False
d94379cfbb4fe1502df04b2e,Electricidad y Magnetismo,2025-2,3.21,0,False
0a718ddab71b3ca484ff6972,Cálculo Integral,2025-2,,0,False
0a718ddab71b3ca484ff6972,Cálculo Integral,2026-1,,0,False
0a718ddab71b3ca484ff6972,Fundamentos de Química,2025-2,2.30,0,False
6a0d0365b48791d98bf547e9,Cálculo Integral,2025-2,,0,False
6a0d0365b48791d98bf547e9,Física Mecánica,2026-1,,1,True
6a0d0365b48791d98bf547e9,Álgebra Lineal,2026-2,,0,False
6a0d0365b48791d98bf547e9,Cálculo Vectorial,2026-2,,0,False
6a0d0365b48791d98bf547e9,Ecuaciones Diferenciales,2026-2,,0,False
6a0d0365b48791d98bf547e9,Física Mecánica,2026-2,,0,False
6a0d0365b48791d98bf547e9,Álgebra Lineal,2026-1,2.58,1,True
6a0d0365b48791d98bf547e9,Física Mecánica,2026-1,2.70,1,True
6a0d0365b48791d98bf547e9,Geometría Analítica,2025-2,3.05,0,False
6a0d0365b48791d98bf547e9,Cálculo Integral,2026-1,3.41,0,False
bef3947e4ab63b19886e9328,Física Mecánica,2026-1,3.39,0,False
bef3947e4ab63b19886e9328,Álgebra Lineal,2025-2,3.58,1,True
6825b58d180a9b22748d14d1,Cálculo Diferencial,2026-2,,3,True
6825b58d180a9b22748d14d1,Fortalecimiento Académico: Matemáticas,2026-2,,0,False
0e59c817a4a7c31385378eea,Cálculo Integral,2025-2,,1,True
0e59c817a4a7c31385378eea,Física Mecánica,2025-2,,1,True
0e59c817a4a7c31385378eea,Cálculo Integral,2026-1,,2,True
0e59c817a4a7c31385378eea,Fortalecimiento Académico: Matemáticas,2026-1,,0,False
0e59c817a4a7c31385378eea,Álgebra Lineal,2026-2,,2,True
0e59c817a4a7c31385378eea,Cálculo Integral,2025-2,2.17,1,True
9d57b751139cfdd96b782d79,Fortalecimiento Académico: Matemáticas,2026-1,,0,False
a651968ac022fcdbe31604dd,Física Mecánica,2025-2,3.85,0,False
a651968ac022fcdbe31604dd,Cálculo Integral,2025-2,4.51,0,False
a651968ac022fcdbe31604dd,Álgebra Lineal,2026-1,4.75,0,False
b6f7c7fae3208b0d72517f82,Física Mecánica,2025-2,,0,False
b6f7c7fae3208b0d72517f82,Cálculo Integral,2025-2,3.74,0,False
b6f7c7fae3208b0d72517f82,Álgebra Lineal,2026-1,4.08,0,False
a841c89e64d6852b2b60f727,Cálculo Diferencial,2025-2,,0,False
a841c89e64d6852b2b60f727,Geometría Analítica,2025-2,,0,False
942cd568ef558c066fca9ca5,Geometría Analítica,2025-2,,0,False
942cd568ef558c066fca9ca5,Cálculo Diferencial,2026-2,,0,False
942cd568ef558c066fca9ca5,Geometría Analítica,2026-2,,0,False
942cd568ef558c066fca9ca5,Cálculo Diferencial,2025-2,1.59,0,False
3b9ea80ee5eda617571b4814,Cálculo Diferencial,2025-2,,0,False
3b9ea80ee5eda617571b4814,Geometría Analítica,2025-2,,0,False
3b9ea80ee5eda617571b4814,Cálculo Diferencial,2026-2,,0,False
3b9ea80ee5eda617571b4814,Geometría Analítica,2026-2,,0,False
671024827f25481dd51b4141,Fortalecimiento Académico: Matemáticas,2025-2,,0,False
671024827f25481dd51b4141,Fortalecimiento Académico: Matemáticas,2026-1,,0,False
c22fd7fc60f53e38b0164d00,Cálculo Diferencial,2025-2,,2,True
c22fd7fc60f53e38b0164d00,Fortalecimiento Académico: Matemáticas,2025-2,,0,False
c22fd7fc60f53e38b0164d00,Álgebra Lineal,2026-2,,0,False
c22fd7fc60f53e38b0164d00,Geometría Analítica,2025-2,3.76,0,False
c22fd7fc60f53e38b0164d00,Física Mecánica,2026-1,3.85,1,True
c22fd7fc60f53e38b0164d00,Cálculo Integral,2026-1,3.93,0,False
c22fd7fc60f53e38b0164d00,Fundamentos Matemáticos,2025-2,4.00,0,False
c22fd7fc60f53e38b0164d00,Cálculo Diferencial,2025-2,4.54,2,True
74152f76df381bdeaa233259,Fortalecimiento Académico: Física,2026-1,,0,False
74152f76df381bdeaa233259,Electricidad y Magnetismo,2026-1,3.06,1,True
013963a1ca731804a36b3aa1,Electricidad y Magnetismo,2025-2,,0,False
013963a1ca731804a36b3aa1,Cálculo Integral,2025-2,2.71,0,False
5e046f15dbe86e21c3309e93,Ecuaciones Diferenciales,2026-1,,0,False
5e046f15dbe86e21c3309e93,Ecuaciones Diferenciales,2026-2,,0,False
5e046f15dbe86e21c3309e93,Electricidad y Magnetismo,2026-2,,0,False
5e046f15dbe86e21c3309e93,Fortalecimiento Académico: Física,2026-2,,0,False
5e046f15dbe86e21c3309e93,Ecuaciones Diferenciales,2025-2,2.79,3,True
5cb6ab6d30d57128f04bdc1c,Cálculo Integral,2025-2,0.89,2,True
637753cf59dd05926e3d20b5,Fortalecimiento Académico: Matemáticas,2025-2,,0,False
637753cf59dd05926e3d20b5,Cálculo Diferencial,2026-1,,0,False
637753cf59dd05926e3d20b5,Geometría Analítica,2026-1,,0,False
637753cf59dd05926e3d20b5,Cálculo Diferencial,2025-2,1.23,0,False
637753cf59dd05926e3d20b5,Geometría Analítica,2025-2,1.27,0,False
637753cf59dd05926e3d20b5,Fundamentos Matemáticos,2025-2,1.29,0,False
637753cf59dd05926e3d20b5,Fundamentos de Química,2025-2,1.83,0,False
a05693144991cddc6bdabf71,Cálculo Diferencial,2025-2,,0,False
a05693144991cddc6bdabf71,Fortalecimiento Académico: Matemáticas,2025-2,,0,False
a05693144991cddc6bdabf71,Geometría Analítica,2025-2,,0,False
a05693144991cddc6bdabf71,Cálculo Diferencial,2026-1,,0,False
a05693144991cddc6bdabf71,Geometría Analítica,2026-1,,0,False
a05693144991cddc6bdabf71,Cálculo Diferencial,2026-2,,0,False
a05693144991cddc6bdabf71,Geometría Analítica,2026-2,,0,False
9299e60ab337ff398101a7d4,Fortalecimiento Académico: Física,2026-1,,0,False
9299e60ab337ff398101a7d4,Electricidad y Magnetismo,2026-1,4.40,4,True
84dcc654af181841f22c401a,Cálculo Vectorial,2025-2,3.05,2,True
84dcc654af181841f22c401a,Física Moderna,2026-1,3.48,0,False
84dcc654af181841f22c401a,Electricidad y Magnetismo,2025-2,3.56,4,True
9858b6d129cf765a2a03da8a,Cálculo Diferencial,2025-2,,0,False
9858b6d129cf765a2a03da8a,Cálculo Diferencial,2026-1,,0,False
9858b6d129cf765a2a03da8a,Álgebra Lineal,2026-2,,0,False
9858b6d129cf765a2a03da8a,Cálculo Diferencial,2026-2,,0,False
4b048f80d0cbd823b2785dc9,Cálculo Vectorial,2026-2,,0,False
4b048f80d0cbd823b2785dc9,Fundamentos de Química,2026-2,,0,False
4b048f80d0cbd823b2785dc9,Física Mecánica,2025-2,3.18,2,True
4b048f80d0cbd823b2785dc9,Álgebra Lineal,2025-2,3.49,0,False
11d054827fa5295730787123,Física Mecánica,2025-2,,0,False
11d054827fa5295730787123,Álgebra Lineal,2025-2,3.23,0,False
65e26c56f69ac57e60ee4b29,Física Moderna,2025-2,2.26,0,False
65e26c56f69ac57e60ee4b29,Física Moderna,2026-1,3.11,0,False
e3ebe4e3f84f34e491d6e045,Fortalecimiento Académico: Matemáticas,2025-2,,0,False
5700202b0181287cf10dddb4,Cálculo Diferencial,2026-1,,0,False
5700202b0181287cf10dddb4,Geometría Analítica,2026-1,,2,True
5700202b0181287cf10dddb4,Cálculo Diferencial,2026-2,,0,False
5700202b0181287cf10dddb4,Geometría Analítica,2026-1,3.00,2,True
bf50a6e688b232b81b2f8c6a,Geometría Analítica,2025-2,3.28,1,True
bf50a6e688b232b81b2f8c6a,Álgebra Lineal,2026-1,3.66,1,True
335792a283f9586ccf666d03,Electricidad y Magnetismo,2026-2,,0,False
335792a283f9586ccf666d03,Física Mecánica,2025-2,3.03,2,True
6f40d881c04c22eceb263183,Cálculo Vectorial,2026-1,,0,False
6f40d881c04c22eceb263183,Cálculo Vectorial,2026-2,,0,False
6f40d881c04c22eceb263183,Ecuaciones Diferenciales,2025-2,3.02,1,True
6f40d881c04c22eceb263183,Electricidad y Magnetismo,2025-2,3.05,0,False
6f40d881c04c22eceb263183,Física Moderna,2026-1,3.09,0,False
b2127758e3748aaa37203c82,Física Moderna,2025-2,3.26,0,False
685d543fbba1cd12c5aa318d,Cálculo Diferencial,2026-1,,0,False
685d543fbba1cd12c5aa318d,Cálculo Diferencial,2026-2,,0,False
685d543fbba1cd12c5aa318d,Geometría Analítica,2026-2,,0,False
685d543fbba1cd12c5aa318d,Geometría Analítica,2025-2,0.52,0,False
685d543fbba1cd12c5aa318d,Cálculo Diferencial,2025-2,1.78,0,False
84d5521e19a131a966ff9775,Física Mecánica,2025-2,2.76,0,False
9caf20db14ff7f1121ce4aff,Fortalecimiento Académico: Física,2026-1,,0,False
9caf20db14ff7f1121ce4aff,Cálculo Vectorial,2026-2,,0,False
9caf20db14ff7f1121ce4aff,Electricidad y Magnetismo,2026-1,3.21,1,True
9caf20db14ff7f1121ce4aff,Física Mecánica,2025-2,3.36,0,False
9caf20db14ff7f1121ce4aff,Fundamentos de Química,2025-2,3.48,2,True
9caf20db14ff7f1121ce4aff,Ecuaciones Diferenciales,2026-1,3.52,0,False
9caf20db14ff7f1121ce4aff,Cálculo Integral,2025-2,3.81,17,True
9caf20db14ff7f1121ce4aff,Álgebra Lineal,2025-2,4.51,6,True
10abff3bb7157a91aa3aed41,Cálculo Integral,2025-2,,0,False
10abff3bb7157a91aa3aed41,Fortalecimiento Académico: Física,2025-2,,0,False
10abff3bb7157a91aa3aed41,Fortalecimiento Académico: Matemáticas,2025-2,,0,False
10abff3bb7157a91aa3aed41,Cálculo Integral,2026-1,,0,False
10abff3bb7157a91aa3aed41,Ecuaciones Diferenciales,2026-1,,2,True
10abff3bb7157a91aa3aed41,Física Mecánica,2026-1,,0,False
10abff3bb7157a91aa3aed41,Cálculo Integral,2026-2,,1,True
10abff3bb7157a91aa3aed41,Electricidad y Magnetismo,2026-2,,0,False
10abff3bb7157a91aa3aed41,Cálculo Integral,2026-1,2.35,0,False
10abff3bb7157a91aa3aed41,Física Mecánica,2025-2,2.36,0,False
10abff3bb7157a91aa3aed41,Ecuaciones Diferenciales,2026-1,3.00,2,True
10abff3bb7157a91aa3aed41,Física Mecánica,2026-1,3.64,0,False
fabf33c890206815f7d6d01c,Fortalecimiento Académico: Matemáticas,2025-2,,0,False
cf46894302e156b38a220219,Álgebra Lineal,2025-2,,1,True
f51a9f3e7c1ccf750ea79e19,Cálculo Vectorial,2025-2,3.55,1,True
f51a9f3e7c1ccf750ea79e19,Electricidad y Magnetismo,2025-2,3.72,1,True
f51a9f3e7c1ccf750ea79e19,Ecuaciones Diferenciales,2025-2,4.98,1,True
ef77b553075848afaa97c3c1,Cálculo Integral,2025-2,,2,True
ef77b553075848afaa97c3c1,Fortalecimiento Académico: Matemáticas,2025-2,,0,False
ef77b553075848afaa97c3c1,Álgebra Lineal,2026-1,,1,True
ef77b553075848afaa97c3c1,Fortalecimiento Académico: Matemáticas,2026-2,,0,False
ef77b553075848afaa97c3c1,Geometría Analítica,2026-2,,0,False
ef77b553075848afaa97c3c1,Física Mecánica,2025-2,2.35,6,True
406de0afe32bc1777aa8dc22,Fortalecimiento Académico: Matemáticas,2026-2,,0,False
1edce51737fbab5f67369413,Fortalecimiento Académico: Matemáticas,2026-1,,0,False
1edce51737fbab5f67369413,Cálculo Integral,2026-2,,0,False
1edce51737fbab5f67369413,Física Mecánica,2026-2,,1,True
1edce51737fbab5f67369413,Fortalecimiento Académico: Matemáticas,2026-2,,0,False
1edce51737fbab5f67369413,Cálculo Diferencial,2026-1,3.51,1,True
1edce51737fbab5f67369413,Geometría Analítica,2026-1,4.02,0,False
7e01e0abf474882dc49f3074,Cálculo Vectorial,2026-1,2.79,0,False
7e01e0abf474882dc49f3074,Electricidad y Magnetismo,2025-2,3.02,0,False
f5cdc1ad6ecd927f93caf5d5,Física Mecánica,2025-2,,0,False
f5cdc1ad6ecd927f93caf5d5,Cálculo Integral,2025-2,2.11,0,False
c6a2a785f6a4cc68d8ddd09a,Cálculo Vectorial,2025-2,2.74,1,True
c6a2a785f6a4cc68d8ddd09a,Física Moderna,2025-2,3.61,0,False
c6a2a785f6a4cc68d8ddd09a,Cálculo Vectorial,2025-2,3.89,1,True
13951e73e0b1ec1cea4894dd,Álgebra Lineal,2025-2,,0,False
13951e73e0b1ec1cea4894dd,Física Mecánica,2025-2,,0,False
13951e73e0b1ec1cea4894dd,Fortalecimiento Académico: Matemáticas,2025-2,,0,False
13951e73e0b1ec1cea4894dd,Álgebra Lineal,2026-1,,0,False
13951e73e0b1ec1cea4894dd,Cálculo Integral,2026-1,,0,False
13951e73e0b1ec1cea4894dd,Física Mecánica,2026-1,,0,False
13951e73e0b1ec1cea4894dd,Álgebra Lineal,2026-2,,0,False
13951e73e0b1ec1cea4894dd,Cálculo Integral,2026-2,,0,False
13951e73e0b1ec1cea4894dd,Cálculo Integral,2025-2,1.74,0,False
48c1104523b3822aa89552c6,Electricidad y Magnetismo,2025-2,,0,False
48c1104523b3822aa89552c6,Fortalecimiento Académico: Física,2026-1,,0,False
48c1104523b3822aa89552c6,Electricidad y Magnetismo,2026-1,3.10,0,False
48c1104523b3822aa89552c6,Fundamentos de Química,2025-2,3.14,0,False
a340939613ff1abc1c1027ac,Álgebra Lineal,2025-2,,4,True
a340939613ff1abc1c1027ac,Fortalecimiento Académico: Matemáticas,2025-2,,0,False
a340939613ff1abc1c1027ac,Cálculo Integral,2025-2,3.01,1,True
a340939613ff1abc1c1027ac,Álgebra Lineal,2025-2,3.87,4,True
87db3a7c3e5eb7e8dd167d88,Cálculo Integral,2025-2,,1,True
87db3a7c3e5eb7e8dd167d88,Fortalecimiento Académico: Matemáticas,2026-1,,0,False
87db3a7c3e5eb7e8dd167d88,Física Mecánica,2026-2,,0,False
87db3a7c3e5eb7e8dd167d88,Fundamentos Matemáticos,2026-2,,0,False
87db3a7c3e5eb7e8dd167d88,Cálculo Integral,2025-2,2.98,1,True
87db3a7c3e5eb7e8dd167d88,Geometría Analítica,2025-2,3.27,0,False
87db3a7c3e5eb7e8dd167d88,Cálculo Integral,2026-1,3.34,3,True
87db3a7c3e5eb7e8dd167d88,Álgebra Lineal,2026-1,3.72,1,True
021780250dc9347037dde0f4,Cálculo Vectorial,2025-2,,0,False
021780250dc9347037dde0f4,Electricidad y Magnetismo,2025-2,,0,False
021780250dc9347037dde0f4,Electricidad y Magnetismo,2026-1,3.37,0,False
021780250dc9347037dde0f4,Ecuaciones Diferenciales,2026-1,3.44,0,False
7febadd44039725a784634a5,Electricidad y Magnetismo,2025-2,,0,False
7febadd44039725a784634a5,Electricidad y Magnetismo,2025-2,3.04,0,False
55249d4c60e2fe1cb1409351,Ecuaciones Diferenciales,2025-2,2.88,9,True
55249d4c60e2fe1cb1409351,Electricidad y Magnetismo,2025-2,3.09,2,True
55249d4c60e2fe1cb1409351,Cálculo Vectorial,2025-2,3.24,0,False
55249d4c60e2fe1cb1409351,Ecuaciones Diferenciales,2025-2,3.51,9,True
8a202e1301e2f249ce65ae4a,Fortalecimiento Académico: Física,2025-2,,0,False
8a202e1301e2f249ce65ae4a,Ecuaciones Diferenciales,2025-2,3.25,0,False
8a202e1301e2f249ce65ae4a,Electricidad y Magnetismo,2025-2,3.34,1,True
ad2844e597151e390c5f1c87,Física Mecánica,2025-2,0.96,0,False
1ad094a25c5b34aeeccb3fee,Geometría Analítica,2026-1,,0,False
1ad094a25c5b34aeeccb3fee,Cálculo Diferencial,2026-2,,0,False
1ad094a25c5b34aeeccb3fee,Geometría Analítica,2026-2,,0,False
1ad094a25c5b34aeeccb3fee,Cálculo Diferencial,2025-2,0.00,0,False
1ad094a25c5b34aeeccb3fee,Cálculo Diferencial,2026-1,0.00,0,False
54d43621ee83ae56eeb69aeb,Ecuaciones Diferenciales,2026-1,,0,False
54d43621ee83ae56eeb69aeb,Electricidad y Magnetismo,2026-2,,0,False
54d43621ee83ae56eeb69aeb,Cálculo Vectorial,2025-2,1.79,0,False
54d43621ee83ae56eeb69aeb,Fundamentos Matemáticos,2025-2,3.80,0,False
7a678e80564f982e5ba0e952,Álgebra Lineal,2025-2,3.80,1,True
17ef96ea7049bad9959955ee,Cálculo Vectorial,2026-2,,0,False
17ef96ea7049bad9959955ee,Electricidad y Magnetismo,2026-2,,0,False
17ef96ea7049bad9959955ee,Cálculo Integral,2025-2,2.88,7,True
17ef96ea7049bad9959955ee,Álgebra Lineal,2025-2,3.55,1,True
17ef96ea7049bad9959955ee,Cálculo Integral,2025-2,4.77,7,True
746094cbfa5e6319f6533bb3,Ecuaciones Diferenciales,2025-2,,0,False
746094cbfa5e6319f6533bb3,Electricidad y Magnetismo,2025-2,,2,True
746094cbfa5e6319f6533bb3,Electricidad y Magnetismo,2025-2,3.00,2,True
746094cbfa5e6319f6533bb3,Ecuaciones Diferenciales,2025-2,3.02,0,False
48617608319fe99457ac09dc,Fortalecimiento Académico: Matemáticas,2025-2,,0,False
0d7242539f49eb0d484e7975,Electricidad y Magnetismo,2026-2,,0,False
0d7242539f49eb0d484e7975,Cálculo Vectorial,2025-2,2.78,2,True
0d7242539f49eb0d484e7975,Ecuaciones Diferenciales,2026-1,3.00,6,True
0d7242539f49eb0d484e7975,Cálculo Vectorial,2026-1,3.01,0,False
608e4db63d2c301f74b1f57f,Electricidad y Magnetismo,2025-2,4.71,0,False
17e30cecf5d0316d939737a4,Cálculo Diferencial,2026-1,,0,False
17e30cecf5d0316d939737a4,Geometría Analítica,2026-1,,0,False
17e30cecf5d0316d939737a4,Cálculo Diferencial,2026-2,,1,True
17e30cecf5d0316d939737a4,Geometría Analítica,2026-2,,0,False
e474c5faee806d6bb55530e1,Electricidad y Magnetismo,2025-2,,0,False
e474c5faee806d6bb55530e1,Cálculo Vectorial,2025-2,3.11,0,False
e474c5faee806d6bb55530e1,Electricidad y Magnetismo,2026-1,3.12,0,False
4c38a88bb827e2051bc0d3e1,Electricidad y Magnetismo,2025-2,,4,True
4c38a88bb827e2051bc0d3e1,Cálculo Vectorial,2025-2,3.00,0,False
4c38a88bb827e2051bc0d3e1,Ecuaciones Diferenciales,2025-2,3.03,5,True
4c38a88bb827e2051bc0d3e1,Electricidad y Magnetismo,2025-2,4.21,4,True
37580d533f7bd81e788a1c16,Física Mecánica,2025-2,,0,False
37580d533f7bd81e788a1c16,Física Mecánica,2026-1,,0,False
37580d533f7bd81e788a1c16,Álgebra Lineal,2026-2,,0,False
37580d533f7bd81e788a1c16,Álgebra Lineal,2025-2,2.50,0,False
37580d533f7bd81e788a1c16,Cálculo Integral,2025-2,2.55,0,False
29653da97259bcf4a1d7b8bc,Electricidad y Magnetismo,2025-2,3.67,1,True
29653da97259bcf4a1d7b8bc,Ecuaciones Diferenciales,2025-2,4.27,4,True
6b19133d6b10e8aa751bf434,Electricidad y Magnetismo,2025-2,4.09,0,False
6b19133d6b10e8aa751bf434,Ecuaciones Diferenciales,2025-2,5.00,1,True
5701ab69eedd087939ee0756,Fortalecimiento Académico: Física,2025-2,,0,False
5701ab69eedd087939ee0756,Electricidad y Magnetismo,2025-2,2.74,1,True
5701ab69eedd087939ee0756,Ecuaciones Diferenciales,2025-2,3.82,5,True
5701ab69eedd087939ee0756,Electricidad y Magnetismo,2026-1,3.95,0,False
073b7ba13de9186e46e45a33,Cálculo Integral,2025-2,,0,False
073b7ba13de9186e46e45a33,Física Mecánica,2025-2,,0,False
073b7ba13de9186e46e45a33,Cálculo Integral,2025-2,2.55,0,False
073b7ba13de9186e46e45a33,Álgebra Lineal,2025-2,3.02,0,False
073b7ba13de9186e46e45a33,Física Mecánica,2025-2,3.07,0,False
073b7ba13de9186e46e45a33,Cálculo Integral,2025-2,3.51,0,False
073b7ba13de9186e46e45a33,Ecuaciones Diferenciales,2026-1,3.58,0,False
476cb764bb4275a4dc9efb7a,Física Mecánica,2025-2,,0,False
476cb764bb4275a4dc9efb7a,Física Mecánica,2026-2,,1,True
476cb764bb4275a4dc9efb7a,Física Mecánica,2026-1,2.65,0,False
574f53c64bba93216d5dfd97,Electricidad y Magnetismo,2025-2,,0,False
574f53c64bba93216d5dfd97,Cálculo Vectorial,2026-1,,0,False
574f53c64bba93216d5dfd97,Electricidad y Magnetismo,2026-1,,0,False
574f53c64bba93216d5dfd97,Fortalecimiento Académico: Física,2026-1,,0,False
574f53c64bba93216d5dfd97,Cálculo Vectorial,2026-2,,0,False
574f53c64bba93216d5dfd97,Electricidad y Magnetismo,2026-2,,0,False
553ddfb4d08b71be646a49d7,Cálculo Vectorial,2025-2,,0,False
553ddfb4d08b71be646a49d7,Ecuaciones Diferenciales,2025-2,3.11,3,True
553ddfb4d08b71be646a49d7,Cálculo Vectorial,2025-2,3.13,0,False
553ddfb4d08b71be646a49d7,Electricidad y Magnetismo,2026-1,3.70,0,False
f104a3083729de488c0e9d03,Física Mecánica,2025-2,,0,False
f104a3083729de488c0e9d03,Fortalecimiento Académico: Física,2025-2,,0,False
f104a3083729de488c0e9d03,Cálculo Vectorial,2026-2,,0,False
f104a3083729de488c0e9d03,Cálculo Integral,2026-1,3.02,1,True
f104a3083729de488c0e9d03,Fundamentos de Química,2025-2,3.03,1,True
f104a3083729de488c0e9d03,Física Mecánica,2025-2,3.04,0,False
73216b2b1158bfe2a22ab82e,Geometría Analítica,2026-1,0.38,0,False
73216b2b1158bfe2a22ab82e,Cálculo Diferencial,2026-1,0.72,0,False
06951ab7ce9fb8634e04ceec,Fortalecimiento Académico: Matemáticas,2025-2,,0,False
06951ab7ce9fb8634e04ceec,Cálculo Integral,2026-2,,0,False
06951ab7ce9fb8634e04ceec,Cálculo Integral,2025-2,2.04,17,True
06951ab7ce9fb8634e04ceec,Cálculo Integral,2026-1,2.31,5,True
06951ab7ce9fb8634e04ceec,Fundamentos Matemáticos,2026-1,4.02,0,False
3d0fa2f2d43db9de940b28c1,Electricidad y Magnetismo,2025-2,3.89,0,False
3d0fa2f2d43db9de940b28c1,Ecuaciones Diferenciales,2025-2,4.35,2,True
5193a261f61524537dd77262,Fundamentos de Química,2025-2,,0,False
5193a261f61524537dd77262,Electricidad y Magnetismo,2026-1,,1,True
5193a261f61524537dd77262,Electricidad y Magnetismo,2026-2,,1,True
5193a261f61524537dd77262,Cálculo Vectorial,2026-1,2.50,0,False
5193a261f61524537dd77262,Ecuaciones Diferenciales,2026-1,3.00,6,True
5193a261f61524537dd77262,Cálculo Integral,2025-2,3.05,1,True
5193a261f61524537dd77262,Física Mecánica,2025-2,3.12,0,False
bc6ecb9f9ddc17d3d8e5c3ee,Cálculo Integral,2026-1,,0,False
bc6ecb9f9ddc17d3d8e5c3ee,Álgebra Lineal,2025-2,2.37,0,False
bc6ecb9f9ddc17d3d8e5c3ee,Cálculo Integral,2026-1,2.63,0,False
a184c9d5ccd35daf7f00b1cc,Cálculo Diferencial,2025-2,0.00,0,False
a184c9d5ccd35daf7f00b1cc,Geometría Analítica,2025-2,0.00,0,False
fd261137e1b35f9a7ec84d5f,Cálculo Vectorial,2026-2,,0,False
fd261137e1b35f9a7ec84d5f,Física Mecánica,2025-2,2.36,0,False
fd261137e1b35f9a7ec84d5f,Fundamentos de Química,2025-2,2.50,0,False
fd261137e1b35f9a7ec84d5f,Cálculo Integral,2025-2,2.92,1,True
fd261137e1b35f9a7ec84d5f,Fundamentos de Química,2026-1,3.15,0,False
fd261137e1b35f9a7ec84d5f,Cálculo Integral,2026-1,3.70,0,False
fd261137e1b35f9a7ec84d5f,Física Mecánica,2026-1,4.13,0,False
e539ff2e275a95cbb114aa3c,Cálculo Diferencial,2025-2,,0,False
e539ff2e275a95cbb114aa3c,Geometría Analítica,2025-2,,0,False
e539ff2e275a95cbb114aa3c,Cálculo Diferencial,2026-1,,0,False
e82ec246cb472e9f467c952d,Álgebra Lineal,2025-2,,0,False
e82ec246cb472e9f467c952d,Cálculo Integral,2025-2,,0,False
e82ec246cb472e9f467c952d,Cálculo Integral,2025-2,2.53,0,False
e82ec246cb472e9f467c952d,Física Mecánica,2026-1,3.00,2,True
e82ec246cb472e9f467c952d,Cálculo Integral,2026-1,3.25,0,False
41c6efb01f840aa915466a2c,Cálculo Vectorial,2025-2,,1,True
41c6efb01f840aa915466a2c,Ecuaciones Diferenciales,2025-2,,3,True
41c6efb01f840aa915466a2c,Cálculo Vectorial,2026-1,,0,False
41c6efb01f840aa915466a2c,Ecuaciones Diferenciales,2026-1,,0,False
41c6efb01f840aa915466a2c,Física Mecánica,2026-2,,0,False
4b78791d1992dbb71626300e,Cálculo Vectorial,2025-2,3.00,1,True
4b78791d1992dbb71626300e,Física Moderna,2025-2,3.33,0,False
01b7f69b5d44036734dc707b,Electricidad y Magnetismo,2025-2,3.07,0,False
01b7f69b5d44036734dc707b,Geometría Analítica,2026-1,3.50,0,False
34579a5af5864b821221f0c1,Física Moderna,2025-2,4.09,0,False
09fa174c578adfdea9f5b8db,Electricidad y Magnetismo,2025-2,3.69,0,False
09fa174c578adfdea9f5b8db,Álgebra Lineal,2025-2,4.51,0,False
9fe258cc22658da354601b03,Cálculo Diferencial,2026-1,,1,True
9fe258cc22658da354601b03,Álgebra Lineal,2026-2,,0,False
9fe258cc22658da354601b03,Cálculo Diferencial,2026-2,,0,False
9fe258cc22658da354601b03,Geometría Analítica,2026-2,,0,False
9fe258cc22658da354601b03,Geometría Analítica,2026-1,2.50,3,True
9fe258cc22658da354601b03,Fundamentos de Química,2026-1,2.54,0,False
9fe258cc22658da354601b03,Fundamentos Matemáticos,2026-1,3.55,0,False
255075bc7663cfecc5d35967,Electricidad y Magnetismo,2025-2,4.40,1,True
255075bc7663cfecc5d35967,Ecuaciones Diferenciales,2025-2,5.00,0,False
7aa64c4aac0cc1dfcfe8132d,Física Mecánica,2025-2,,0,False
7aa64c4aac0cc1dfcfe8132d,Física Mecánica,2026-2,,0,False
7aa64c4aac0cc1dfcfe8132d,Física Mecánica,2026-1,2.72,0,False
11faaaf75481e6860be527a5,Electricidad y Magnetismo,2025-2,2.90,0,False
11faaaf75481e6860be527a5,Cálculo Vectorial,2025-2,3.01,1,True
16de4148cfa1da32dbac2feb,Cálculo Integral,2025-2,,0,False
16de4148cfa1da32dbac2feb,Física Mecánica,2025-2,,0,False
16de4148cfa1da32dbac2feb,Cálculo Integral,2026-1,,0,False
16de4148cfa1da32dbac2feb,Física Mecánica,2026-1,,1,True
16de4148cfa1da32dbac2feb,Cálculo Integral,2026-2,,0,False
b545855d1756af354a24dfa6,Cálculo Integral,2025-2,,0,False
b545855d1756af354a24dfa6,Física Mecánica,2025-2,3.02,0,False
f5febf6bd08af39ea36a35c0,Física Moderna,2025-2,3.91,0,False
b7a0327b073c563013bbbb0d,Cálculo Vectorial,2025-2,,0,False
b7a0327b073c563013bbbb0d,Cálculo Vectorial,2026-1,,1,True
b7a0327b073c563013bbbb0d,Fortalecimiento Académico: Física,2026-1,,0,False
b7a0327b073c563013bbbb0d,Ecuaciones Diferenciales,2026-2,,0,False
b7a0327b073c563013bbbb0d,Electricidad y Magnetismo,2026-2,,0,False
b7a0327b073c563013bbbb0d,Electricidad y Magnetismo,2026-1,1.90,0,False
b7a0327b073c563013bbbb0d,Álgebra Lineal,2025-2,3.52,0,False
3683909080436cf03cab3855,Electricidad y Magnetismo,2025-2,3.12,1,True
3683909080436cf03cab3855,Ecuaciones Diferenciales,2025-2,3.49,0,False
4ad81e3ec4482de0f7143421,Álgebra Lineal,2025-2,4.31,0,False
fe40a09f84e76f5c58947297,Álgebra Lineal,2025-2,3.59,2,True
fe40a09f84e76f5c58947297,Geometría Analítica,2026-1,3.75,0,False
7c908df798d8641afdbb9bee,Fortalecimiento Académico: Física,2025-2,,0,False
7c908df798d8641afdbb9bee,Electricidad y Magnetismo,2025-2,3.01,2,True
7c908df798d8641afdbb9bee,Ecuaciones Diferenciales,2025-2,5.00,1,True
bfcb0585a6bc27db3a50081a,Cálculo Integral,2025-2,2.75,0,False
706e0a190f51f6e89ddcd730,Álgebra Lineal,2025-2,3.53,0,False
f6a3f69502f959d8d9899e68,Cálculo Integral,2025-2,,0,False
f6a3f69502f959d8d9899e68,Álgebra Lineal,2025-2,3.26,0,False
f6a3f69502f959d8d9899e68,Cálculo Integral,2025-2,3.47,0,False
2a78c0479b2a2bbf04a36c7f,Cálculo Integral,2025-2,3.68,0,False
392cabc561999c2e77c064ac,Cálculo Integral,2026-1,3.07,0,False
392cabc561999c2e77c064ac,Álgebra Lineal,2025-2,3.14,0,False
38a2ceca9a1a374fc5a33872,Electricidad y Magnetismo,2025-2,3.25,0,False
1a7781ff2e9fea08a3e48f7c,Álgebra Lineal,2025-2,3.48,2,True
d7c020aae38291f948cc1a04,Cálculo Integral,2025-2,,0,False
d7c020aae38291f948cc1a04,Física Mecánica,2026-2,,0,False
d7c020aae38291f948cc1a04,Cálculo Integral,2026-1,3.02,0,False
dccbc17203a1fe7d132df174,Álgebra Lineal,2025-2,2.47,0,False
dccbc17203a1fe7d132df174,Física Mecánica,2025-2,3.00,0,False
dccbc17203a1fe7d132df174,Cálculo Integral,2025-2,3.56,0,False
7ea4e6ba4e8a22779b7bee49,Ecuaciones Diferenciales,2025-2,,0,False
7ea4e6ba4e8a22779b7bee49,Fundamentos de Química,2025-2,1.54,0,False
d7498e888c5b28c2e94f0fc9,Fortalecimiento Académico: Matemáticas,2026-2,,0,False
4c373f7289a447fe9eed1cc4,Álgebra Lineal,2026-1,3.95,4,True
7f7de3b6ff78778b1c8d9c1d,Cálculo Vectorial,2026-2,,0,False
7f7de3b6ff78778b1c8d9c1d,Ecuaciones Diferenciales,2026-2,,0,False
7f7de3b6ff78778b1c8d9c1d,Cálculo Integral,2026-1,3.07,0,False
7f7de3b6ff78778b1c8d9c1d,Álgebra Lineal,2026-1,4.17,0,False
d78eec52624dace123bfea9a,Ecuaciones Diferenciales,2025-2,,0,False
d78eec52624dace123bfea9a,Electricidad y Magnetismo,2025-2,,0,False
d78eec52624dace123bfea9a,Electricidad y Magnetismo,2026-1,,0,False
d78eec52624dace123bfea9a,Electricidad y Magnetismo,2026-2,,0,False
6e644a902c23c0323fd1c8f1,Cálculo Vectorial,2025-2,3.51,0,False
69ecc49555199b28735ec9ed,Cálculo Vectorial,2025-2,3.00,2,True
69ecc49555199b28735ec9ed,Física Moderna,2025-2,3.53,0,False
fb059dca9393d2701b8259d8,Cálculo Integral,2026-2,,2,True
fb059dca9393d2701b8259d8,Física Mecánica,2025-2,2.53,0,False
fb059dca9393d2701b8259d8,Cálculo Integral,2025-2,2.78,1,True
fb059dca9393d2701b8259d8,Álgebra Lineal,2026-1,2.83,1,True
e72a76f1874538e799606506,Cálculo Integral,2025-2,3.24,3,True
49ab931af7e192b30902b874,Fortalecimiento Académico: Física,2026-1,,0,False
49ab931af7e192b30902b874,Electricidad y Magnetismo,2026-1,3.01,2,True
49ab931af7e192b30902b874,Ecuaciones Diferenciales,2025-2,3.31,1,True
b5b84dbb6b85e638460d8fc8,Física Mecánica,2025-2,,0,False
b5b84dbb6b85e638460d8fc8,Física Mecánica,2026-1,,1,True
b5b84dbb6b85e638460d8fc8,Cálculo Integral,2025-2,3.00,1,True
b5b84dbb6b85e638460d8fc8,Fundamentos de Química,2025-2,3.08,1,True
e35396fae1517de5b86c8093,Geometría Analítica,2026-2,,0,False
e35396fae1517de5b86c8093,Cálculo Diferencial,2025-2,2.32,1,True
4ab23a30fa6a665260665511,Álgebra Lineal,2025-2,,0,False
4ab23a30fa6a665260665511,Cálculo Integral,2025-2,,0,False
4ab23a30fa6a665260665511,Fortalecimiento Académico: Matemáticas,2025-2,,0,False
4ab23a30fa6a665260665511,Álgebra Lineal,2026-1,,0,False
4ab23a30fa6a665260665511,Cálculo Integral,2026-1,,0,False
4ab23a30fa6a665260665511,Álgebra Lineal,2026-2,,1,True
4ab23a30fa6a665260665511,Cálculo Integral,2026-2,,0,False
4ab23a30fa6a665260665511,Fundamentos de Química,2025-2,3.02,0,False
1ac92e3899b62aa82ce9a929,Electricidad y Magnetismo,2025-2,3.12,0,False
fec2a1cc3cb13f7e0c3141a7,Ecuaciones Diferenciales,2026-1,,0,False
fec2a1cc3cb13f7e0c3141a7,Ecuaciones Diferenciales,2026-2,,0,False
fec2a1cc3cb13f7e0c3141a7,Álgebra Lineal,2025-2,2.13,0,False
fec2a1cc3cb13f7e0c3141a7,Geometría Analítica,2025-2,2.57,0,False
fec2a1cc3cb13f7e0c3141a7,Álgebra Lineal,2026-1,3.01,1,True
fec2a1cc3cb13f7e0c3141a7,Geometría Analítica,2026-1,3.01,0,False
fec2a1cc3cb13f7e0c3141a7,Cálculo Integral,2025-2,3.07,0,False
5366e27ff03ea93e402ca379,Cálculo Integral,2025-2,,0,False
5366e27ff03ea93e402ca379,Física Mecánica,2026-1,,0,False
5366e27ff03ea93e402ca379,Cálculo Integral,2026-2,,0,False
5366e27ff03ea93e402ca379,Cálculo Integral,2025-2,2.68,0,False
5366e27ff03ea93e402ca379,Álgebra Lineal,2025-2,3.12,1,True
6cee4c2e1941e3ca8c038265,Álgebra Lineal,2026-2,,0,False
6cee4c2e1941e3ca8c038265,Cálculo Integral,2026-2,,0,False
6cee4c2e1941e3ca8c038265,Álgebra Lineal,2026-1,1.92,0,False
6cee4c2e1941e3ca8c038265,Cálculo Integral,2025-2,2.28,0,False
6cee4c2e1941e3ca8c038265,Geometría Analítica,2025-2,2.59,0,False
6cee4c2e1941e3ca8c038265,Cálculo Integral,2026-1,2.65,0,False
6cee4c2e1941e3ca8c038265,Física Mecánica,2026-1,3.12,0,False
2c9f57d339531fa0eeb36599,Electricidad y Magnetismo,2026-2,,0,False
2c9f57d339531fa0eeb36599,Álgebra Lineal,2025-2,3.24,0,False
cc7c1078aa94e1ef58718f3f,Electricidad y Magnetismo,2026-2,,0,False
cc7c1078aa94e1ef58718f3f,Cálculo Integral,2025-2,3.44,1,True
cc7c1078aa94e1ef58718f3f,Fundamentos Matemáticos,2026-1,3.70,0,False
e30253f7aa48cfd39f58e7a5,Fortalecimiento Académico: Matemáticas,2025-2,,0,False
2f3edb3b9ec80e95d5ce247e,Álgebra Lineal,2025-2,3.47,0,False
2f3edb3b9ec80e95d5ce247e,Física Mecánica,2025-2,3.66,0,False
73d9e0036233c057253eee36,Álgebra Lineal,2025-2,4.06,1,True
fdd2dad754708b73c6ca14ef,Cálculo Integral,2025-2,0.11,0,False
fdd2dad754708b73c6ca14ef,Física Mecánica,2025-2,0.25,0,False
fdd2dad754708b73c6ca14ef,Álgebra Lineal,2025-2,0.57,0,False
b738ea4f3961f9e539c01a14,Álgebra Lineal,2025-2,4.04,1,True
d8ce1b80d1dd6522b99b9bcf,Cálculo Integral,2026-2,,0,False
d8ce1b80d1dd6522b99b9bcf,Álgebra Lineal,2026-1,3.08,0,False
d8ce1b80d1dd6522b99b9bcf,Geometría Analítica,2025-2,3.30,0,False
f59547546efeb7812833b80f,Ecuaciones Diferenciales,2026-1,,0,False
f59547546efeb7812833b80f,Cálculo Vectorial,2026-2,,0,False
f59547546efeb7812833b80f,Electricidad y Magnetismo,2026-2,,0,False
f59547546efeb7812833b80f,Cálculo Integral,2025-2,3.00,0,False
f59547546efeb7812833b80f,Ecuaciones Diferenciales,2026-1,4.90,0,False
7c3012f2283aff7b8f52f362,Ecuaciones Diferenciales,2025-2,,0,False
7c3012f2283aff7b8f52f362,Electricidad y Magnetismo,2026-2,,0,False
7c3012f2283aff7b8f52f362,Electricidad y Magnetismo,2025-2,1.51,0,False
7c3012f2283aff7b8f52f362,Ecuaciones Diferenciales,2025-2,3.00,0,False
10b81e1029ef18736de3fe54,Fortalecimiento Académico: Matemáticas,2026-1,,0,False
036dcbaff4d95073170f8a23,Geometría Analítica,2026-1,,0,False
036dcbaff4d95073170f8a23,Geometría Analítica,2026-1,3.29,0,False
38df81d943ff13b45255ec3c,Cálculo Vectorial,2026-1,,0,False
38df81d943ff13b45255ec3c,Cálculo Vectorial,2026-2,,0,False
38df81d943ff13b45255ec3c,Electricidad y Magnetismo,2025-2,3.06,0,False
2f0caaaaa35ef7fd98825c7f,Álgebra Lineal,2025-2,3.30,0,False
151ef8dece91d470411a7729,Electricidad y Magnetismo,2026-1,4.27,0,False
151ef8dece91d470411a7729,Fundamentos Matemáticos,2025-2,4.82,0,False
8dc1947700099374126fa462,Ecuaciones Diferenciales,2025-2,3.76,3,True
8dc1947700099374126fa462,Electricidad y Magnetismo,2025-2,4.01,1,True
29c8d10b8dbbf4ca058a086a,Física Mecánica,2025-2,,0,False
29c8d10b8dbbf4ca058a086a,Cálculo Integral,2026-1,,0,False
29c8d10b8dbbf4ca058a086a,Fortalecimiento Académico: Matemáticas,2026-1,,0,False
29c8d10b8dbbf4ca058a086a,Cálculo Integral,2026-2,,0,False
29c8d10b8dbbf4ca058a086a,Física Mecánica,2026-2,,0,False
83578d7096acc3636a0b3858,Física Mecánica,2026-1,1.59,0,False
10e9111a064ab72abef93c2c,Cálculo Integral,2025-2,,0,False
10e9111a064ab72abef93c2c,Fortalecimiento Académico: Matemáticas,2025-2,,0,False
10e9111a064ab72abef93c2c,Cálculo Integral,2026-1,1.20,0,False
ffa70831276e4b8c1cedb8b4,Fortalecimiento Académico: Matemáticas,2026-1,,0,False
e92051c3a13365fbc2bd0579,Fortalecimiento Académico: Física,2025-2,,0,False
e92051c3a13365fbc2bd0579,Ecuaciones Diferenciales,2026-1,,0,False
e92051c3a13365fbc2bd0579,Electricidad y Magnetismo,2025-2,3.02,3,True
e92051c3a13365fbc2bd0579,Ecuaciones Diferenciales,2026-1,5.00,0,False
94c547f0f4f2b9bcf7a575e2,Cálculo Vectorial,2025-2,,0,False
94c547f0f4f2b9bcf7a575e2,Electricidad y Magnetismo,2025-2,3.01,0,False
94c547f0f4f2b9bcf7a575e2,Cálculo Vectorial,2026-1,3.03,0,False
94c547f0f4f2b9bcf7a575e2,Física Moderna,2026-1,3.25,0,False
eeb04e442b0f0414eb3459c4,Electricidad y Magnetismo,2026-2,,0,False
eeb04e442b0f0414eb3459c4,Fortalecimiento Académico: Física,2026-2,,0,False
58512d7d12815e95d76cfc20,Electricidad y Magnetismo,2026-2,,0,False
58512d7d12815e95d76cfc20,Álgebra Lineal,2025-2,3.51,0,False
58ec83553ef720459f8631f7,Álgebra Lineal,2025-2,,1,True
58ec83553ef720459f8631f7,Fortalecimiento Académico: Matemáticas,2025-2,,0,False
58ec83553ef720459f8631f7,Álgebra Lineal,2025-2,4.29,1,True
70fca3db60627c197885f8c7,Fortalecimiento Académico: Matemáticas,2025-2,,0,False
70fca3db60627c197885f8c7,Ecuaciones Diferenciales,2025-2,3.20,1,True
70fca3db60627c197885f8c7,Geometría Analítica,2025-2,3.96,0,False
64694e38a2e16b0570f1d7e5,Geometría Analítica,2026-2,,0,False
64694e38a2e16b0570f1d7e5,Fundamentos Matemáticos,2026-1,4.86,0,False
7c916de21528192bfba2a92a,Fortalecimiento Académico: Matemáticas,2026-2,,0,False
33334439f1429f12c0de0b8c,Fortalecimiento Académico: Matemáticas,2025-2,,0,False
33334439f1429f12c0de0b8c,Electricidad y Magnetismo,2026-2,,0,False
33334439f1429f12c0de0b8c,Álgebra Lineal,2025-2,3.73,1,True
3c2ab0104b002b8c8c1d18ad,Cálculo Diferencial,2025-2,,0,False
3c2ab0104b002b8c8c1d18ad,Geometría Analítica,2026-1,,0,False
3c2ab0104b002b8c8c1d18ad,Geometría Analítica,2025-2,0.52,0,False
80552a0525c6c3325ff6a06d,Geometría Analítica,2026-1,,0,False
80552a0525c6c3325ff6a06d,Geometría Analítica,2026-2,,0,False
7c2aa49f56244e4200ef4002,Ecuaciones Diferenciales,2026-1,,0,False
7c2aa49f56244e4200ef4002,Ecuaciones Diferenciales,2026-2,,0,False
7c2aa49f56244e4200ef4002,Electricidad y Magnetismo,2026-2,,0,False
7c2aa49f56244e4200ef4002,Ecuaciones Diferenciales,2025-2,2.58,1,True
7c2aa49f56244e4200ef4002,Cálculo Vectorial,2026-1,3.00,0,False
36f39903df7c86cc3fe95e37,Cálculo Vectorial,2025-2,3.00,0,False
5524153f49c100f4b0408648,Fortalecimiento Académico: Física,2026-1,,0,False
5524153f49c100f4b0408648,Cálculo Vectorial,2025-2,3.30,0,False
5524153f49c100f4b0408648,Electricidad y Magnetismo,2026-1,3.34,1,True
5524153f49c100f4b0408648,Ecuaciones Diferenciales,2026-1,3.40,0,False
9891599f9ff14105ae76f62f,Ecuaciones Diferenciales,2026-1,,0,False
9891599f9ff14105ae76f62f,Cálculo Vectorial,2026-2,,0,False
9891599f9ff14105ae76f62f,Ecuaciones Diferenciales,2026-2,,0,False
9891599f9ff14105ae76f62f,Cálculo Vectorial,2025-2,2.60,0,False
9891599f9ff14105ae76f62f,Electricidad y Magnetismo,2026-1,3.00,0,False
5e3faf4ff482a31dc6e40717,Ecuaciones Diferenciales,2025-2,4.57,0,False
edb239e4cef8ca0b8a6a1e15,Cálculo Integral,2026-1,,10,True
edb239e4cef8ca0b8a6a1e15,Ecuaciones Diferenciales,2026-2,,2,True
edb239e4cef8ca0b8a6a1e15,Cálculo Integral,2026-1,3.01,10,True
edb239e4cef8ca0b8a6a1e15,Fundamentos de Química,2026-1,3.02,1,True
edb239e4cef8ca0b8a6a1e15,Álgebra Lineal,2026-1,3.17,0,False
32dbb7506b9911709dadbc08,Álgebra Lineal,2026-1,,0,False
fa2c64650f96ab83d79437f1,Física Mecánica,2026-1,3.62,0,False
1ad4c13336f249dc33e3c358,Electricidad y Magnetismo,2025-2,,0,False
1ad4c13336f249dc33e3c358,Electricidad y Magnetismo,2026-2,,0,False
1ad4c13336f249dc33e3c358,Cálculo Vectorial,2026-1,3.83,0,False
f1ce6e46fbcab5537c169f78,Cálculo Vectorial,2025-2,,4,True
f1ce6e46fbcab5537c169f78,Cálculo Vectorial,2025-2,3.28,4,True
b62548fc8ef0e62ef619287a,Ecuaciones Diferenciales,2025-2,,3,True
b62548fc8ef0e62ef619287a,Ecuaciones Diferenciales,2025-2,3.00,3,True
b62548fc8ef0e62ef619287a,Electricidad y Magnetismo,2025-2,3.23,2,True
ec86414363157e6733c03cf4,Cálculo Integral,2025-2,,2,True
ec86414363157e6733c03cf4,Álgebra Lineal,2026-2,,1,True
ec86414363157e6733c03cf4,Física Mecánica,2025-2,3.22,4,True
ec86414363157e6733c03cf4,Cálculo Integral,2026-1,3.69,3,True
9e88b56ab4998ff083be54bf,Cálculo Diferencial,2025-2,,0,False
9e88b56ab4998ff083be54bf,Fundamentos de Química,2025-2,,0,False
9e88b56ab4998ff083be54bf,Fundamentos de Química,2026-1,0.05,0,False
9e88b56ab4998ff083be54bf,Geometría Analítica,2026-1,0.46,0,False
9e88b56ab4998ff083be54bf,Geometría Analítica,2025-2,0.64,0,False
00a25d287096abef909beb9c,Fortalecimiento Académico: Matemáticas,2025-2,,0,False
00a25d287096abef909beb9c,Física Mecánica,2025-2,3.07,0,False
2c18f49ddf797afc7ab439e8,Fortalecimiento Académico: Matemáticas,2025-2,,0,False
2c18f49ddf797afc7ab439e8,Cálculo Vectorial,2026-1,,0,False
2c18f49ddf797afc7ab439e8,Ecuaciones Diferenciales,2026-1,3.16,0,False
2c18f49ddf797afc7ab439e8,Cálculo Integral,2025-2,3.18,1,True
2c18f49ddf797afc7ab439e8,Álgebra Lineal,2025-2,3.23,0,False
2c18f49ddf797afc7ab439e8,Cálculo Vectorial,2026-1,3.45,0,False
6f1b3a4c236367c2605fe297,Ecuaciones Diferenciales,2025-2,3.95,5,True
926e03899682b742288fdfbc,Álgebra Lineal,2025-2,2.79,1,True
926e03899682b742288fdfbc,Álgebra Lineal,2026-1,4.40,0,False
8b117a0c9cccf7e7a538a8e7,Cálculo Diferencial,2025-2,,0,False
8b117a0c9cccf7e7a538a8e7,Cálculo Integral,2026-2,,0,False
8b117a0c9cccf7e7a538a8e7,Fortalecimiento Académico: Matemáticas,2026-2,,0,False
8b117a0c9cccf7e7a538a8e7,Cálculo Diferencial,2026-1,4.01,1,True
88fec4049ca45461e9029e20,Álgebra Lineal,2025-2,3.41,0,False
3131799ddb8fd719c932bd4e,Cálculo Diferencial,2025-2,,1,True
3131799ddb8fd719c932bd4e,Fundamentos de Química,2025-2,,2,True
3131799ddb8fd719c932bd4e,Fundamentos de Química,2026-1,0.59,0,False
3131799ddb8fd719c932bd4e,Cálculo Diferencial,2026-1,1.68,0,False
3131799ddb8fd719c932bd4e,Álgebra Lineal,2025-2,2.62,0,False
3131799ddb8fd719c932bd4e,Álgebra Lineal,2026-1,3.48,0,False
9a902e6395570f57810ae6c8,Álgebra Lineal,2025-2,4.04,0,False
6686a2814d103203f3550fcc,Fortalecimiento Académico: Matemáticas,2026-2,,0,False
2d9dab77a38f39bd31f9baf0,Cálculo Integral,2025-2,,0,False
2d9dab77a38f39bd31f9baf0,Física Mecánica,2025-2,,0,False
2d9dab77a38f39bd31f9baf0,Cálculo Integral,2026-1,,0,False
2d9dab77a38f39bd31f9baf0,Física Mecánica,2026-1,,0,False
2d9dab77a38f39bd31f9baf0,Cálculo Integral,2026-2,,0,False
91dd3a04d4a3a7f79b781ebc,Electricidad y Magnetismo,2026-2,,0,False
77e9d9bdbdf67ea2d4dce876,Cálculo Integral,2025-2,,0,False
77e9d9bdbdf67ea2d4dce876,Fortalecimiento Académico: Matemáticas,2025-2,,0,False
63660dbe03003bb7b8a59477,Cálculo Diferencial,2025-2,,0,False
63660dbe03003bb7b8a59477,Cálculo Diferencial,2026-1,0.00,0,False
63660dbe03003bb7b8a59477,Cálculo Diferencial,2025-2,2.40,0,False
ce69078c5177c0c533a64298,Álgebra Lineal,2025-2,4.34,1,True
dfbf63dfa8e4c5a54f87cc10,Cálculo Vectorial,2025-2,3.01,2,True
dfbf63dfa8e4c5a54f87cc10,Electricidad y Magnetismo,2026-1,4.11,0,False
dfbf63dfa8e4c5a54f87cc10,Ecuaciones Diferenciales,2026-1,4.46,2,True
6deeef7049ef42af88774977,Cálculo Integral,2026-2,,0,False
6deeef7049ef42af88774977,Geometría Analítica,2025-2,3.11,0,False
6deeef7049ef42af88774977,Álgebra Lineal,2026-1,3.34,3,True
c3a8d09f64eb2b22856099b2,Cálculo Vectorial,2025-2,3.33,2,True
c3a8d09f64eb2b22856099b2,Ecuaciones Diferenciales,2025-2,3.35,0,False
c3a8d09f64eb2b22856099b2,Electricidad y Magnetismo,2026-1,3.40,0,False
8317236c68581544802abb4c,Cálculo Integral,2025-2,,0,False
8317236c68581544802abb4c,Fortalecimiento Académico: Matemáticas,2025-2,,0,False
8317236c68581544802abb4c,Geometría Analítica,2025-2,,0,False
8317236c68581544802abb4c,Cálculo Integral,2026-1,,0,False
8317236c68581544802abb4c,Geometría Analítica,2026-1,,0,False
8317236c68581544802abb4c,Cálculo Integral,2026-2,,0,False
8317236c68581544802abb4c,Geometría Analítica,2026-2,,0,False
8317236c68581544802abb4c,Geometría Analítica,2026-1,1.08,0,False
600021f2c90f4d3a6f6834c0,Cálculo Integral,2026-2,,0,False
600021f2c90f4d3a6f6834c0,Fortalecimiento Académico: Matemáticas,2026-2,,0,False
600021f2c90f4d3a6f6834c0,Cálculo Integral,2025-2,2.48,0,False
5caf461d39b824fef03a57f5,Fortalecimiento Académico: Matemáticas,2026-1,,0,False
eaef85ac93b73102d2f68a2d,Cálculo Integral,2025-2,,0,False
eaef85ac93b73102d2f68a2d,Cálculo Integral,2026-1,,0,False
eaef85ac93b73102d2f68a2d,Cálculo Integral,2026-2,,0,False
eaef85ac93b73102d2f68a2d,Física Mecánica,2025-2,1.05,0,False
eaef85ac93b73102d2f68a2d,Fundamentos de Química,2026-1,1.13,0,False
eaef85ac93b73102d2f68a2d,Fundamentos de Química,2025-2,1.36,0,False
d9f80bee8d9ce665ade2865d,Electricidad y Magnetismo,2026-1,,1,True
d9f80bee8d9ce665ade2865d,Fortalecimiento Académico: Física,2026-1,,0,False
d9f80bee8d9ce665ade2865d,Ecuaciones Diferenciales,2026-2,,0,False
d9f80bee8d9ce665ade2865d,Electricidad y Magnetismo,2026-2,,0,False
d9f80bee8d9ce665ade2865d,Ecuaciones Diferenciales,2026-1,2.71,0,False
d9f80bee8d9ce665ade2865d,Cálculo Vectorial,2025-2,3.06,0,False
da3d1906395a5e0da703d3ae,Electricidad y Magnetismo,2026-2,,0,False
da3d1906395a5e0da703d3ae,Física Mecánica,2026-1,3.01,9,True
da3d1906395a5e0da703d3ae,Álgebra Lineal,2025-2,3.83,0,False
146481edc015bba8d4b1eccf,Cálculo Integral,2025-2,,0,False
146481edc015bba8d4b1eccf,Física Mecánica,2026-1,2.82,0,False
146481edc015bba8d4b1eccf,Cálculo Integral,2026-1,3.22,0,False
146481edc015bba8d4b1eccf,Álgebra Lineal,2025-2,3.25,0,False
049c98c60dc96f5252860618,Electricidad y Magnetismo,2026-2,,3,True
049c98c60dc96f5252860618,Cálculo Vectorial,2025-2,3.00,1,True
049c98c60dc96f5252860618,Ecuaciones Diferenciales,2026-1,3.24,5,True
049c98c60dc96f5252860618,Física Mecánica,2026-1,3.60,0,False
e194e1dde9e7cf98867edde2,Cálculo Vectorial,2025-2,2.39,2,True
e194e1dde9e7cf98867edde2,Ecuaciones Diferenciales,2025-2,3.22,0,False
7889a0876b70bd374d003c66,Electricidad y Magnetismo,2026-2,,0,False
7889a0876b70bd374d003c66,Álgebra Lineal,2025-2,4.92,2,True
2bb85357d0b1680bdbd06d4e,Electricidad y Magnetismo,2025-2,3.03,3,True
2bb85357d0b1680bdbd06d4e,Álgebra Lineal,2025-2,-,0,False
c14588d030087baed08d16d0,Cálculo Integral,2025-2,,0,False
c14588d030087baed08d16d0,Electricidad y Magnetismo,2026-1,,0,False
c14588d030087baed08d16d0,Ecuaciones Diferenciales,2026-2,,0,False
c14588d030087baed08d16d0,Electricidad y Magnetismo,2026-1,2.79,0,False
c14588d030087baed08d16d0,Cálculo Integral,2025-2,3.08,0,False
21d1a53b015f5cf0932ad283,Electricidad y Magnetismo,2026-2,,0,False
21d1a53b015f5cf0932ad283,Álgebra Lineal,2025-2,3.34,1,True
433e0356f9f29b1656b402d7,Electricidad y Magnetismo,2026-2,,0,False
433e0356f9f29b1656b402d7,Álgebra Lineal,2025-2,3.53,0,False
71997199120d18990128f8cf,Cálculo Diferencial,2026-1,,0,False
71997199120d18990128f8cf,Cálculo Diferencial,2025-2,1.11,1,True
d58c7ee673940f5de3e27d77,Electricidad y Magnetismo,2026-2,,0,False
d58c7ee673940f5de3e27d77,Álgebra Lineal,2025-2,3.95,0,False
bd1fd18276e821eb15d1919d,Electricidad y Magnetismo,2026-1,3.53,0,False
bd1fd18276e821eb15d1919d,Ecuaciones Diferenciales,2025-2,4.06,1,True
7b39c9a8d55104db130469b1,Fortalecimiento Académico: Matemáticas,2026-1,,0,False
b30d4473c5bd7f5ce08702f4,Cálculo Diferencial,2025-2,,0,False
b30d4473c5bd7f5ce08702f4,Geometría Analítica,2025-2,,0,False
b30d4473c5bd7f5ce08702f4,Fundamentos Matemáticos,2026-1,3.30,0,False
59cd5190c9e95bf36f61affd,Cálculo Diferencial,2026-1,,1,True
59cd5190c9e95bf36f61affd,Fortalecimiento Académico: Matemáticas,2026-1,,0,False
59cd5190c9e95bf36f61affd,Geometría Analítica,2026-1,,1,True
59cd5190c9e95bf36f61affd,Geometría Analítica,2026-2,,0,False
59cd5190c9e95bf36f61affd,Fundamentos de Química,2026-1,1.58,0,False
5d18de01f2a43d18e013e611,Álgebra Lineal,2026-1,3.12,0,False
5d18de01f2a43d18e013e611,Electricidad y Magnetismo,2026-1,3.87,2,True
8f2875727bf5395cff5be515,Fortalecimiento Académico: Física,2025-2,,0,False
8f2875727bf5395cff5be515,Electricidad y Magnetismo,2025-2,3.10,0,False
8f2875727bf5395cff5be515,Cálculo Vectorial,2026-1,3.15,1,True
8f2875727bf5395cff5be515,Física Moderna,2026-1,3.19,0,False
8f2875727bf5395cff5be515,Ecuaciones Diferenciales,2025-2,3.64,1,True
7e8c5bf12b75cce406b84e7d,Álgebra Lineal,2026-2,,0,False
7e8c5bf12b75cce406b84e7d,Física Mecánica,2025-2,2.44,0,False
7e8c5bf12b75cce406b84e7d,Cálculo Integral,2026-1,2.66,0,False
7e8c5bf12b75cce406b84e7d,Cálculo Integral,2025-2,2.89,0,False
a28f589806c4d54ce342df64,Álgebra Lineal,2025-2,3.91,0,False
b92ccc240c8974345601a2eb,Álgebra Lineal,2025-2,,2,True
b92ccc240c8974345601a2eb,Fortalecimiento Académico: Matemáticas,2025-2,,0,False
b92ccc240c8974345601a2eb,Fundamentos de Química,2025-2,,0,False
b92ccc240c8974345601a2eb,Cálculo Vectorial,2026-1,,0,False
b92ccc240c8974345601a2eb,Ecuaciones Diferenciales,2026-1,,0,False
b92ccc240c8974345601a2eb,Geometría Analítica,2026-1,,0,False
b92ccc240c8974345601a2eb,Cálculo Vectorial,2026-2,,0,False
b92ccc240c8974345601a2eb,Ecuaciones Diferenciales,2026-2,,0,False
b92ccc240c8974345601a2eb,Cálculo Integral,2025-2,3.13,3,True
b92ccc240c8974345601a2eb,Fundamentos de Química,2026-1,3.39,0,False
b92ccc240c8974345601a2eb,Geometría Analítica,2026-1,3.61,0,False
b92ccc240c8974345601a2eb,Álgebra Lineal,2025-2,3.98,2,True
761858c4a35e79fd985f189e,Cálculo Integral,2026-1,,0,False
761858c4a35e79fd985f189e,Cálculo Integral,2026-2,,0,False
761858c4a35e79fd985f189e,Fundamentos de Química,2025-2,3.01,0,False
761858c4a35e79fd985f189e,Física Mecánica,2025-2,3.23,0,False
761858c4a35e79fd985f189e,Fundamentos Matemáticos,2025-2,3.50,0,False
761858c4a35e79fd985f189e,Álgebra Lineal,2025-2,3.99,0,False
8d991923a645645d3a5cf427,Fortalecimiento Académico: Matemáticas,2025-2,,0,False
8d991923a645645d3a5cf427,Álgebra Lineal,2026-1,,0,False
8d991923a645645d3a5cf427,Cálculo Integral,2026-2,,0,False
8d991923a645645d3a5cf427,Cálculo Integral,2025-2,2.30,0,False
91b7029e9e5b555a5b5e1833,Fortalecimiento Académico: Matemáticas,2026-1,,0,False
28bacffb6bd36bed050d8773,Electricidad y Magnetismo,2025-2,3.15,1,True
28bacffb6bd36bed050d8773,Cálculo Vectorial,2025-2,3.36,3,True
28bacffb6bd36bed050d8773,Ecuaciones Diferenciales,2026-1,3.89,3,True
28bacffb6bd36bed050d8773,Álgebra Lineal,2026-1,4.87,0,False
d4002501b2c23926e2784a27,Física Mecánica,2026-1,,0,False
d4002501b2c23926e2784a27,Cálculo Integral,2026-2,,0,False
d4002501b2c23926e2784a27,Cálculo Diferencial,2026-1,3.80,0,False
d4002501b2c23926e2784a27,Geometría Analítica,2025-2,4.29,0,False
cf14ec573e2060b44c380b0b,Cálculo Vectorial,2026-1,,0,False
cf14ec573e2060b44c380b0b,Ecuaciones Diferenciales,2026-2,,0,False
cf14ec573e2060b44c380b0b,Electricidad y Magnetismo,2026-2,,0,False
cf14ec573e2060b44c380b0b,Cálculo Integral,2025-2,3.28,4,True
cf14ec573e2060b44c380b0b,Álgebra Lineal,2025-2,3.59,1,True
aceb3bfd019e72cbda5dd6c9,Cálculo Diferencial,2026-1,,0,False
aceb3bfd019e72cbda5dd6c9,Fortalecimiento Académico: Matemáticas,2026-1,,0,False
aceb3bfd019e72cbda5dd6c9,Cálculo Integral,2026-2,,0,False
aceb3bfd019e72cbda5dd6c9,Física Mecánica,2026-2,,0,False
aceb3bfd019e72cbda5dd6c9,Geometría Analítica,2026-1,3.41,2,True
aceb3bfd019e72cbda5dd6c9,Cálculo Diferencial,2026-1,3.83,0,False
7d848ee997b66f4c00617bb7,Cálculo Vectorial,2025-2,2.68,3,True
7d848ee997b66f4c00617bb7,Cálculo Vectorial,2025-2,3.25,3,True
7d848ee997b66f4c00617bb7,Ecuaciones Diferenciales,2025-2,3.44,2,True
7d848ee997b66f4c00617bb7,Electricidad y Magnetismo,2026-1,3.45,1,True
bb35057e83df4b482b6e35e9,Cálculo Integral,2026-2,,0,False
bb35057e83df4b482b6e35e9,Fortalecimiento Académico: Matemáticas,2026-2,,0,False
bb35057e83df4b482b6e35e9,Geometría Analítica,2026-2,,0,False
bb35057e83df4b482b6e35e9,Cálculo Diferencial,2026-1,3.43,0,False
bb35057e83df4b482b6e35e9,Fundamentos Matemáticos,2026-1,4.50,0,False
3cdd6365757ba3d17560bdd7,Cálculo Diferencial,2026-1,,0,False
3cdd6365757ba3d17560bdd7,Cálculo Diferencial,2026-2,,0,False
3cdd6365757ba3d17560bdd7,Fortalecimiento Académico: Matemáticas,2026-2,,0,False
3cdd6365757ba3d17560bdd7,Geometría Analítica,2026-1,3.01,0,False
3cdd6365757ba3d17560bdd7,Fundamentos Matemáticos,2026-1,4.40,0,False
8d262d3b58efe75d90e8a5ec,Álgebra Lineal,2026-2,,0,False
8d262d3b58efe75d90e8a5ec,Cálculo Integral,2026-2,,0,False
8d262d3b58efe75d90e8a5ec,Fundamentos de Química,2026-1,3.80,0,False
8d262d3b58efe75d90e8a5ec,Geometría Analítica,2026-1,4.04,0,False
8d262d3b58efe75d90e8a5ec,Cálculo Diferencial,2026-1,4.16,1,True
8d262d3b58efe75d90e8a5ec,Fundamentos Matemáticos,2026-1,4.50,0,False
4cefd1cb5b305a576cef6c9e,Cálculo Diferencial,2026-1,,0,False
4cefd1cb5b305a576cef6c9e,Cálculo Diferencial,2026-2,,2,True
4cefd1cb5b305a576cef6c9e,Fortalecimiento Académico: Matemáticas,2026-2,,0,False
4cefd1cb5b305a576cef6c9e,Geometría Analítica,2026-1,3.71,0,False
4cefd1cb5b305a576cef6c9e,Fundamentos Matemáticos,2026-1,4.40,0,False
cfc00ac9dec2e547b9b4b964,Cálculo Diferencial,2026-1,,0,False
cfc00ac9dec2e547b9b4b964,Cálculo Diferencial,2026-2,,1,True
cfc00ac9dec2e547b9b4b964,Fortalecimiento Académico: Matemáticas,2026-2,,0,False
cfc00ac9dec2e547b9b4b964,Geometría Analítica,2026-1,3.67,0,False
cfc00ac9dec2e547b9b4b964,Fundamentos Matemáticos,2026-1,4.10,0,False
1b41b496127aacc1a3a4bce3,Cálculo Integral,2026-2,,1,True
1b41b496127aacc1a3a4bce3,Geometría Analítica,2026-2,,0,False
1b41b496127aacc1a3a4bce3,Cálculo Diferencial,2026-1,3.44,2,True
1b41b496127aacc1a3a4bce3,Fundamentos Matemáticos,2026-1,3.80,0,False
bc473732b53c1e412b921fb9,Álgebra Lineal,2026-2,,0,False
bc473732b53c1e412b921fb9,Cálculo Integral,2026-2,,0,False
bc473732b53c1e412b921fb9,Fortalecimiento Académico: Matemáticas,2026-2,,0,False
bc473732b53c1e412b921fb9,Geometría Analítica,2026-2,,0,False
bc473732b53c1e412b921fb9,Geometría Analítica,2026-1,2.85,0,False
bc473732b53c1e412b921fb9,Cálculo Diferencial,2026-1,3.99,5,True
bc473732b53c1e412b921fb9,Fundamentos Matemáticos,2026-1,4.40,0,False
040f066a81d1bca320dd456e,Cálculo Integral,2026-2,,1,True
040f066a81d1bca320dd456e,Fortalecimiento Académico: Matemáticas,2026-2,,0,False
040f066a81d1bca320dd456e,Geometría Analítica,2026-2,,1,True
040f066a81d1bca320dd456e,Cálculo Diferencial,2026-1,3.30,0,False
a003ea5f4b6fbd5f339c22b9,Cálculo Diferencial,2026-1,,0,False
a003ea5f4b6fbd5f339c22b9,Cálculo Diferencial,2026-2,,0,False
a003ea5f4b6fbd5f339c22b9,Fortalecimiento Académico: Matemáticas,2026-2,,0,False
a003ea5f4b6fbd5f339c22b9,Geometría Analítica,2026-1,2.19,0,False
a003ea5f4b6fbd5f339c22b9,Fundamentos Matemáticos,2026-1,3.80,0,False
a91e10196842be3a6069ae10,Cálculo Diferencial,2026-2,,0,False
a91e10196842be3a6069ae10,Fortalecimiento Académico: Matemáticas,2026-2,,0,False
a91e10196842be3a6069ae10,Fundamentos de Química,2026-2,,0,False
a91e10196842be3a6069ae10,Geometría Analítica,2026-2,,0,False
bf50e78fc491d163431a84c3,Cálculo Diferencial,2026-2,,0,False
bf50e78fc491d163431a84c3,Fundamentos de Química,2026-2,,0,False
bf50e78fc491d163431a84c3,Geometría Analítica,2026-2,,0,False
1b0ef2712a2f7f36765e1a81,Cálculo Vectorial,2025-2,,0,False
1b0ef2712a2f7f36765e1a81,Ecuaciones Diferenciales,2026-2,,0,False
1b0ef2712a2f7f36765e1a81,Electricidad y Magnetismo,2025-2,3.28,0,False
1b0ef2712a2f7f36765e1a81,Cálculo Vectorial,2026-1,3.68,0,False
cc22ff11f21db37168e4f84c,Fortalecimiento Académico: Física,2025-2,,0,False
cc22ff11f21db37168e4f84c,Ecuaciones Diferenciales,2026-1,,2,True
cc22ff11f21db37168e4f84c,Cálculo Vectorial,2025-2,3.02,2,True
cc22ff11f21db37168e4f84c,Ecuaciones Diferenciales,2026-1,3.13,2,True
cc22ff11f21db37168e4f84c,Electricidad y Magnetismo,2025-2,3.54,0,False
7d96b37fff7f98126a12e4dc,Cálculo Vectorial,2025-2,3.86,2,True
7d96b37fff7f98126a12e4dc,Ecuaciones Diferenciales,2026-1,4.14,1,True
7d96b37fff7f98126a12e4dc,Electricidad y Magnetismo,2026-1,4.54,0,False
c21c9ce763807f99be400d8e,Cálculo Integral,2025-2,4.03,0,False
c21c9ce763807f99be400d8e,Álgebra Lineal,2025-2,4.48,1,True
2748b95626c7220f69afa4f1,Geometría Analítica,2025-2,,1,True
1c50643ecadab5961ce8d349,Cálculo Diferencial,2025-2,,0,False
1c50643ecadab5961ce8d349,Álgebra Lineal,2026-2,,0,False
1c50643ecadab5961ce8d349,Álgebra Lineal,2026-1,2.22,1,True
1c50643ecadab5961ce8d349,Física Mecánica,2025-2,3.02,0,False
1c50643ecadab5961ce8d349,Cálculo Diferencial,2025-2,3.04,0,False
52b54719c1483525d80acbd7,Fortalecimiento Académico: Física,2026-1,,0,False
52b54719c1483525d80acbd7,Cálculo Vectorial,2025-2,2.02,2,True
52b54719c1483525d80acbd7,Electricidad y Magnetismo,2026-1,3.22,0,False
52b54719c1483525d80acbd7,Ecuaciones Diferenciales,2026-1,3.30,0,False
52b54719c1483525d80acbd7,Cálculo Vectorial,2026-1,3.46,0,False
d00b58eb73d36746b93e0425,Geometría Analítica,2026-1,2.38,1,True
d00b58eb73d36746b93e0425,Cálculo Diferencial,2026-1,3.31,0,False
d00b58eb73d36746b93e0425,Fundamentos Matemáticos,2026-2,3.66,0,False
aee631465d2700dd0c987128,Cálculo Diferencial,2026-1,,0,False
aee631465d2700dd0c987128,Geometría Analítica,2026-1,,0,False
aee631465d2700dd0c987128,Cálculo Diferencial,2026-2,,0,False
aee631465d2700dd0c987128,Geometría Analítica,2026-2,,0,False
aee631465d2700dd0c987128,Cálculo Diferencial,2026-1,2.44,0,False
aee631465d2700dd0c987128,Geometría Analítica,2026-1,2.66,0,False
aee631465d2700dd0c987128,Fundamentos Matemáticos,2026-1,3.80,0,False
2a7b74f49aa68b87cdce52bd,Física Mecánica,2025-2,2.53,0,False
2a7b74f49aa68b87cdce52bd,Cálculo Integral,2025-2,3.13,0,False
2a7b74f49aa68b87cdce52bd,Física Mecánica,2025-2,3.86,0,False
2a7b74f49aa68b87cdce52bd,Álgebra Lineal,2026-1,3.94,0,False
2a7b74f49aa68b87cdce52bd,Electricidad y Magnetismo,2026-1,4.35,1,True
b69b933c1c94cdc21394d385,Física Mecánica,2026-2,,0,False
b69b933c1c94cdc21394d385,Cálculo Diferencial,2026-1,3.06,2,True
b69b933c1c94cdc21394d385,Geometría Analítica,2026-1,3.13,0,False
b69b933c1c94cdc21394d385,Fundamentos Matemáticos,2026-1,4.40,0,False
64375ad199fd378daf51189a,Cálculo Diferencial,2026-1,,0,False
64375ad199fd378daf51189a,Cálculo Diferencial,2026-2,,0,False
64375ad199fd378daf51189a,Geometría Analítica,2026-1,2.34,0,False
64375ad199fd378daf51189a,Fundamentos Matemáticos,2026-1,4.00,0,False
270c162a0b32ec23096a9b4a,Fortalecimiento Académico: Matemáticas,2026-2,,0,False
34cae42d9bd28337cfbe5290,Álgebra Lineal,2026-2,,0,False
34cae42d9bd28337cfbe5290,Física Mecánica,2026-2,,0,False
34cae42d9bd28337cfbe5290,Cálculo Diferencial,2025-2,3.35,0,False
34cae42d9bd28337cfbe5290,Fundamentos Matemáticos,2025-2,3.59,0,False
34cae42d9bd28337cfbe5290,Geometría Analítica,2026-1,3.60,0,False
34cae42d9bd28337cfbe5290,Cálculo Integral,2026-1,4.00,0,False
7276b6f2d4443f94e7f3edf1,Cálculo Diferencial,2025-2,,0,False
7276b6f2d4443f94e7f3edf1,Fundamentos Matemáticos,2025-2,,0,False
7276b6f2d4443f94e7f3edf1,Geometría Analítica,2025-2,,0,False
17d03aa978de7cfa99972a13,Cálculo Diferencial,2025-2,0.22,0,False
17d03aa978de7cfa99972a13,Geometría Analítica,2025-2,0.42,0,False
a19a4ab27f9be0b746d23c4b,Física Mecánica,2025-2,,2,True
a19a4ab27f9be0b746d23c4b,Cálculo Integral,2026-1,,0,False
a19a4ab27f9be0b746d23c4b,Álgebra Lineal,2026-2,,0,False
a19a4ab27f9be0b746d23c4b,Cálculo Integral,2026-2,,0,False
a19a4ab27f9be0b746d23c4b,Cálculo Integral,2025-2,2.66,0,False
a19a4ab27f9be0b746d23c4b,Física Mecánica,2026-1,3.13,2,True
0f2eec72dd43006b31b20b71,Cálculo Diferencial,2026-1,,3,True
0f2eec72dd43006b31b20b71,Cálculo Diferencial,2026-2,,0,False
0f2eec72dd43006b31b20b71,Fundamentos de Química,2026-2,,0,False
0f2eec72dd43006b31b20b71,Geometría Analítica,2026-2,,0,False
0f2eec72dd43006b31b20b71,Fundamentos de Química,2026-1,1.64,0,False
0f2eec72dd43006b31b20b71,Geometría Analítica,2026-1,2.02,0,False
0f2eec72dd43006b31b20b71,Fundamentos Matemáticos,2026-1,3.90,0,False
ace666fe1c24567a665c9995,Álgebra Lineal,2025-2,3.00,1,True
ace666fe1c24567a665c9995,Física Mecánica,2025-2,3.06,0,False
a4914d9cd0dc7bef9a51a3f7,Fortalecimiento Académico: Física,2026-1,,0,False
a4914d9cd0dc7bef9a51a3f7,Cálculo Integral,2025-2,2.33,2,True
a4914d9cd0dc7bef9a51a3f7,Física Mecánica,2026-1,3.12,0,False
a4914d9cd0dc7bef9a51a3f7,Geometría Analítica,2025-2,3.46,1,True
a4914d9cd0dc7bef9a51a3f7,Cálculo Integral,2026-1,3.56,0,False
a4914d9cd0dc7bef9a51a3f7,Álgebra Lineal,2026-1,3.94,0,False
dca0fda3bda583a8ac3a2ef8,Fundamentos Matemáticos,2025-2,,0,False
dca0fda3bda583a8ac3a2ef8,Álgebra Lineal,2026-1,4.92,1,True
45696df035e1bee22ec6b3d8,Electricidad y Magnetismo,2026-2,,1,True
45696df035e1bee22ec6b3d8,Fortalecimiento Académico: Física,2026-2,,0,False
45696df035e1bee22ec6b3d8,Cálculo Vectorial,2025-2,2.29,1,True
45696df035e1bee22ec6b3d8,Ecuaciones Diferenciales,2025-2,2.65,1,True
45696df035e1bee22ec6b3d8,Cálculo Vectorial,2025-2,3.18,1,True
45696df035e1bee22ec6b3d8,Ecuaciones Diferenciales,2026-1,3.42,0,False
ad48a7e3b785b3010004c9ee,Fortalecimiento Académico: Matemáticas,2025-2,,0,False
f4188606bbb87781ba8f7d74,Cálculo Integral,2026-2,,0,False
f4188606bbb87781ba8f7d74,Física Mecánica,2026-2,,0,False
f4188606bbb87781ba8f7d74,Geometría Analítica,2026-1,4.61,6,True
f4188606bbb87781ba8f7d74,Fundamentos Matemáticos,2026-2,4.66,0,False
f4188606bbb87781ba8f7d74,Cálculo Diferencial,2026-1,4.74,0,False
be2194a1b43779f013cc5917,Ecuaciones Diferenciales,2025-2,,0,False
be2194a1b43779f013cc5917,Cálculo Vectorial,2025-2,2.04,2,True
be2194a1b43779f013cc5917,Física Mecánica,2025-2,2.51,0,False
40ac8963139333483d3e9474,Cálculo Integral,2026-1,,0,False
40ac8963139333483d3e9474,Cálculo Integral,2026-1,3.08,0,False
40ac8963139333483d3e9474,Álgebra Lineal,2026-1,3.36,1,True
a855473007bf1944dc966555,Cálculo Integral,2025-2,,0,False
a855473007bf1944dc966555,Cálculo Integral,2026-1,,0,False
a855473007bf1944dc966555,Fortalecimiento Académico: Matemáticas,2026-1,,0,False
a855473007bf1944dc966555,Cálculo Integral,2026-2,,0,False
a855473007bf1944dc966555,Álgebra Lineal,2025-2,2.31,2,True
f7a667b01fb1cec2ad02a5e6,Física Mecánica,2025-2,3.37,1,True
98dc1f9f39772994311642ee,Física Mecánica,2025-2,3.19,0,False
79a894a06c58bae5a647b47e,Álgebra Lineal,2025-2,3.72,0,False
9b1fdf21448da31370808937,Fundamentos Matemáticos,2025-2,3.03,0,False
9b1fdf21448da31370808937,Álgebra Lineal,2026-1,3.09,0,False
533956667c9d3e6b0a0e77e6,Cálculo Diferencial,2025-2,,0,False
533956667c9d3e6b0a0e77e6,Álgebra Lineal,2026-1,,0,False
533956667c9d3e6b0a0e77e6,Cálculo Integral,2026-2,,0,False
533956667c9d3e6b0a0e77e6,Física Mecánica,2026-2,,0,False
533956667c9d3e6b0a0e77e6,Fundamentos de Química,2025-2,2.48,0,False
533956667c9d3e6b0a0e77e6,Fundamentos de Química,2026-1,3.01,0,False
533956667c9d3e6b0a0e77e6,Cálculo Diferencial,2026-1,3.65,0,False
5a43ca02bbb61e4c7683f56a,Fortalecimiento Académico: Física,2025-2,,0,False
5a43ca02bbb61e4c7683f56a,Física Moderna,2026-1,3.49,0,False
5a43ca02bbb61e4c7683f56a,Cálculo Vectorial,2026-1,3.81,1,True
5a43ca02bbb61e4c7683f56a,Electricidad y Magnetismo,2025-2,3.89,0,False
5a43ca02bbb61e4c7683f56a,Ecuaciones Diferenciales,2025-2,4.94,1,True
ce72588ed00a583dc1ce5805,Cálculo Integral,2025-2,3.76,8,True
ce72588ed00a583dc1ce5805,Física Mecánica,2026-1,4.33,1,True
ce72588ed00a583dc1ce5805,Geometría Analítica,2025-2,4.75,0,False
ce72588ed00a583dc1ce5805,Álgebra Lineal,2026-1,4.82,1,True
a1de109e8f66e6cd8572e224,Fortalecimiento Académico: Matemáticas,2025-2,,0,False
983d7c96ea660b01225ec1ba,Cálculo Integral,2026-2,,0,False
983d7c96ea660b01225ec1ba,Ecuaciones Diferenciales,2026-2,,0,False
983d7c96ea660b01225ec1ba,Electricidad y Magnetismo,2026-2,,1,True
983d7c96ea660b01225ec1ba,Cálculo Integral,2025-2,2.46,0,False
983d7c96ea660b01225ec1ba,Cálculo Integral,2026-1,2.77,1,True
983d7c96ea660b01225ec1ba,Fundamentos Matemáticos,2026-1,3.37,0,False
6e65b16977d2f4365c74cb40,Cálculo Vectorial,2025-2,,0,False
6e65b16977d2f4365c74cb40,Ecuaciones Diferenciales,2025-2,,0,False
6e65b16977d2f4365c74cb40,Cálculo Vectorial,2026-2,,0,False
6e65b16977d2f4365c74cb40,Electricidad y Magnetismo,2026-2,,0,False
6e65b16977d2f4365c74cb40,Física Mecánica,2025-2,2.88,0,False
6e65b16977d2f4365c74cb40,Ecuaciones Diferenciales,2026-1,3.00,0,False
6e65b16977d2f4365c74cb40,Fundamentos de Química,2025-2,3.05,0,False
6e65b16977d2f4365c74cb40,Física Mecánica,2026-1,3.47,0,False
f411d32dfb3e35afa85dd089,Física Mecánica,2025-2,,0,False
f411d32dfb3e35afa85dd089,Álgebra Lineal,2026-1,,0,False
3b4efdc53bcc092b79432172,Electricidad y Magnetismo,2025-2,,0,False
3b4efdc53bcc092b79432172,Cálculo Vectorial,2025-2,2.55,0,False
3b4efdc53bcc092b79432172,Electricidad y Magnetismo,2026-1,3.38,0,False
3b4efdc53bcc092b79432172,Ecuaciones Diferenciales,2026-1,3.57,0,False
3b4efdc53bcc092b79432172,Cálculo Vectorial,2026-1,4.04,0,False
44c36221b63783b04bbca867,Física Mecánica,2026-1,,0,False
44c36221b63783b04bbca867,Física Mecánica,2026-2,,0,False
44c36221b63783b04bbca867,Cálculo Integral,2025-2,3.30,0,False
44c36221b63783b04bbca867,Geometría Analítica,2025-2,4.03,0,False
a8861aa12f3bf952903061b9,Álgebra Lineal,2025-2,,0,False
a8861aa12f3bf952903061b9,Cálculo Diferencial,2025-2,,0,False
a8861aa12f3bf952903061b9,Fundamentos de Química,2025-2,,0,False
a8861aa12f3bf952903061b9,Fundamentos de Química,2026-1,,0,False
a8861aa12f3bf952903061b9,Álgebra Lineal,2026-2,,0,False
a8861aa12f3bf952903061b9,Cálculo Integral,2026-2,,0,False
a8861aa12f3bf952903061b9,Cálculo Diferencial,2026-1,3.42,0,False
3abc7f491ae383f5a3ac819b,Cálculo Integral,2026-2,,0,False
3abc7f491ae383f5a3ac819b,Física Mecánica,2026-2,,0,False
3abc7f491ae383f5a3ac819b,Cálculo Diferencial,2026-1,3.70,0,False
3abc7f491ae383f5a3ac819b,Geometría Analítica,2026-1,3.79,0,False
022bfb30e4293be2bd51a38a,Cálculo Diferencial,2025-2,,0,False
022bfb30e4293be2bd51a38a,Geometría Analítica,2025-2,,0,False
022bfb30e4293be2bd51a38a,Cálculo Diferencial,2026-1,,0,False
022bfb30e4293be2bd51a38a,Geometría Analítica,2026-1,,0,False
409998bfafa66581264bb75f,Física Mecánica,2025-2,3.04,0,False
970b192f4cffee4b25c4234d,Fortalecimiento Académico: Física,2025-2,,0,False
970b192f4cffee4b25c4234d,Fortalecimiento Académico: Matemáticas,2025-2,,0,False
970b192f4cffee4b25c4234d,Electricidad y Magnetismo,2026-2,,0,False
970b192f4cffee4b25c4234d,Cálculo Vectorial,2025-2,1.51,1,True
970b192f4cffee4b25c4234d,Fundamentos de Química,2025-2,3.03,1,True
970b192f4cffee4b25c4234d,Física Mecánica,2025-2,3.04,0,False
31ac91093c3456b89b2862e3,Álgebra Lineal,2025-2,3.75,0,False
58089afd3da7155a62ffafe9,Cálculo Vectorial,2025-2,,0,False
58089afd3da7155a62ffafe9,Ecuaciones Diferenciales,2025-2,,0,False
58089afd3da7155a62ffafe9,Física Mecánica,2025-2,,0,False
58089afd3da7155a62ffafe9,Cálculo Vectorial,2026-1,,1,True
58089afd3da7155a62ffafe9,Ecuaciones Diferenciales,2026-1,,0,False
58089afd3da7155a62ffafe9,Física Mecánica,2026-1,,0,False
58089afd3da7155a62ffafe9,Cálculo Vectorial,2026-2,,0,False
58089afd3da7155a62ffafe9,Ecuaciones Diferenciales,2026-2,,1,True
58089afd3da7155a62ffafe9,Física Mecánica,2026-2,,0,False
60ecda61842b10a71cddcb0d,Ecuaciones Diferenciales,2025-2,,1,True
60ecda61842b10a71cddcb0d,Electricidad y Magnetismo,2026-2,,2,True
60ecda61842b10a71cddcb0d,Cálculo Vectorial,2025-2,2.50,1,True
60ecda61842b10a71cddcb0d,Física Mecánica,2026-1,3.24,1,True
60ecda61842b10a71cddcb0d,Cálculo Vectorial,2026-1,3.54,0,False
60ecda61842b10a71cddcb0d,Ecuaciones Diferenciales,2026-1,4.80,0,False
514c93083a10800703bb1a34,Fortalecimiento Académico: Matemáticas,2025-2,,0,False
4c8ecda77917abb4bc4860b2,Física Mecánica,2025-2,,0,False
4c8ecda77917abb4bc4860b2,Física Mecánica,2026-1,,0,False
4c8ecda77917abb4bc4860b2,Álgebra Lineal,2025-2,3.30,0,False
4c8ecda77917abb4bc4860b2,Cálculo Integral,2025-2,3.86,3,True
aa6ab2dd3ee6e2ce0148c62c,Fundamentos Matemáticos,2025-2,,0,False
aa6ab2dd3ee6e2ce0148c62c,Fortalecimiento Académico: Física,2026-1,,0,False
aa6ab2dd3ee6e2ce0148c62c,Electricidad y Magnetismo,2026-1,3.35,1,True
aa6ab2dd3ee6e2ce0148c62c,Álgebra Lineal,2025-2,4.08,0,False
3130b4d0b15b78e0338c053a,Fortalecimiento Académico: Matemáticas,2025-2,,0,False
3130b4d0b15b78e0338c053a,Física Mecánica,2026-1,,0,False
3130b4d0b15b78e0338c053a,Fortalecimiento Académico: Física,2026-1,,0,False
3130b4d0b15b78e0338c053a,Cálculo Integral,2025-2,3.29,1,True
3130b4d0b15b78e0338c053a,Álgebra Lineal,2026-1,3.63,0,False
3130b4d0b15b78e0338c053a,Fundamentos Matemáticos,2025-2,4.14,0,False
93496c8692fe57aca6c7457e,Física Mecánica,2025-2,,0,False
93496c8692fe57aca6c7457e,Electricidad y Magnetismo,2026-2,,0,False
93496c8692fe57aca6c7457e,Fortalecimiento Académico: Física,2026-2,,0,False
93496c8692fe57aca6c7457e,Física Mecánica,2025-2,3.04,0,False
83bda621b23c8026e0df1fc4,Cálculo Diferencial,2025-2,,1,True
83bda621b23c8026e0df1fc4,Fundamentos de Química,2025-2,,0,False
83bda621b23c8026e0df1fc4,Geometría Analítica,2025-2,,0,False
6afb9b14f0954ac6cadb3c08,Cálculo Diferencial,2025-2,,0,False
6afb9b14f0954ac6cadb3c08,Geometría Analítica,2025-2,,4,True
6afb9b14f0954ac6cadb3c08,Cálculo Diferencial,2026-2,,0,False
6afb9b14f0954ac6cadb3c08,Geometría Analítica,2026-2,,0,False
5dccf611cd2390e9602de018,Física Mecánica,2025-2,2.27,0,False
5dccf611cd2390e9602de018,Fundamentos de Química,2025-2,2.38,0,False
5dccf611cd2390e9602de018,Cálculo Integral,2025-2,2.61,0,False
eb3527afca28356463ab7daf,Cálculo Vectorial,2025-2,,0,False
eb3527afca28356463ab7daf,Ecuaciones Diferenciales,2025-2,,0,False
eb3527afca28356463ab7daf,Ecuaciones Diferenciales,2026-1,,2,True
eb3527afca28356463ab7daf,Ecuaciones Diferenciales,2026-2,,1,True
eb3527afca28356463ab7daf,Electricidad y Magnetismo,2026-2,,3,True
eb3527afca28356463ab7daf,Cálculo Vectorial,2026-1,3.28,1,True
93ed3d79be2e5ec4ca89135f,Cálculo Vectorial,2025-2,,0,False
93ed3d79be2e5ec4ca89135f,Ecuaciones Diferenciales,2025-2,,0,False
93ed3d79be2e5ec4ca89135f,Electricidad y Magnetismo,2025-2,,2,True
93ed3d79be2e5ec4ca89135f,Cálculo Vectorial,2026-1,,1,True
93ed3d79be2e5ec4ca89135f,Ecuaciones Diferenciales,2026-1,,0,False
93ed3d79be2e5ec4ca89135f,Electricidad y Magnetismo,2026-1,,0,False
93ed3d79be2e5ec4ca89135f,Cálculo Vectorial,2026-2,,0,False
93ed3d79be2e5ec4ca89135f,Ecuaciones Diferenciales,2026-2,,0,False
4c9489a590ab7ac87a81706c,Álgebra Lineal,2025-2,,2,True
4c9489a590ab7ac87a81706c,Cálculo Integral,2025-2,3.08,0,False
4c9489a590ab7ac87a81706c,Física Mecánica,2025-2,3.47,0,False
ff225b93203a5873b8911518,Geometría Analítica,2026-2,,0,False
ff225b93203a5873b8911518,Cálculo Diferencial,2025-2,0.00,0,False
3722b127f53715a5f62d6d0d,Electricidad y Magnetismo,2025-2,,1,True
3722b127f53715a5f62d6d0d,Cálculo Vectorial,2026-2,,0,False
3722b127f53715a5f62d6d0d,Física Moderna,2026-2,,0,False
3722b127f53715a5f62d6d0d,Cálculo Vectorial,2026-1,2.58,0,False
3722b127f53715a5f62d6d0d,Ecuaciones Diferenciales,2025-2,2.60,0,False
3722b127f53715a5f62d6d0d,Electricidad y Magnetismo,2026-1,3.02,0,False
3722b127f53715a5f62d6d0d,Ecuaciones Diferenciales,2025-2,3.50,0,False
a1d8174ad21cbca001453a68,Fundamentos Matemáticos,2025-2,,0,False
14ca4c1a8ec67b88f65f9a6e,Fundamentos de Química,2025-2,,0,False
14ca4c1a8ec67b88f65f9a6e,Fundamentos Matemáticos,2025-2,,0,False
14ca4c1a8ec67b88f65f9a6e,Cálculo Diferencial,2025-2,2.21,0,False
5880dec3435cff41849bee8a,Fortalecimiento Académico: Matemáticas,2025-2,,0,False
5880dec3435cff41849bee8a,Álgebra Lineal,2026-1,3.06,0,False
5880dec3435cff41849bee8a,Cálculo Integral,2025-2,3.45,2,True
0de5310c2b41c56e2ff94d36,Cálculo Diferencial,2025-2,,1,True
0de5310c2b41c56e2ff94d36,Fundamentos Matemáticos,2025-2,3.67,0,False
95e17178162bf40506e63740,Ecuaciones Diferenciales,2025-2,,0,False
95e17178162bf40506e63740,Electricidad y Magnetismo,2026-2,,0,False
95e17178162bf40506e63740,Cálculo Vectorial,2025-2,1.92,0,False
95e17178162bf40506e63740,Ecuaciones Diferenciales,2026-1,3.45,0,False
95e17178162bf40506e63740,Fundamentos Matemáticos,2026-1,3.76,0,False
95e17178162bf40506e63740,Geometría Analítica,2025-2,3.92,0,False
2ebaab76fad56743003781ca,Cálculo Integral,2026-1,,0,False
7824428d3560a6ac8f364813,Fortalecimiento Académico: Física,2025-2,,0,False
7824428d3560a6ac8f364813,Física Mecánica,2025-2,3.28,2,True
7824428d3560a6ac8f364813,Cálculo Integral,2025-2,3.42,0,False
930c120e1ad0d27be898243b,Electricidad y Magnetismo,2026-2,,1,True
930c120e1ad0d27be898243b,Cálculo Vectorial,2025-2,2.17,2,True
930c120e1ad0d27be898243b,Cálculo Vectorial,2026-1,2.50,1,True
930c120e1ad0d27be898243b,Ecuaciones Diferenciales,2025-2,3.59,1,True
1014d548638145c454c44916,Ecuaciones Diferenciales,2026-2,,0,False
1014d548638145c454c44916,Cálculo Vectorial,2026-1,3.00,0,False
1014d548638145c454c44916,Electricidad y Magnetismo,2026-1,3.13,1,True
1014d548638145c454c44916,Cálculo Integral,2025-2,3.21,1,True
1014d548638145c454c44916,Física Mecánica,2025-2,3.36,1,True
1014d548638145c454c44916,Álgebra Lineal,2025-2,3.50,1,True
3ccfcff84eff3090d3cd2fce,Fortalecimiento Académico: Física,2026-1,,0,False
3ccfcff84eff3090d3cd2fce,Cálculo Vectorial,2025-2,3.44,0,False
3ccfcff84eff3090d3cd2fce,Ecuaciones Diferenciales,2026-1,3.59,0,False
3ccfcff84eff3090d3cd2fce,Electricidad y Magnetismo,2026-1,4.37,0,False
74bd50fc2a71f2595acec466,Fortalecimiento Académico: Matemáticas,2025-2,,0,False
5a5c5d167be02f849bfe0e3d,Cálculo Integral,2025-2,2.68,1,True
5a5c5d167be02f849bfe0e3d,Cálculo Vectorial,2026-1,3.04,0,False
5a5c5d167be02f849bfe0e3d,Ecuaciones Diferenciales,2026-1,3.24,3,True
5a5c5d167be02f849bfe0e3d,Cálculo Integral,2025-2,4.30,1,True
16553aaf83cf6492826190b5,Electricidad y Magnetismo,2026-2,,0,False
16553aaf83cf6492826190b5,Fortalecimiento Académico: Física,2026-2,,0,False
16553aaf83cf6492826190b5,Fundamentos de Química,2025-2,3.64,0,False
16553aaf83cf6492826190b5,Ecuaciones Diferenciales,2026-1,4.90,0,False
9886bf438dc0a5fbaee95a76,Fortalecimiento Académico: Matemáticas,2025-2,,0,False
9886bf438dc0a5fbaee95a76,Cálculo Vectorial,2026-2,,0,False
9886bf438dc0a5fbaee95a76,Electricidad y Magnetismo,2026-2,,0,False
9886bf438dc0a5fbaee95a76,Fortalecimiento Académico: Física,2026-2,,0,False
9886bf438dc0a5fbaee95a76,Álgebra Lineal,2025-2,1.88,0,False
9886bf438dc0a5fbaee95a76,Física Mecánica,2025-2,2.10,0,False
9886bf438dc0a5fbaee95a76,Cálculo Integral,2025-2,2.16,0,False
9886bf438dc0a5fbaee95a76,Fundamentos de Química,2025-2,2.52,0,False
9886bf438dc0a5fbaee95a76,Álgebra Lineal,2026-1,3.04,0,False
9886bf438dc0a5fbaee95a76,Fundamentos de Química,2026-1,3.07,0,False
9886bf438dc0a5fbaee95a76,Física Mecánica,2026-1,3.17,2,True
9886bf438dc0a5fbaee95a76,Cálculo Integral,2026-1,3.22,2,True
6697f0d20d0111f02918f325,Cálculo Integral,2025-2,,1,True
6697f0d20d0111f02918f325,Fundamentos Matemáticos,2025-2,,0,False
6697f0d20d0111f02918f325,Cálculo Integral,2026-1,3.13,1,True
6697f0d20d0111f02918f325,Álgebra Lineal,2025-2,3.56,0,False
6697f0d20d0111f02918f325,Fundamentos Matemáticos,2025-2,3.62,0,False
3edb5bdff834f8d2e9a4c970,Cálculo Integral,2025-2,3.07,2,True
3edb5bdff834f8d2e9a4c970,Física Mecánica,2026-1,3.65,0,False
3edb5bdff834f8d2e9a4c970,Fundamentos Matemáticos,2026-1,4.50,0,False
1160a34d8d15bac9a2974bde,Electricidad y Magnetismo,2026-2,,0,False
1160a34d8d15bac9a2974bde,Física Mecánica,2025-2,3.87,0,False
1160a34d8d15bac9a2974bde,Cálculo Integral,2025-2,3.95,2,True
1160a34d8d15bac9a2974bde,Cálculo Vectorial,2026-1,4.14,1,True
1160a34d8d15bac9a2974bde,Ecuaciones Diferenciales,2026-1,4.47,8,True
1160a34d8d15bac9a2974bde,Álgebra Lineal,2025-2,4.60,1,True
3a380992ba7b1135b5b66327,Cálculo Integral,2026-2,,0,False
3a380992ba7b1135b5b66327,Fortalecimiento Académico: Matemáticas,2026-2,,0,False
3a380992ba7b1135b5b66327,Cálculo Diferencial,2026-1,3.05,0,False
3a380992ba7b1135b5b66327,Geometría Analítica,2026-1,3.37,1,True
3a380992ba7b1135b5b66327,Fundamentos de Química,2026-1,3.44,0,False
3a380992ba7b1135b5b66327,Fundamentos Matemáticos,2026-1,3.44,1,True
3a380992ba7b1135b5b66327,Álgebra Lineal,2026-1,3.78,0,False
9dd4bb23e5bd5fd439c52475,Cálculo Integral,2025-2,,0,False
9dd4bb23e5bd5fd439c52475,Física Mecánica,2025-2,,0,False
eb28607a89598f41f6a8e88c,Cálculo Diferencial,2026-2,,0,False
eb28607a89598f41f6a8e88c,Geometría Analítica,2026-2,,0,False
6a169bb3be6c0cd90a2aa72e,Fundamentos Matemáticos,2025-2,,0,False
9a6f4640c16d6207fb4d2dbe,Cálculo Vectorial,2026-2,,0,False
9a6f4640c16d6207fb4d2dbe,Ecuaciones Diferenciales,2026-2,,0,False
9a6f4640c16d6207fb4d2dbe,Electricidad y Magnetismo,2026-2,,0,False
9a6f4640c16d6207fb4d2dbe,Física Mecánica,2026-1,3.22,0,False
9a6f4640c16d6207fb4d2dbe,Álgebra Lineal,2026-1,3.39,0,False
9a6f4640c16d6207fb4d2dbe,Cálculo Integral,2026-1,3.52,0,False
9a6f4640c16d6207fb4d2dbe,Cálculo Diferencial,2025-2,3.53,1,True
9a6f4640c16d6207fb4d2dbe,Fundamentos de Química,2025-2,3.54,0,False
9a6f4640c16d6207fb4d2dbe,Geometría Analítica,2025-2,3.90,1,True
92ad2b1f75540ea532f79690,Cálculo Integral,2026-2,,0,False
92ad2b1f75540ea532f79690,Geometría Analítica,2026-1,0.19,0,False
92ad2b1f75540ea532f79690,Cálculo Diferencial,2025-2,3.41,0,False
2b1ad8c655392c4f4073b4ba,Física Mecánica,2025-2,,0,False
2b1ad8c655392c4f4073b4ba,Fundamentos de Química,2025-2,,0,False
2b1ad8c655392c4f4073b4ba,Física Mecánica,2026-1,,0,False
2b1ad8c655392c4f4073b4ba,Física Mecánica,2026-2,,0,False
2b1ad8c655392c4f4073b4ba,Cálculo Integral,2025-2,2.22,1,True
2b1ad8c655392c4f4073b4ba,Cálculo Integral,2026-1,2.36,0,False
2b1ad8c655392c4f4073b4ba,Álgebra Lineal,2025-2,3.04,0,False
2b1ad8c655392c4f4073b4ba,Ecuaciones Diferenciales,2026-1,5.00,0,False
2731b0cf166aa91f5e9468c9,Cálculo Vectorial,2026-2,,0,False
2731b0cf166aa91f5e9468c9,Ecuaciones Diferenciales,2026-2,,2,True
2731b0cf166aa91f5e9468c9,Álgebra Lineal,2025-2,2.94,0,False
2731b0cf166aa91f5e9468c9,Cálculo Diferencial,2025-2,3.08,0,False
2731b0cf166aa91f5e9468c9,Física Mecánica,2026-1,3.20,0,False
2731b0cf166aa91f5e9468c9,Cálculo Integral,2026-1,3.28,13,True
2731b0cf166aa91f5e9468c9,Fundamentos Matemáticos,2026-1,3.65,0,False
e82f3726497008d1bf5a3d9c,Cálculo Diferencial,2026-2,,1,True
e82f3726497008d1bf5a3d9c,Fortalecimiento Académico: Matemáticas,2026-2,,0,False
e82f3726497008d1bf5a3d9c,Fundamentos de Química,2026-2,,0,False
e82f3726497008d1bf5a3d9c,Fundamentos Matemáticos,2026-2,,0,False
e82f3726497008d1bf5a3d9c,Geometría Analítica,2026-2,,0,False
b40559413cf1dc28333ca936,Fortalecimiento Académico: Física,2025-2,,0,False
b40559413cf1dc28333ca936,Física Mecánica,2026-1,,0,False
b40559413cf1dc28333ca936,Física Mecánica,2025-2,2.48,0,False
b40559413cf1dc28333ca936,Ecuaciones Diferenciales,2026-1,2.64,11,True
b40559413cf1dc28333ca936,Álgebra Lineal,2025-2,2.80,0,False
b40559413cf1dc28333ca936,Geometría Analítica,2025-2,3.01,0,False
b40559413cf1dc28333ca936,Cálculo Integral,2025-2,3.02,3,True
b40559413cf1dc28333ca936,Cálculo Vectorial,2026-1,3.05,1,True
b40559413cf1dc28333ca936,Física Mecánica,2026-1,3.48,0,False
953ab8e782c20aa67b18f9a1,Física Mecánica,2026-1,3.91,0,False
953ab8e782c20aa67b18f9a1,Geometría Analítica,2025-2,4.14,0,False
953ab8e782c20aa67b18f9a1,Cálculo Integral,2025-2,4.23,1,True
953ab8e782c20aa67b18f9a1,Álgebra Lineal,2026-1,4.86,0,False
7b538a502ef7817e0a47db51,Cálculo Diferencial,2026-1,,0,False
7b538a502ef7817e0a47db51,Geometría Analítica,2026-1,,0,False
7b538a502ef7817e0a47db51,Cálculo Diferencial,2026-2,,0,False
7b538a502ef7817e0a47db51,Geometría Analítica,2025-2,0.83,0,False
7b538a502ef7817e0a47db51,Cálculo Diferencial,2025-2,1.31,0,False
7b538a502ef7817e0a47db51,Fundamentos de Química,2025-2,1.82,0,False
7b538a502ef7817e0a47db51,Fundamentos Matemáticos,2026-1,2.32,0,False
652d1614b17391abe8b78e3c,Fortalecimiento Académico: Física,2025-2,,0,False
652d1614b17391abe8b78e3c,Fortalecimiento Académico: Matemáticas,2025-2,,0,False
652d1614b17391abe8b78e3c,Fortalecimiento Académico: Física,2026-1,,0,False
652d1614b17391abe8b78e3c,Cálculo Vectorial,2026-2,,0,False
652d1614b17391abe8b78e3c,Física Moderna,2026-2,,0,False
652d1614b17391abe8b78e3c,Física Mecánica,2025-2,3.73,1,True
652d1614b17391abe8b78e3c,Cálculo Integral,2025-2,4.23,2,True
652d1614b17391abe8b78e3c,Electricidad y Magnetismo,2026-1,4.30,2,True
652d1614b17391abe8b78e3c,Álgebra Lineal,2025-2,4.46,1,True
652d1614b17391abe8b78e3c,Ecuaciones Diferenciales,2026-1,4.60,9,True
40c09b416fdc18b06141526c,Física Moderna,2026-2,,0,False
40c09b416fdc18b06141526c,Ecuaciones Diferenciales,2026-1,3.48,1,True
40c09b416fdc18b06141526c,Cálculo Vectorial,2026-1,3.50,0,False
40c09b416fdc18b06141526c,Física Mecánica,2025-2,3.65,0,False
40c09b416fdc18b06141526c,Cálculo Integral,2025-2,3.73,2,True
40c09b416fdc18b06141526c,Electricidad y Magnetismo,2026-1,3.92,0,False
40c09b416fdc18b06141526c,Álgebra Lineal,2025-2,4.44,0,False
2693123880f1686bd98145da,Cálculo Vectorial,2026-2,,0,False
2693123880f1686bd98145da,Ecuaciones Diferenciales,2026-2,,0,False
2693123880f1686bd98145da,Electricidad y Magnetismo,2026-2,,0,False
2693123880f1686bd98145da,Cálculo Vectorial,2026-1,2.50,0,False
2693123880f1686bd98145da,Cálculo Vectorial,2026-1,2.76,0,False
2693123880f1686bd98145da,Álgebra Lineal,2025-2,2.86,0,False
2693123880f1686bd98145da,Cálculo Integral,2025-2,3.16,1,True
2693123880f1686bd98145da,Fundamentos de Química,2025-2,3.26,0,False
2693123880f1686bd98145da,Álgebra Lineal,2026-1,3.86,0,False
5b79ed0bb753e2adf5b23755,Cálculo Vectorial,2026-2,,0,False
5b79ed0bb753e2adf5b23755,Ecuaciones Diferenciales,2026-2,,0,False
5b79ed0bb753e2adf5b23755,Cálculo Integral,2026-1,3.45,2,True
5b79ed0bb753e2adf5b23755,Cálculo Diferencial,2025-2,3.66,0,False
5b79ed0bb753e2adf5b23755,Álgebra Lineal,2025-2,4.18,0,False
5b79ed0bb753e2adf5b23755,Fundamentos Matemáticos,2026-1,4.68,0,False
5fe03e9aeb743912180c3600,Fortalecimiento Académico: Física,2025-2,,0,False
5fe03e9aeb743912180c3600,Ecuaciones Diferenciales,2026-2,,0,False
5fe03e9aeb743912180c3600,Cálculo Vectorial,2026-1,3.56,0,False
5fe03e9aeb743912180c3600,Electricidad y Magnetismo,2026-1,3.73,0,False
5fe03e9aeb743912180c3600,Física Mecánica,2025-2,4.23,0,False
5fe03e9aeb743912180c3600,Cálculo Integral,2025-2,4.27,2,True
5fe03e9aeb743912180c3600,Álgebra Lineal,2025-2,4.50,0,False
5fe03e9aeb743912180c3600,Fundamentos Matemáticos,2026-1,4.50,0,False
5fe03e9aeb743912180c3600,Fundamentos de Química,2025-2,4.66,0,False
98defe176255563f5089ff0b,Ecuaciones Diferenciales,2026-2,,0,False
98defe176255563f5089ff0b,Cálculo Integral,2025-2,2.43,1,True
98defe176255563f5089ff0b,Electricidad y Magnetismo,2026-1,2.46,0,False
98defe176255563f5089ff0b,Fundamentos de Química,2025-2,3.00,0,False
98defe176255563f5089ff0b,Álgebra Lineal,2026-1,3.06,1,True
98defe176255563f5089ff0b,Geometría Analítica,2025-2,3.10,0,False
98defe176255563f5089ff0b,Cálculo Integral,2026-1,3.10,0,False
98defe176255563f5089ff0b,Física Mecánica,2026-1,3.15,0,False
79a208a461b5c699ffa53615,Física Mecánica,2025-2,,0,False
79a208a461b5c699ffa53615,Cálculo Vectorial,2026-1,,0,False
79a208a461b5c699ffa53615,Cálculo Vectorial,2026-2,,0,False
79a208a461b5c699ffa53615,Cálculo Integral,2025-2,3.07,0,False
79a208a461b5c699ffa53615,Álgebra Lineal,2025-2,3.16,0,False
79a208a461b5c699ffa53615,Física Mecánica,2025-2,3.38,0,False
79a208a461b5c699ffa53615,Electricidad y Magnetismo,2026-1,3.43,0,False
79a208a461b5c699ffa53615,Fundamentos de Química,2025-2,3.49,0,False
79a208a461b5c699ffa53615,Fundamentos Matemáticos,2026-1,3.70,0,False
0e61521ca32130dad5ec5e1c,Fortalecimiento Académico: Matemáticas,2025-2,,0,False
0e61521ca32130dad5ec5e1c,Cálculo Vectorial,2026-2,,0,False
0e61521ca32130dad5ec5e1c,Cálculo Integral,2025-2,3.65,4,True
0e61521ca32130dad5ec5e1c,Física Mecánica,2025-2,3.70,0,False
0e61521ca32130dad5ec5e1c,Ecuaciones Diferenciales,2026-1,3.87,0,False
0e61521ca32130dad5ec5e1c,Electricidad y Magnetismo,2026-1,4.26,0,False
0e61521ca32130dad5ec5e1c,Fundamentos de Química,2025-2,4.31,0,False
0e61521ca32130dad5ec5e1c,Álgebra Lineal,2025-2,4.57,0,False
6313f7ff58008b964818bf81,Física Mecánica,2025-2,,0,False
6313f7ff58008b964818bf81,Electricidad y Magnetismo,2026-2,,2,True
6313f7ff58008b964818bf81,Física Moderna,2026-2,,0,False
6313f7ff58008b964818bf81,Fortalecimiento Académico: Física,2026-2,,0,False
6313f7ff58008b964818bf81,Cálculo Vectorial,2026-1,3.00,1,True
6313f7ff58008b964818bf81,Cálculo Integral,2025-2,3.01,3,True
6313f7ff58008b964818bf81,Física Mecánica,2026-1,3.01,0,False
6313f7ff58008b964818bf81,Álgebra Lineal,2025-2,3.63,1,True
6313f7ff58008b964818bf81,Ecuaciones Diferenciales,2026-1,5.00,0,False
3712f13eccb33b870e5e7152,Álgebra Lineal,2026-2,,1,True
3712f13eccb33b870e5e7152,Cálculo Integral,2026-2,,0,False
3712f13eccb33b870e5e7152,Fundamentos de Química,2026-1,3.68,0,False
3712f13eccb33b870e5e7152,Geometría Analítica,2026-1,3.91,0,False
3712f13eccb33b870e5e7152,Cálculo Diferencial,2026-1,4.13,0,False
fb2f2844c60d2b9267e03c52,Física Mecánica,2025-2,3.26,0,False
fb2f2844c60d2b9267e03c52,Cálculo Integral,2025-2,3.82,0,False
fb2f2844c60d2b9267e03c52,Álgebra Lineal,2026-1,4.67,0,False
cb3c5b17c172036bcc9b6fbe,Geometría Analítica,2025-2,,0,False
cb3c5b17c172036bcc9b6fbe,Cálculo Vectorial,2026-1,2.70,0,False
cb3c5b17c172036bcc9b6fbe,Cálculo Diferencial,2025-2,3.10,0,False
cb3c5b17c172036bcc9b6fbe,Fundamentos de Química,2025-2,3.10,0,False
cb3c5b17c172036bcc9b6fbe,Cálculo Integral,2025-2,3.20,0,False
cb3c5b17c172036bcc9b6fbe,Álgebra Lineal,2026-1,3.36,1,True
cb3c5b17c172036bcc9b6fbe,Fundamentos de Química,2025-2,3.40,0,False
cb3c5b17c172036bcc9b6fbe,Fundamentos Matemáticos,2025-2,3.40,0,False
cb3c5b17c172036bcc9b6fbe,Geometría Analítica,2025-2,4.00,0,False
cb3c5b17c172036bcc9b6fbe,Cálculo Vectorial,2026-1,4.10,0,False
ba4166685e5b9c9763c68bb5,Cálculo Diferencial,2025-2,,0,False
ba4166685e5b9c9763c68bb5,Cálculo Diferencial,2026-2,,0,False
ba4166685e5b9c9763c68bb5,Cálculo Diferencial,2025-2,0.45,0,False
32a57c3c44e056b47973813f,Cálculo Integral,2026-1,,0,False
32a57c3c44e056b47973813f,Física Mecánica,2026-1,,0,False
32a57c3c44e056b47973813f,Fortalecimiento Académico: Matemáticas,2026-1,,0,False
32a57c3c44e056b47973813f,Álgebra Lineal,2026-2,,0,False
32a57c3c44e056b47973813f,Cálculo Integral,2026-2,,0,False
32a57c3c44e056b47973813f,Cálculo Diferencial,2025-2,3.20,0,False
32a57c3c44e056b47973813f,Geometría Analítica,2025-2,3.23,0,False
3d3757f740eeb53c2f33e1de,Cálculo Diferencial,2025-2,,0,False
3d3757f740eeb53c2f33e1de,Geometría Analítica,2025-2,,0,False
3d3757f740eeb53c2f33e1de,Cálculo Diferencial,2026-1,,0,False
3d3757f740eeb53c2f33e1de,Fortalecimiento Académico: Matemáticas,2026-1,,0,False
3d3757f740eeb53c2f33e1de,Cálculo Integral,2026-2,,0,False
3d3757f740eeb53c2f33e1de,Física Mecánica,2026-2,,0,False
3d3757f740eeb53c2f33e1de,Cálculo Diferencial,2026-1,3.01,0,False
3d3757f740eeb53c2f33e1de,Geometría Analítica,2026-1,3.08,0,False
3d5a11e57fe9fc1be1190fdf,Fortalecimiento Académico: Matemáticas,2026-1,,0,False
53da1e2e275cacabdd2c5d40,Álgebra Lineal,2026-1,2.82,1,True
53da1e2e275cacabdd2c5d40,Cálculo Integral,2025-2,3.01,1,True
53da1e2e275cacabdd2c5d40,Física Mecánica,2025-2,3.44,0,False
53da1e2e275cacabdd2c5d40,Álgebra Lineal,2026-1,4.20,1,True
3e2bdf936e2db770a049dc91,Ecuaciones Diferenciales,2026-2,,2,True
3e2bdf936e2db770a049dc91,Electricidad y Magnetismo,2026-2,,3,True
3e2bdf936e2db770a049dc91,Fundamentos de Química,2025-2,2.45,0,False
3e2bdf936e2db770a049dc91,Cálculo Integral,2025-2,2.55,0,False
3e2bdf936e2db770a049dc91,Álgebra Lineal,2025-2,3.22,1,True
3e2bdf936e2db770a049dc91,Cálculo Integral,2026-1,3.46,12,True
3e2bdf936e2db770a049dc91,Física Mecánica,2025-2,3.47,0,False
3e2bdf936e2db770a049dc91,Fundamentos de Química,2026-1,3.56,0,False
f85471dd096d36fdb713c3e3,Cálculo Integral,2026-2,,0,False
f85471dd096d36fdb713c3e3,Física Mecánica,2026-2,,0,False
f85471dd096d36fdb713c3e3,Cálculo Diferencial,2025-2,2.69,0,False
f85471dd096d36fdb713c3e3,Geometría Analítica,2025-2,3.03,1,True
f85471dd096d36fdb713c3e3,Cálculo Diferencial,2026-1,4.00,0,False
e729d1b80e528ca713e423bf,Geometría Analítica,2025-2,,0,False
e729d1b80e528ca713e423bf,Fundamentos de Química,2025-2,3.00,0,False
e729d1b80e528ca713e423bf,Geometría Analítica,2026-1,3.02,0,False
e729d1b80e528ca713e423bf,Fundamentos Matemáticos,2026-1,3.15,1,True
e729d1b80e528ca713e423bf,Ecuaciones Diferenciales,2025-2,3.30,0,False
e729d1b80e528ca713e423bf,Física Mecánica,2025-2,3.33,0,False
e729d1b80e528ca713e423bf,Cálculo Diferencial,2025-2,3.50,0,False
e729d1b80e528ca713e423bf,Cálculo Vectorial,2025-2,3.80,0,False
e729d1b80e528ca713e423bf,Electricidad y Magnetismo,2025-2,3.80,0,False
e729d1b80e528ca713e423bf,Álgebra Lineal,2025-2,4.01,0,False
e729d1b80e528ca713e423bf,Cálculo Integral,2025-2,4.20,0,False
ef674c4c5afbd4e582c1d118,Álgebra Lineal,2026-2,,1,True
ef674c4c5afbd4e582c1d118,Cálculo Integral,2026-2,,0,False
ef674c4c5afbd4e582c1d118,Cálculo Diferencial,2025-2,2.80,0,False
ef674c4c5afbd4e582c1d118,Geometría Analítica,2025-2,3.47,0,False
ef674c4c5afbd4e582c1d118,Cálculo Diferencial,2026-1,3.69,0,False
244db93161a62e33679ffd8b,Cálculo Diferencial,2025-2,,2,True
244db93161a62e33679ffd8b,Fortalecimiento Académico: Matemáticas,2025-2,,0,False
244db93161a62e33679ffd8b,Geometría Analítica,2025-2,,0,False
244db93161a62e33679ffd8b,Cálculo Diferencial,2026-2,,0,False
244db93161a62e33679ffd8b,Cálculo Diferencial,2026-1,2.11,0,False
244db93161a62e33679ffd8b,Geometría Analítica,2026-1,3.00,0,False
b2eaa815eef782a0cdd82070,Geometría Analítica,2025-2,2.19,0,False
b2eaa815eef782a0cdd82070,Cálculo Integral,2025-2,2.56,3,True
70a399149d9093ee88f85c08,Cálculo Diferencial,2026-1,,0,False
70a399149d9093ee88f85c08,Geometría Analítica,2026-1,,0,False
70a399149d9093ee88f85c08,Cálculo Diferencial,2026-2,,1,True
70a399149d9093ee88f85c08,Geometría Analítica,2026-2,,0,False
d578a5abbe212907900af360,Física Mecánica,2025-2,,0,False
d578a5abbe212907900af360,Cálculo Integral,2026-1,,0,False
d578a5abbe212907900af360,Ecuaciones Diferenciales,2026-2,,0,False
d578a5abbe212907900af360,Física Mecánica,2026-2,,0,False
d578a5abbe212907900af360,Física Mecánica,2026-1,2.15,0,False
d578a5abbe212907900af360,Fundamentos de Química,2025-2,2.68,0,False
d578a5abbe212907900af360,Cálculo Integral,2025-2,2.74,0,False
d578a5abbe212907900af360,Álgebra Lineal,2025-2,3.01,0,False
d578a5abbe212907900af360,Cálculo Integral,2026-1,3.16,0,False
d578a5abbe212907900af360,Fundamentos de Química,2026-1,3.31,0,False
24d491c9b4ee39bab9386b43,Álgebra Lineal,2025-2,,0,False
24d491c9b4ee39bab9386b43,Cálculo Diferencial,2025-2,,0,False
24d491c9b4ee39bab9386b43,Fundamentos de Química,2025-2,,0,False
9ed1b92589ef7a90abd43140,Cálculo Integral,2025-2,,0,False
9ed1b92589ef7a90abd43140,Física Mecánica,2025-2,,0,False
9ed1b92589ef7a90abd43140,Física Mecánica,2026-2,,0,False
9ed1b92589ef7a90abd43140,Álgebra Lineal,2026-1,3.13,0,False
9ed1b92589ef7a90abd43140,Cálculo Integral,2026-1,3.64,0,False
ee6ad5cb4d85c02d5ab39a55,Física Mecánica,2025-2,3.52,0,False
ee6ad5cb4d85c02d5ab39a55,Cálculo Integral,2025-2,4.25,0,False
ee6ad5cb4d85c02d5ab39a55,Álgebra Lineal,2026-1,4.64,0,False
92a6be27dabc10e791e973c2,Fortalecimiento Académico: Matemáticas,2025-2,,0,False
92a6be27dabc10e791e973c2,Cálculo Integral,2025-2,3.22,9,True
92a6be27dabc10e791e973c2,Ecuaciones Diferenciales,2026-1,3.22,1,True
92a6be27dabc10e791e973c2,Electricidad y Magnetismo,2026-1,3.31,0,False
92a6be27dabc10e791e973c2,Fundamentos de Química,2025-2,3.58,0,False
92a6be27dabc10e791e973c2,Física Mecánica,2025-2,3.66,0,False
92a6be27dabc10e791e973c2,Álgebra Lineal,2025-2,4.13,0,False
800dee7d834fad9ae85f6eba,Electricidad y Magnetismo,2026-2,,0,False
800dee7d834fad9ae85f6eba,Fundamentos de Química,2025-2,3.01,0,False
800dee7d834fad9ae85f6eba,Cálculo Integral,2026-1,3.08,0,False
800dee7d834fad9ae85f6eba,Física Mecánica,2025-2,3.35,0,False
800dee7d834fad9ae85f6eba,Álgebra Lineal,2025-2,4.06,0,False
43d45b4b572f26caff14645e,Física Mecánica,2025-2,,0,False
43d45b4b572f26caff14645e,Fortalecimiento Académico: Física,2025-2,,0,False
43d45b4b572f26caff14645e,Fortalecimiento Académico: Física,2026-1,,0,False
43d45b4b572f26caff14645e,Cálculo Vectorial,2026-2,,0,False
43d45b4b572f26caff14645e,Física Mecánica,2026-1,3.62,0,False
43d45b4b572f26caff14645e,Ecuaciones Diferenciales,2026-1,3.65,1,True
43d45b4b572f26caff14645e,Cálculo Integral,2025-2,3.88,1,True
43d45b4b572f26caff14645e,Fundamentos de Química,2025-2,3.93,0,False
43d45b4b572f26caff14645e,Álgebra Lineal,2025-2,4.39,0,False
39cd6ec27bac35fc288aeacc,Fortalecimiento Académico: Matemáticas,2025-2,,0,False
39cd6ec27bac35fc288aeacc,Cálculo Integral,2025-2,2.18,3,True
39cd6ec27bac35fc288aeacc,Álgebra Lineal,2026-1,2.92,1,True
39cd6ec27bac35fc288aeacc,Física Mecánica,2025-2,3.00,0,False
39cd6ec27bac35fc288aeacc,Cálculo Integral,2025-2,3.56,3,True
31dc4558417ec0f92d2d2b58,Cálculo Integral,2025-2,,1,True
31dc4558417ec0f92d2d2b58,Fortalecimiento Académico: Matemáticas,2025-2,,0,False
31dc4558417ec0f92d2d2b58,Cálculo Vectorial,2026-2,,0,False
31dc4558417ec0f92d2d2b58,Álgebra Lineal,2025-2,3.27,1,True
31dc4558417ec0f92d2d2b58,Cálculo Integral,2026-1,3.42,0,False
1420b01bedf47f5b4be52cd7,Fortalecimiento Académico: Física,2025-2,,0,False
1420b01bedf47f5b4be52cd7,Ecuaciones Diferenciales,2026-2,,4,True
1420b01bedf47f5b4be52cd7,Cálculo Vectorial,2026-1,3.54,0,False
1420b01bedf47f5b4be52cd7,Electricidad y Magnetismo,2026-1,3.54,0,False
1420b01bedf47f5b4be52cd7,Cálculo Integral,2025-2,3.82,6,True
1420b01bedf47f5b4be52cd7,Física Mecánica,2025-2,4.01,0,False
1420b01bedf47f5b4be52cd7,Fundamentos de Química,2025-2,4.18,0,False
1420b01bedf47f5b4be52cd7,Álgebra Lineal,2025-2,4.50,1,True
1935618b1e22dd0dae70e97d,Cálculo Integral,2025-2,,0,False
1935618b1e22dd0dae70e97d,Física Mecánica,2025-2,2.76,1,True
1935618b1e22dd0dae70e97d,Cálculo Integral,2025-2,3.34,0,False
1935618b1e22dd0dae70e97d,Álgebra Lineal,2026-1,3.56,4,True
1935618b1e22dd0dae70e97d,Física Mecánica,2025-2,4.32,1,True
b57b4066c97511162f0b8340,Fortalecimiento Académico: Matemáticas,2025-2,,0,False
b57b4066c97511162f0b8340,Álgebra Lineal,2026-2,,0,False
b57b4066c97511162f0b8340,Cálculo Integral,2025-2,2.66,1,True
b57b4066c97511162f0b8340,Geometría Analítica,2025-2,2.78,1,True
b57b4066c97511162f0b8340,Física Mecánica,2026-1,3.13,0,False
b57b4066c97511162f0b8340,Geometría Analítica,2026-1,3.42,0,False
b57b4066c97511162f0b8340,Cálculo Integral,2025-2,3.89,1,True
0d696e410840368ad2f9873f,Cálculo Integral,2025-2,2.75,5,True
0d696e410840368ad2f9873f,Cálculo Integral,2025-2,3.95,5,True
0d696e410840368ad2f9873f,Álgebra Lineal,2026-1,3.98,0,False
0d696e410840368ad2f9873f,Geometría Analítica,2025-2,4.32,0,False
0d696e410840368ad2f9873f,Física Mecánica,2026-1,4.39,0,False
dd214b8421b4237ba5580f7f,Física Mecánica,2026-1,3.10,0,False
dd214b8421b4237ba5580f7f,Geometría Analítica,2025-2,4.04,0,False
dd214b8421b4237ba5580f7f,Álgebra Lineal,2026-1,4.20,0,False
dd214b8421b4237ba5580f7f,Cálculo Integral,2025-2,4.25,0,False
1d3a7635f54646ffcc3e3baf,Fortalecimiento Académico: Física,2025-2,,0,False
1d3a7635f54646ffcc3e3baf,Cálculo Integral,2025-2,3.00,2,True
1d3a7635f54646ffcc3e3baf,Física Mecánica,2025-2,3.38,0,False
1d3a7635f54646ffcc3e3baf,Álgebra Lineal,2026-1,3.69,2,True
1d3a7635f54646ffcc3e3baf,Fundamentos Matemáticos,2026-1,4.90,0,False
a07928acc7e0b9f1db1ea451,Ecuaciones Diferenciales,2026-2,,0,False
a07928acc7e0b9f1db1ea451,Electricidad y Magnetismo,2026-2,,0,False
a07928acc7e0b9f1db1ea451,Cálculo Vectorial,2026-1,1.97,0,False
a07928acc7e0b9f1db1ea451,Cálculo Integral,2025-2,3.01,0,False
a07928acc7e0b9f1db1ea451,Álgebra Lineal,2025-2,3.19,0,False
2882203963691a9340ea7022,Ecuaciones Diferenciales,2026-2,,1,True
2882203963691a9340ea7022,Electricidad y Magnetismo,2026-2,,0,False
2882203963691a9340ea7022,Cálculo Vectorial,2026-1,3.73,0,False
2882203963691a9340ea7022,Cálculo Integral,2025-2,4.37,0,False
2882203963691a9340ea7022,Álgebra Lineal,2025-2,4.72,0,False
3dcd23affb21e3c18e58331e,Electricidad y Magnetismo,2026-2,,0,False
3dcd23affb21e3c18e58331e,Cálculo Integral,2025-2,3.04,0,False
3dcd23affb21e3c18e58331e,Física Mecánica,2026-1,3.05,0,False
3dcd23affb21e3c18e58331e,Álgebra Lineal,2025-2,3.78,0,False
b187d4a422440f7f4cdc6fa7,Cálculo Diferencial,2025-2,1.76,0,False
b187d4a422440f7f4cdc6fa7,Fundamentos Matemáticos,2025-2,2.14,0,False
b187d4a422440f7f4cdc6fa7,Geometría Analítica,2025-2,2.56,0,False
b187d4a422440f7f4cdc6fa7,Fundamentos de Química,2025-2,2.61,0,False
a894aa0038efa317fe2581e4,Fortalecimiento Académico: Matemáticas,2025-2,,0,False
053f215320b865be159bc291,Álgebra Lineal,2026-2,,0,False
053f215320b865be159bc291,Cálculo Vectorial,2026-2,,0,False
053f215320b865be159bc291,Electricidad y Magnetismo,2026-1,3.07,0,False
053f215320b865be159bc291,Fundamentos de Química,2025-2,3.15,0,False
053f215320b865be159bc291,Cálculo Integral,2025-2,3.45,1,True
053f215320b865be159bc291,Ecuaciones Diferenciales,2026-1,3.45,1,True
053f215320b865be159bc291,Física Mecánica,2025-2,3.50,0,False
053f215320b865be159bc291,Geometría Analítica,2025-2,4.08,0,False
0dfe03bdee9023d32158edf8,Cálculo Integral,2025-2,,0,False
0dfe03bdee9023d32158edf8,Álgebra Lineal,2026-2,,0,False
0dfe03bdee9023d32158edf8,Electricidad y Magnetismo,2026-1,3.40,0,False
0dfe03bdee9023d32158edf8,Cálculo Integral,2025-2,4.17,0,False
0dfe03bdee9023d32158edf8,Física Mecánica,2025-2,4.29,0,False
edbd3d3b6b1fa1c5bd55eea8,Álgebra Lineal,2025-2,,2,True
edbd3d3b6b1fa1c5bd55eea8,Cálculo Vectorial,2026-2,,0,False
edbd3d3b6b1fa1c5bd55eea8,Ecuaciones Diferenciales,2026-2,,0,False
edbd3d3b6b1fa1c5bd55eea8,Cálculo Integral,2025-2,2.88,0,False
edbd3d3b6b1fa1c5bd55eea8,Cálculo Integral,2026-1,3.00,0,False
edbd3d3b6b1fa1c5bd55eea8,Álgebra Lineal,2026-1,3.14,2,True
edbd3d3b6b1fa1c5bd55eea8,Física Mecánica,2026-1,3.80,1,True
edbd3d3b6b1fa1c5bd55eea8,Fundamentos Matemáticos,2026-1,3.80,0,False
edbd3d3b6b1fa1c5bd55eea8,Cálculo Diferencial,2025-2,3.82,0,False
bf974c9ee118a909633dbb80,Fortalecimiento Académico: Matemáticas,2025-2,,0,False
b7e249c67fe402bb42c8e83d,Álgebra Lineal,2025-2,,1,True
b7e249c67fe402bb42c8e83d,Álgebra Lineal,2026-2,,0,False
b7e249c67fe402bb42c8e83d,Cálculo Integral,2026-2,,0,False
b7e249c67fe402bb42c8e83d,Cálculo Integral,2026-1,1.20,0,False
b7e249c67fe402bb42c8e83d,Álgebra Lineal,2026-1,2.05,1,True
b7e249c67fe402bb42c8e83d,Fundamentos de Química,2025-2,3.06,0,False
b7e249c67fe402bb42c8e83d,Cálculo Diferencial,2025-2,3.08,0,False
d50e671a22dc1838be2d459c,Cálculo Vectorial,2026-2,,0,False
d50e671a22dc1838be2d459c,Cálculo Integral,2025-2,2.75,2,True
d50e671a22dc1838be2d459c,Álgebra Lineal,2025-2,3.37,1,True
d50e671a22dc1838be2d459c,Cálculo Integral,2026-1,3.57,0,False
2cc5d993eefdf2796d2fc54e,Ecuaciones Diferenciales,2026-2,,1,True
2cc5d993eefdf2796d2fc54e,Electricidad y Magnetismo,2026-2,,0,False
2cc5d993eefdf2796d2fc54e,Cálculo Vectorial,2026-1,3.35,2,True
2cc5d993eefdf2796d2fc54e,Cálculo Integral,2025-2,3.73,1,True
2cc5d993eefdf2796d2fc54e,Álgebra Lineal,2025-2,4.36,4,True
284e22992d45d2c871c4a909,Física Mecánica,2026-2,,0,False
284e22992d45d2c871c4a909,Geometría Analítica,2026-1,3.03,0,False
24c4a9ccdad127ac327ea0d5,Cálculo Diferencial,2025-2,,1,True
24c4a9ccdad127ac327ea0d5,Álgebra Lineal,2026-2,,0,False
24c4a9ccdad127ac327ea0d5,Física Mecánica,2026-2,,0,False
24c4a9ccdad127ac327ea0d5,Cálculo Integral,2026-1,4.02,2,True
24c4a9ccdad127ac327ea0d5,Geometría Analítica,2026-1,4.09,1,True
24c4a9ccdad127ac327ea0d5,Cálculo Diferencial,2025-2,4.26,1,True
24c4a9ccdad127ac327ea0d5,Fundamentos Matemáticos,2025-2,4.55,0,False
fc5f8da1dc11fac912c6c63a,Física Mecánica,2025-2,,0,False
fc5f8da1dc11fac912c6c63a,Cálculo Integral,2025-2,3.01,0,False
fc5f8da1dc11fac912c6c63a,Física Mecánica,2026-1,3.09,0,False
3517fe4e62fd91673ce4d2bc,Álgebra Lineal,2026-2,,0,False
3517fe4e62fd91673ce4d2bc,Física Mecánica,2025-2,2.85,0,False
3517fe4e62fd91673ce4d2bc,Cálculo Integral,2025-2,3.71,0,False
73a4c41aeb2aacf7fd12d6b5,Ecuaciones Diferenciales,2026-1,,0,False
73a4c41aeb2aacf7fd12d6b5,Física Moderna,2026-2,,0,False
73a4c41aeb2aacf7fd12d6b5,Cálculo Vectorial,2026-1,3.01,0,False
73a4c41aeb2aacf7fd12d6b5,Cálculo Integral,2025-2,3.04,2,True
73a4c41aeb2aacf7fd12d6b5,Electricidad y Magnetismo,2026-1,3.14,0,False
73a4c41aeb2aacf7fd12d6b5,Física Mecánica,2025-2,3.63,0,False
73a4c41aeb2aacf7fd12d6b5,Álgebra Lineal,2025-2,3.79,0,False
73a4c41aeb2aacf7fd12d6b5,Ecuaciones Diferenciales,2026-1,5.00,0,False
5a773501c3bce1805ad86372,Electricidad y Magnetismo,2026-1,3.46,0,False
5a773501c3bce1805ad86372,Física Mecánica,2025-2,3.80,0,False
5a773501c3bce1805ad86372,Cálculo Integral,2025-2,4.06,0,False
5a773501c3bce1805ad86372,Álgebra Lineal,2026-1,4.29,0,False
6b5fa0987c5684d1d5270d64,Ecuaciones Diferenciales,2026-2,,0,False
6b5fa0987c5684d1d5270d64,Cálculo Integral,2025-2,2.78,3,True
6b5fa0987c5684d1d5270d64,Geometría Analítica,2025-2,3.00,0,False
6b5fa0987c5684d1d5270d64,Cálculo Vectorial,2026-1,3.29,0,False
6b5fa0987c5684d1d5270d64,Álgebra Lineal,2025-2,3.31,0,False
6b5fa0987c5684d1d5270d64,Cálculo Integral,2025-2,4.03,3,True
d58d88184e7a5bbd837951aa,Fortalecimiento Académico: Matemáticas,2025-2,,0,False
d58d88184e7a5bbd837951aa,Cálculo Vectorial,2026-1,,0,False
d58d88184e7a5bbd837951aa,Electricidad y Magnetismo,2026-2,,1,True
d58d88184e7a5bbd837951aa,Física Mecánica,2026-1,3.42,0,False
d58d88184e7a5bbd837951aa,Cálculo Integral,2025-2,3.59,0,False
d58d88184e7a5bbd837951aa,Fundamentos de Química,2025-2,3.84,0,False
d58d88184e7a5bbd837951aa,Álgebra Lineal,2025-2,4.77,0,False
d58d88184e7a5bbd837951aa,Ecuaciones Diferenciales,2026-1,5.00,0,False
0e7bf92e04d270dad6e69cd8,Fortalecimiento Académico: Matemáticas,2025-2,,0,False
0e7bf92e04d270dad6e69cd8,Fortalecimiento Académico: Física,2026-1,,0,False
0e7bf92e04d270dad6e69cd8,Cálculo Integral,2025-2,3.01,4,True
0e7bf92e04d270dad6e69cd8,Geometría Analítica,2025-2,3.23,1,True
0e7bf92e04d270dad6e69cd8,Física Mecánica,2026-1,3.36,5,True
0e7bf92e04d270dad6e69cd8,Álgebra Lineal,2026-1,3.68,0,False
32d8cd9628d0e5b05c92cf2d,Cálculo Integral,2026-2,,0,False
32d8cd9628d0e5b05c92cf2d,Física Mecánica,2026-1,3.38,0,False
32d8cd9628d0e5b05c92cf2d,Cálculo Diferencial,2026-1,3.99,0,False
32d8cd9628d0e5b05c92cf2d,Geometría Analítica,2025-2,4.72,0,False
a11327169ec44ce24b9ed3eb,Fortalecimiento Académico: Matemáticas,2025-2,,0,False
a11327169ec44ce24b9ed3eb,Cálculo Integral,2025-2,2.48,1,True
a11327169ec44ce24b9ed3eb,Física Mecánica,2025-2,3.01,1,True
a11327169ec44ce24b9ed3eb,Álgebra Lineal,2026-1,3.93,0,False
a11327169ec44ce24b9ed3eb,Cálculo Integral,2025-2,4.23,1,True
4dfbaed133e5dd390612b9a9,Cálculo Diferencial,2025-2,,0,False
4dfbaed133e5dd390612b9a9,Cálculo Diferencial,2026-1,0.56,0,False
4dfbaed133e5dd390612b9a9,Fundamentos de Química,2025-2,2.08,0,False
4f168e26c6aafab8c5d6802e,Fortalecimiento Académico: Matemáticas,2025-2,,0,False
4f168e26c6aafab8c5d6802e,Ecuaciones Diferenciales,2026-2,,0,False
4f168e26c6aafab8c5d6802e,Electricidad y Magnetismo,2026-2,,0,False
4f168e26c6aafab8c5d6802e,Fortalecimiento Académico: Física,2026-2,,0,False
4f168e26c6aafab8c5d6802e,Cálculo Vectorial,2026-1,3.00,0,False
4f168e26c6aafab8c5d6802e,Cálculo Integral,2025-2,3.79,1,True
4f168e26c6aafab8c5d6802e,Álgebra Lineal,2025-2,4.38,0,False
6e7b1bf0d181a868a631ab4f,Fortalecimiento Académico: Física,2025-2,,0,False
6e7b1bf0d181a868a631ab4f,Ecuaciones Diferenciales,2026-1,,0,False
6e7b1bf0d181a868a631ab4f,Cálculo Vectorial,2026-2,,0,False
6e7b1bf0d181a868a631ab4f,Cálculo Integral,2025-2,3.08,2,True
6e7b1bf0d181a868a631ab4f,Física Mecánica,2025-2,3.19,0,False
6e7b1bf0d181a868a631ab4f,Fundamentos de Química,2025-2,3.55,0,False
6e7b1bf0d181a868a631ab4f,Electricidad y Magnetismo,2026-1,3.63,0,False
6e7b1bf0d181a868a631ab4f,Ecuaciones Diferenciales,2026-1,3.83,0,False
6e7b1bf0d181a868a631ab4f,Álgebra Lineal,2025-2,4.30,3,True
1ee4862419b2893bfe39d5ed,Álgebra Lineal,2026-1,,1,True
1ee4862419b2893bfe39d5ed,Física Mecánica,2025-2,2.62,0,False
1ee4862419b2893bfe39d5ed,Cálculo Integral,2025-2,2.64,3,True
1ee4862419b2893bfe39d5ed,Cálculo Integral,2026-1,3.02,0,False
1ee4862419b2893bfe39d5ed,Física Mecánica,2026-1,3.13,2,True
1ee4862419b2893bfe39d5ed,Álgebra Lineal,2026-1,3.23,1,True
4c990e344b65c367c1e150c2,Cálculo Integral,2026-2,,0,False
4c990e344b65c367c1e150c2,Física Mecánica,2026-1,4.11,0,False
4c990e344b65c367c1e150c2,Geometría Analítica,2025-2,4.47,0,False
4c990e344b65c367c1e150c2,Cálculo Diferencial,2026-1,4.50,0,False
7fdaf535ccfbfba68afb5af0,Física Mecánica,2026-1,3.81,0,False
7fdaf535ccfbfba68afb5af0,Geometría Analítica,2025-2,4.09,0,False
7fdaf535ccfbfba68afb5af0,Cálculo Integral,2025-2,4.33,0,False
7fdaf535ccfbfba68afb5af0,Álgebra Lineal,2026-1,4.96,0,False
4f1678e79d79cf168281d89f,Álgebra Lineal,2026-2,,0,False
4f1678e79d79cf168281d89f,Cálculo Integral,2026-2,,0,False
4f1678e79d79cf168281d89f,Fortalecimiento Académico: Matemáticas,2026-2,,0,False
4f1678e79d79cf168281d89f,Cálculo Diferencial,2025-2,2.67,0,False
4f1678e79d79cf168281d89f,Fundamentos de Química,2025-2,3.16,0,False
4f1678e79d79cf168281d89f,Fundamentos Matemáticos,2025-2,3.41,0,False
4f1678e79d79cf168281d89f,Cálculo Diferencial,2025-2,3.68,0,False
4f1678e79d79cf168281d89f,Geometría Analítica,2025-2,3.84,0,False
c0bd470bed92edc0a7d6c3a1,Cálculo Vectorial,2026-1,,0,False
c0bd470bed92edc0a7d6c3a1,Cálculo Vectorial,2026-2,,0,False
c0bd470bed92edc0a7d6c3a1,Electricidad y Magnetismo,2026-2,,0,False
c0bd470bed92edc0a7d6c3a1,Ecuaciones Diferenciales,2026-1,2.12,1,True
c0bd470bed92edc0a7d6c3a1,Cálculo Integral,2025-2,2.77,1,True
c0bd470bed92edc0a7d6c3a1,Álgebra Lineal,2025-2,3.58,0,False
c0bd470bed92edc0a7d6c3a1,Cálculo Integral,2025-2,4.05,1,True
c0bd470bed92edc0a7d6c3a1,Ecuaciones Diferenciales,2026-1,4.85,1,True
9312ccde5a871d84a758a680,Fortalecimiento Académico: Matemáticas,2026-1,,0,False
4c61a385088a32323e3396e1,Fortalecimiento Académico: Física,2026-1,,0,False
4c61a385088a32323e3396e1,Geometría Analítica,2025-2,2.56,1,True
4c61a385088a32323e3396e1,Física Mecánica,2026-1,3.02,0,False
4c61a385088a32323e3396e1,Álgebra Lineal,2026-1,3.03,1,True
4c61a385088a32323e3396e1,Cálculo Integral,2025-2,3.25,1,True
4c61a385088a32323e3396e1,Geometría Analítica,2026-1,3.32,0,False
3d247050eca85e26f83ffba2,Ecuaciones Diferenciales,2026-2,,0,False
3d247050eca85e26f83ffba2,Cálculo Vectorial,2026-1,3.16,1,True
3d247050eca85e26f83ffba2,Física Mecánica,2025-2,3.50,4,True
3d247050eca85e26f83ffba2,Álgebra Lineal,2025-2,3.66,0,False
3d247050eca85e26f83ffba2,Cálculo Integral,2025-2,3.68,2,True
3d247050eca85e26f83ffba2,Electricidad y Magnetismo,2026-1,3.88,0,False
3d247050eca85e26f83ffba2,Fundamentos de Química,2025-2,4.09,0,False
0ea5d303a8c5acca07268419,Álgebra Lineal,2026-2,,0,False
0ea5d303a8c5acca07268419,Cálculo Integral,2025-2,3.02,1,True
0ea5d303a8c5acca07268419,Física Mecánica,2026-1,3.38,0,False
0ea5d303a8c5acca07268419,Geometría Analítica,2025-2,3.67,0,False
00288a31cb6ed8e66388e489,Cálculo Vectorial,2026-1,2.37,0,False
00288a31cb6ed8e66388e489,Ecuaciones Diferenciales,2026-1,2.58,1,True
00288a31cb6ed8e66388e489,Cálculo Integral,2025-2,3.19,1,True
00288a31cb6ed8e66388e489,Álgebra Lineal,2025-2,3.62,0,False
92278517bbcacee469f0415b,Electricidad y Magnetismo,2026-1,2.52,1,True
92278517bbcacee469f0415b,Álgebra Lineal,2025-2,2.61,0,False
92278517bbcacee469f0415b,Ecuaciones Diferenciales,2026-1,2.66,1,True
92278517bbcacee469f0415b,Física Mecánica,2025-2,3.00,1,True
92278517bbcacee469f0415b,Cálculo Integral,2025-2,3.01,3,True
92278517bbcacee469f0415b,Cálculo Vectorial,2026-1,3.17,0,False
92278517bbcacee469f0415b,Álgebra Lineal,2025-2,4.50,0,False
92278517bbcacee469f0415b,Ecuaciones Diferenciales,2026-1,4.90,1,True
c5d04f057ebaaa361edb16a8,Álgebra Lineal,2026-2,,0,False
c5d04f057ebaaa361edb16a8,Cálculo Integral,2025-2,2.82,1,True
c5d04f057ebaaa361edb16a8,Física Mecánica,2025-2,3.01,0,False
9de9470114f556dae782e968,Cálculo Integral,2026-2,,0,False
9de9470114f556dae782e968,Cálculo Integral,2026-1,2.50,0,False
9de9470114f556dae782e968,Física Mecánica,2026-1,2.72,0,False
9de9470114f556dae782e968,Cálculo Diferencial,2025-2,3.08,0,False
9de9470114f556dae782e968,Física Mecánica,2026-1,3.10,0,False
9de9470114f556dae782e968,Geometría Analítica,2025-2,3.16,0,False
dd66a2cb913429f753377cb9,Cálculo Diferencial,2025-2,,0,False
dd66a2cb913429f753377cb9,Física Mecánica,2026-1,,0,False
dd66a2cb913429f753377cb9,Física Mecánica,2026-2,,0,False
dd66a2cb913429f753377cb9,Cálculo Integral,2026-1,3.01,1,True
dd66a2cb913429f753377cb9,Geometría Analítica,2025-2,3.30,0,False
dd66a2cb913429f753377cb9,Cálculo Diferencial,2025-2,4.26,0,False
dd66a2cb913429f753377cb9,Fundamentos Matemáticos,2025-2,5.00,0,False
2e40e89f30e60acee83d5e1b,Cálculo Integral,2025-2,,0,False
2e40e89f30e60acee83d5e1b,Cálculo Integral,2026-1,,0,False
2e40e89f30e60acee83d5e1b,Cálculo Integral,2026-2,,0,False
2e40e89f30e60acee83d5e1b,Fundamentos de Química,2026-1,3.04,0,False
2e40e89f30e60acee83d5e1b,Álgebra Lineal,2026-1,3.34,0,False
2e40e89f30e60acee83d5e1b,Geometría Analítica,2025-2,3.35,0,False
f1ca8669c171327e6136885c,Física Mecánica,2025-2,,1,True
f1ca8669c171327e6136885c,Fortalecimiento Académico: Física,2025-2,,0,False
f1ca8669c171327e6136885c,Cálculo Integral,2025-2,2.78,4,True
f1ca8669c171327e6136885c,Física Mecánica,2026-1,3.16,1,True
99be8d04bc2f1e79322c9aa2,Álgebra Lineal,2026-2,,0,False
99be8d04bc2f1e79322c9aa2,Cálculo Integral,2026-2,,0,False
99be8d04bc2f1e79322c9aa2,Cálculo Diferencial,2025-2,2.85,0,False
99be8d04bc2f1e79322c9aa2,Geometría Analítica,2025-2,3.26,0,False
99be8d04bc2f1e79322c9aa2,Cálculo Diferencial,2026-1,3.48,0,False
1070650a9b4d516dcfe5be9e,Fortalecimiento Académico: Matemáticas,2025-2,,0,False
0f2752220715bca39299a6ae,Cálculo Integral,2025-2,,3,True
0f2752220715bca39299a6ae,Cálculo Integral,2025-2,3.43,3,True
0f2752220715bca39299a6ae,Geometría Analítica,2025-2,3.57,0,False
0f2752220715bca39299a6ae,Álgebra Lineal,2026-1,3.89,1,True
0f2752220715bca39299a6ae,Física Mecánica,2026-1,3.89,0,False
5abfcf0850ab335164c6cd13,Cálculo Diferencial,2026-1,,0,False
5abfcf0850ab335164c6cd13,Cálculo Diferencial,2026-2,,0,False
5abfcf0850ab335164c6cd13,Fortalecimiento Académico: Matemáticas,2026-2,,0,False
5abfcf0850ab335164c6cd13,Geometría Analítica,2026-2,,0,False
5abfcf0850ab335164c6cd13,Cálculo Diferencial,2025-2,1.89,0,False
5abfcf0850ab335164c6cd13,Cálculo Diferencial,2026-1,2.02,0,False
5abfcf0850ab335164c6cd13,Geometría Analítica,2025-2,2.31,0,False
5abfcf0850ab335164c6cd13,Fundamentos de Química,2026-1,3.06,0,False
6746e912697083428358f77a,Álgebra Lineal,2026-2,,0,False
6746e912697083428358f77a,Física Mecánica,2025-2,3.44,0,False
6746e912697083428358f77a,Cálculo Integral,2025-2,3.72,0,False
1213a12393d96d6c0147ace3,Fortalecimiento Académico: Matemáticas,2025-2,,0,False
1213a12393d96d6c0147ace3,Electricidad y Magnetismo,2026-2,,0,False
1213a12393d96d6c0147ace3,Fortalecimiento Académico: Física,2026-2,,0,False
1213a12393d96d6c0147ace3,Cálculo Vectorial,2026-1,3.11,0,False
1213a12393d96d6c0147ace3,Cálculo Integral,2025-2,3.36,5,True
1213a12393d96d6c0147ace3,Álgebra Lineal,2025-2,3.67,0,False
1213a12393d96d6c0147ace3,Ecuaciones Diferenciales,2026-1,3.92,1,True
6c8b5f0e3bf456b4a9f648bf,Cálculo Diferencial,2026-2,,0,False
6c8b5f0e3bf456b4a9f648bf,Geometría Analítica,2025-2,1.34,0,False
6c8b5f0e3bf456b4a9f648bf,Cálculo Diferencial,2025-2,2.63,3,True
6fdfb6f4b20280b3e928c8d5,Fortalecimiento Académico: Física,2025-2,,0,False
6fdfb6f4b20280b3e928c8d5,Geometría Analítica,2026-2,,0,False
6fdfb6f4b20280b3e928c8d5,Geometría Analítica,2025-2,2.55,0,False
6fdfb6f4b20280b3e928c8d5,Física Mecánica,2025-2,2.84,2,True
6fdfb6f4b20280b3e928c8d5,Cálculo Integral,2025-2,3.15,4,True
6fdfb6f4b20280b3e928c8d5,Física Mecánica,2026-1,3.95,0,False
ad423f3e0ed940f152d7ec17,Álgebra Lineal,2026-2,,0,False
ad423f3e0ed940f152d7ec17,Cálculo Diferencial,2025-2,3.01,0,False
ad423f3e0ed940f152d7ec17,Física Mecánica,2026-1,3.04,0,False
ad423f3e0ed940f152d7ec17,Cálculo Integral,2026-1,3.42,0,False
be99b463c70494235d074060,Fortalecimiento Académico: Matemáticas,2025-2,,0,False
be99b463c70494235d074060,Física Mecánica,2026-1,3.05,0,False
be99b463c70494235d074060,Cálculo Integral,2025-2,3.25,3,True
be99b463c70494235d074060,Geometría Analítica,2025-2,3.45,0,False
9bb5ab3ad291aefa4604371b,Fundamentos de Química,2025-2,,0,False
9bb5ab3ad291aefa4604371b,Cálculo Integral,2026-2,,0,False
9bb5ab3ad291aefa4604371b,Física Mecánica,2026-2,,0,False
9bb5ab3ad291aefa4604371b,Geometría Analítica,2025-2,2.41,0,False
9bb5ab3ad291aefa4604371b,Cálculo Integral,2026-1,2.67,0,False
9bb5ab3ad291aefa4604371b,Cálculo Integral,2025-2,2.78,0,False
9bb5ab3ad291aefa4604371b,Geometría Analítica,2026-1,3.02,0,False
a1509b600bccca818704699c,Cálculo Diferencial,2026-1,,0,False
a1509b600bccca818704699c,Geometría Analítica,2026-1,,0,False
a1509b600bccca818704699c,Geometría Analítica,2026-2,,0,False
9c3c943d5ef717727a712ddf,Fortalecimiento Académico: Matemáticas,2025-2,,0,False
9c3c943d5ef717727a712ddf,Fortalecimiento Académico: Matemáticas,2026-1,,0,False
0c11b49bcd4be6c8b0f79f23,Álgebra Lineal,2026-2,,0,False
0c11b49bcd4be6c8b0f79f23,Física Mecánica,2025-2,3.86,0,False
0c11b49bcd4be6c8b0f79f23,Cálculo Integral,2025-2,4.48,0,False
dbb8a2e360372ce9c64a3061,Fortalecimiento Académico: Física,2025-2,,0,False
dbb8a2e360372ce9c64a3061,Fortalecimiento Académico: Matemáticas,2025-2,,0,False
dbb8a2e360372ce9c64a3061,Física Mecánica,2025-2,3.82,0,False
dbb8a2e360372ce9c64a3061,Cálculo Integral,2025-2,4.13,2,True
dbb8a2e360372ce9c64a3061,Álgebra Lineal,2026-1,5.00,2,True
84ea79f48352da4d5f3b870c,Cálculo Integral,2025-2,3.00,3,True
84ea79f48352da4d5f3b870c,Geometría Analítica,2025-2,4.06,1,True
84ea79f48352da4d5f3b870c,Física Mecánica,2026-1,4.06,0,False
84ea79f48352da4d5f3b870c,Álgebra Lineal,2026-1,4.51,2,True
1214f7e1ce44132355e2e2b4,Cálculo Integral,2026-1,,1,True
1214f7e1ce44132355e2e2b4,Física Mecánica,2026-1,,0,False
1214f7e1ce44132355e2e2b4,Fortalecimiento Académico: Matemáticas,2026-1,,0,False
1214f7e1ce44132355e2e2b4,Cálculo Integral,2026-2,,0,False
1214f7e1ce44132355e2e2b4,Física Mecánica,2026-2,,0,False
1214f7e1ce44132355e2e2b4,Álgebra Lineal,2026-1,2.84,0,False
1214f7e1ce44132355e2e2b4,Fundamentos de Química,2025-2,3.03,0,False
1214f7e1ce44132355e2e2b4,Geometría Analítica,2025-2,3.23,0,False
1214f7e1ce44132355e2e2b4,Cálculo Diferencial,2025-2,3.39,1,True
aa51fb016b2cf2b37d5dfeb5,Cálculo Integral,2025-2,,0,False
aa51fb016b2cf2b37d5dfeb5,Fundamentos de Química,2025-2,,0,False
aa51fb016b2cf2b37d5dfeb5,Cálculo Integral,2026-1,,0,False
aa51fb016b2cf2b37d5dfeb5,Fortalecimiento Académico: Matemáticas,2026-1,,0,False
aa51fb016b2cf2b37d5dfeb5,Fundamentos de Química,2026-1,,0,False
aa51fb016b2cf2b37d5dfeb5,Cálculo Integral,2026-2,,0,False
375e65fa3dcc9893250a4d69,Fortalecimiento Académico: Física,2025-2,,0,False
375e65fa3dcc9893250a4d69,Física Mecánica,2025-2,3.51,0,False
375e65fa3dcc9893250a4d69,Álgebra Lineal,2026-1,4.69,0,False
375e65fa3dcc9893250a4d69,Cálculo Integral,2025-2,4.90,1,True
16cb72d541c279b563b2b8e9,Cálculo Integral,2025-2,3.14,2,True
16cb72d541c279b563b2b8e9,Física Mecánica,2026-1,3.26,0,False
16cb72d541c279b563b2b8e9,Geometría Analítica,2025-2,3.55,0,False
16cb72d541c279b563b2b8e9,Álgebra Lineal,2026-1,3.78,0,False
8022ecc7cc1e6de7bb2784b0,Cálculo Diferencial,2025-2,,0,False
8022ecc7cc1e6de7bb2784b0,Álgebra Lineal,2026-2,,1,True
8022ecc7cc1e6de7bb2784b0,Cálculo Integral,2026-2,,0,False
8022ecc7cc1e6de7bb2784b0,Cálculo Diferencial,2026-1,3.08,0,False
8022ecc7cc1e6de7bb2784b0,Geometría Analítica,2025-2,3.29,0,False
1964cc696b7ccb99bc985f02,Cálculo Diferencial,2025-2,,0,False
1964cc696b7ccb99bc985f02,Geometría Analítica,2025-2,,0,False
56b9bc6df287b8c020db3a43,Álgebra Lineal,2026-2,,0,False
56b9bc6df287b8c020db3a43,Cálculo Integral,2026-2,,1,True
56b9bc6df287b8c020db3a43,Cálculo Diferencial,2025-2,2.67,0,False
56b9bc6df287b8c020db3a43,Cálculo Diferencial,2026-1,3.20,0,False
59d584414e487dd02602fb7f,Electricidad y Magnetismo,2026-1,,0,False
59d584414e487dd02602fb7f,Cálculo Vectorial,2026-2,,0,False
59d584414e487dd02602fb7f,Ecuaciones Diferenciales,2026-1,1.73,0,False
59d584414e487dd02602fb7f,Cálculo Vectorial,2026-1,2.60,0,False
59d584414e487dd02602fb7f,Física Mecánica,2025-2,3.02,0,False
59d584414e487dd02602fb7f,Cálculo Integral,2025-2,3.19,0,False
59d584414e487dd02602fb7f,Álgebra Lineal,2025-2,3.86,0,False
1f8d33f39bd357f123dc1d86,Cálculo Diferencial,2025-2,,0,False
1f8d33f39bd357f123dc1d86,Geometría Analítica,2025-2,,0,False
1f8d33f39bd357f123dc1d86,Cálculo Diferencial,2026-1,,0,False
1f8d33f39bd357f123dc1d86,Fortalecimiento Académico: Matemáticas,2026-2,,0,False
1f8d33f39bd357f123dc1d86,Geometría Analítica,2026-2,,0,False
a4edc789f0c71a97d075a7c9,Física Mecánica,2025-2,,0,False
a4edc789f0c71a97d075a7c9,Fortalecimiento Académico: Matemáticas,2025-2,,0,False
a4edc789f0c71a97d075a7c9,Álgebra Lineal,2026-2,,1,True
a4edc789f0c71a97d075a7c9,Cálculo Integral,2025-2,3.21,0,False
a4edc789f0c71a97d075a7c9,Física Mecánica,2025-2,3.62,0,False
bf0deb5a540277106b0d8f87,Cálculo Integral,2026-1,,0,False
bf0deb5a540277106b0d8f87,Ecuaciones Diferenciales,2026-2,,0,False
bf0deb5a540277106b0d8f87,Álgebra Lineal,2025-2,3.01,2,True
bf0deb5a540277106b0d8f87,Cálculo Integral,2026-1,3.02,0,False
bf0deb5a540277106b0d8f87,Cálculo Diferencial,2025-2,3.30,0,False
45fd20c43a021da541b69586,Álgebra Lineal,2026-2,,0,False
45fd20c43a021da541b69586,Cálculo Integral,2026-2,,0,False
45fd20c43a021da541b69586,Física Mecánica,2026-2,,0,False
45fd20c43a021da541b69586,Fundamentos de Química,2026-1,3.81,0,False
45fd20c43a021da541b69586,Geometría Analítica,2026-1,4.31,0,False
45fd20c43a021da541b69586,Cálculo Diferencial,2026-1,5.00,1,True
bb77eebd6700c5b8bac91921,Cálculo Diferencial,2025-2,,0,False
bb77eebd6700c5b8bac91921,Fundamentos de Química,2025-2,,0,False
bb77eebd6700c5b8bac91921,Física Mecánica,2026-2,,0,False
bb77eebd6700c5b8bac91921,Fundamentos de Química,2026-2,,0,False
bb77eebd6700c5b8bac91921,Álgebra Lineal,2026-1,2.49,0,False
bb77eebd6700c5b8bac91921,Geometría Analítica,2025-2,3.02,0,False
bb77eebd6700c5b8bac91921,Cálculo Integral,2026-1,3.02,0,False
bb77eebd6700c5b8bac91921,Cálculo Diferencial,2025-2,3.13,0,False
230e3e89d2c04a07403913a0,Fortalecimiento Académico: Matemáticas,2025-2,,0,False
4f228cf97cf1321c9eb8e983,Cálculo Integral,2026-1,,0,False
4f228cf97cf1321c9eb8e983,Cálculo Integral,2026-2,,0,False
4f228cf97cf1321c9eb8e983,Cálculo Diferencial,2025-2,3.61,0,False
4f228cf97cf1321c9eb8e983,Álgebra Lineal,2026-1,3.78,2,True
c603c44d90ce8ad53f716441,Cálculo Integral,2025-2,3.61,0,False
c603c44d90ce8ad53f716441,Física Mecánica,2025-2,3.65,0,False
c603c44d90ce8ad53f716441,Álgebra Lineal,2026-1,4.21,0,False
e383998865e679e530d78c1b,Cálculo Integral,2026-1,,0,False
e383998865e679e530d78c1b,Álgebra Lineal,2026-2,,0,False
e383998865e679e530d78c1b,Cálculo Integral,2026-2,,1,True
e383998865e679e530d78c1b,Cálculo Integral,2025-2,2.39,0,False
e383998865e679e530d78c1b,Física Mecánica,2025-2,3.05,0,False
e383998865e679e530d78c1b,Fundamentos Matemáticos,2026-1,3.70,0,False
c8a5f085903b4b16366f64be,Física Mecánica,2025-2,,1,True
c8a5f085903b4b16366f64be,Fortalecimiento Académico: Matemáticas,2025-2,,0,False
c8a5f085903b4b16366f64be,Álgebra Lineal,2026-2,,0,False
c8a5f085903b4b16366f64be,Cálculo Integral,2025-2,3.02,0,False
e45a078a9e10704cd5d809cf,Cálculo Diferencial,2025-2,,2,True
e45a078a9e10704cd5d809cf,Cálculo Diferencial,2026-1,,0,False
e45a078a9e10704cd5d809cf,Álgebra Lineal,2026-2,,0,False
e45a078a9e10704cd5d809cf,Cálculo Diferencial,2026-2,,1,True
e45a078a9e10704cd5d809cf,Fundamentos de Química,2025-2,2.47,0,False
e45a078a9e10704cd5d809cf,Geometría Analítica,2025-2,2.64,0,False
e45a078a9e10704cd5d809cf,Fundamentos de Química,2026-1,3.08,0,False
1ffca894098ed56b491e33a6,Electricidad y Magnetismo,2026-2,,0,False
1ffca894098ed56b491e33a6,Cálculo Vectorial,2026-1,3.13,1,True
1ffca894098ed56b491e33a6,Ecuaciones Diferenciales,2026-1,3.42,1,True
1ffca894098ed56b491e33a6,Cálculo Integral,2025-2,3.44,3,True
1ffca894098ed56b491e33a6,Álgebra Lineal,2025-2,3.95,0,False
953c309e0d747610531f9700,Cálculo Vectorial,2026-2,,0,False
953c309e0d747610531f9700,Cálculo Vectorial,2026-1,2.17,1,True
953c309e0d747610531f9700,Ecuaciones Diferenciales,2026-1,3.01,2,True
953c309e0d747610531f9700,Álgebra Lineal,2025-2,3.03,1,True
953c309e0d747610531f9700,Cálculo Integral,2025-2,3.10,0,False
7ea4ae19981f9c02ca62d516,Fundamentos de Química,2025-2,0.24,0,False
7ea4ae19981f9c02ca62d516,Cálculo Diferencial,2025-2,0.28,0,False
7ea4ae19981f9c02ca62d516,Geometría Analítica,2025-2,0.29,0,False
c87f2b8c0081f856ebf5fbe1,Fundamentos Matemáticos,2026-1,,0,False
c87f2b8c0081f856ebf5fbe1,Electricidad y Magnetismo,2026-2,,0,False
c87f2b8c0081f856ebf5fbe1,Física Mecánica,2025-2,3.43,0,False
c87f2b8c0081f856ebf5fbe1,Álgebra Lineal,2026-1,3.70,0,False
c87f2b8c0081f856ebf5fbe1,Cálculo Integral,2025-2,3.90,1,True
bafea49929f5b8f5c3c8db43,Cálculo Diferencial,2026-1,,0,False
bafea49929f5b8f5c3c8db43,Fortalecimiento Académico: Matemáticas,2026-1,,0,False
bafea49929f5b8f5c3c8db43,Geometría Analítica,2026-1,,0,False
bafea49929f5b8f5c3c8db43,Fundamentos Matemáticos,2026-1,3.60,0,False
0990caca71ae513ea2d9b16a,Cálculo Diferencial,2025-2,,0,False
0990caca71ae513ea2d9b16a,Fundamentos de Química,2025-2,,0,False
0990caca71ae513ea2d9b16a,Geometría Analítica,2025-2,,0,False
0b0e6af9d21b7dde3b450d76,Fortalecimiento Académico: Matemáticas,2025-2,,0,False
0b0e6af9d21b7dde3b450d76,Física Mecánica,2026-1,,0,False
0b0e6af9d21b7dde3b450d76,Física Mecánica,2026-2,,0,False
0b0e6af9d21b7dde3b450d76,Álgebra Lineal,2026-1,2.58,0,False
0b0e6af9d21b7dde3b450d76,Cálculo Integral,2025-2,2.68,0,False
0b0e6af9d21b7dde3b450d76,Cálculo Integral,2025-2,3.04,0,False
0b0e6af9d21b7dde3b450d76,Geometría Analítica,2025-2,3.08,1,True
b2012996209905fbbc454b17,Álgebra Lineal,2026-1,,0,False
b2012996209905fbbc454b17,Física Mecánica,2025-2,3.00,0,False
b2012996209905fbbc454b17,Cálculo Integral,2025-2,3.02,1,True
b2012996209905fbbc454b17,Álgebra Lineal,2026-1,3.60,0,False
b953c91ec2667fff44555ee1,Ecuaciones Diferenciales,2026-2,,0,False
b953c91ec2667fff44555ee1,Electricidad y Magnetismo,2026-2,,0,False
b953c91ec2667fff44555ee1,Cálculo Vectorial,2026-1,3.04,0,False
b953c91ec2667fff44555ee1,Cálculo Integral,2025-2,3.23,0,False
b953c91ec2667fff44555ee1,Álgebra Lineal,2025-2,3.73,0,False
74b045555d57b5c5a2f41cee,Fortalecimiento Académico: Matemáticas,2025-2,,0,False
74b045555d57b5c5a2f41cee,Fundamentos Matemáticos,2025-2,2.37,0,False
751d2309ab9069de24b5b629,Fortalecimiento Académico: Matemáticas,2025-2,,0,False
751d2309ab9069de24b5b629,Ecuaciones Diferenciales,2026-2,,1,True
751d2309ab9069de24b5b629,Electricidad y Magnetismo,2026-2,,0,False
751d2309ab9069de24b5b629,Fortalecimiento Académico: Física,2026-2,,0,False
751d2309ab9069de24b5b629,Cálculo Vectorial,2026-1,2.91,1,True
751d2309ab9069de24b5b629,Cálculo Integral,2025-2,3.89,2,True
751d2309ab9069de24b5b629,Álgebra Lineal,2025-2,4.57,0,False
b70c41bf506158f4e41076f0,Cálculo Vectorial,2026-2,,0,False
b70c41bf506158f4e41076f0,Ecuaciones Diferenciales,2026-2,,0,False
b70c41bf506158f4e41076f0,Electricidad y Magnetismo,2026-2,,1,True
b70c41bf506158f4e41076f0,Física Mecánica,2026-1,3.45,0,False
b70c41bf506158f4e41076f0,Cálculo Integral,2026-1,3.53,1,True
b70c41bf506158f4e41076f0,Cálculo Diferencial,2025-2,3.98,0,False
b70c41bf506158f4e41076f0,Geometría Analítica,2025-2,4.11,0,False
b70c41bf506158f4e41076f0,Álgebra Lineal,2026-1,4.52,2,True
b70c41bf506158f4e41076f0,Fundamentos de Química,2025-2,4.55,0,False
de13909fabb2f2ed4d776be4,Álgebra Lineal,2026-2,,0,False
de13909fabb2f2ed4d776be4,Física Mecánica,2025-2,3.59,2,True
de13909fabb2f2ed4d776be4,Cálculo Integral,2025-2,3.83,2,True
41d20eceda76768b9b3b187a,Cálculo Integral,2025-2,,1,True
41d20eceda76768b9b3b187a,Cálculo Integral,2026-2,,0,False
41d20eceda76768b9b3b187a,Física Mecánica,2025-2,3.06,0,False
41d20eceda76768b9b3b187a,Fundamentos Matemáticos,2025-2,4.00,0,False
1ae46224da58909b02aa1a23,Cálculo Vectorial,2026-2,,0,False
1ae46224da58909b02aa1a23,Cálculo Integral,2025-2,2.77,0,False
1ae46224da58909b02aa1a23,Cálculo Integral,2026-1,3.00,0,False
1ae46224da58909b02aa1a23,Álgebra Lineal,2025-2,3.43,1,True
2bc62bd7768e3cc149465788,Física Mecánica,2025-2,,0,False
2bc62bd7768e3cc149465788,Fortalecimiento Académico: Matemáticas,2025-2,,0,False
2bc62bd7768e3cc149465788,Fortalecimiento Académico: Física,2026-1,,0,False
2bc62bd7768e3cc149465788,Electricidad y Magnetismo,2026-2,,0,False
2bc62bd7768e3cc149465788,Álgebra Lineal,2026-1,2.82,2,True
2bc62bd7768e3cc149465788,Cálculo Integral,2025-2,3.03,2,True
2bc62bd7768e3cc149465788,Física Mecánica,2026-1,3.14,0,False
07cf9256d1824db6f1ba4454,Fortalecimiento Académico: Matemáticas,2026-1,,0,False
b0597faa1e5c6411bb49ab44,Fortalecimiento Académico: Física,2026-1,,0,False
b0597faa1e5c6411bb49ab44,Cálculo Integral,2025-2,3.00,0,False
b0597faa1e5c6411bb49ab44,Física Mecánica,2026-1,3.41,0,False
b75d9597f1c1daea27fa1680,Cálculo Diferencial,2025-2,,0,False
b75d9597f1c1daea27fa1680,Geometría Analítica,2025-2,,0,False
b75d9597f1c1daea27fa1680,Geometría Analítica,2026-1,,0,False
b75d9597f1c1daea27fa1680,Cálculo Diferencial,2026-2,,0,False
b75d9597f1c1daea27fa1680,Geometría Analítica,2026-2,,0,False
b75d9597f1c1daea27fa1680,Cálculo Diferencial,2025-2,2.15,0,False
b75d9597f1c1daea27fa1680,Fundamentos Matemáticos,2025-2,3.70,0,False
c1163a227fb829a0874614c9,Cálculo Diferencial,2025-2,,0,False
c1163a227fb829a0874614c9,Fundamentos de Química,2025-2,,0,False
c1163a227fb829a0874614c9,Cálculo Integral,2026-1,0.12,0,False
c1163a227fb829a0874614c9,Álgebra Lineal,2026-1,0.32,0,False
c1163a227fb829a0874614c9,Álgebra Lineal,2025-2,0.91,0,False
c1163a227fb829a0874614c9,Cálculo Diferencial,2025-2,3.57,0,False
21311b0393349e51f8e3cc51,Fortalecimiento Académico: Matemáticas,2026-1,,0,False
21311b0393349e51f8e3cc51,Álgebra Lineal,2026-2,,0,False
21311b0393349e51f8e3cc51,Cálculo Integral,2026-2,,0,False
21311b0393349e51f8e3cc51,Física Mecánica,2026-2,,0,False
21311b0393349e51f8e3cc51,Cálculo Diferencial,2025-2,1.89,0,False
21311b0393349e51f8e3cc51,Geometría Analítica,2025-2,1.95,0,False
21311b0393349e51f8e3cc51,Cálculo Diferencial,2025-2,2.42,0,False
21311b0393349e51f8e3cc51,Cálculo Diferencial,2026-1,3.00,1,True
21311b0393349e51f8e3cc51,Geometría Analítica,2026-1,3.01,0,False
d923efe2888a7e5d703186fb,Física Moderna,2026-2,,0,False
d923efe2888a7e5d703186fb,Cálculo Integral,2025-2,3.28,0,False
d923efe2888a7e5d703186fb,Física Mecánica,2025-2,3.62,1,True
d923efe2888a7e5d703186fb,Cálculo Vectorial,2026-1,3.67,0,False
d923efe2888a7e5d703186fb,Electricidad y Magnetismo,2026-1,3.70,1,True
d923efe2888a7e5d703186fb,Álgebra Lineal,2025-2,4.19,0,False
d923efe2888a7e5d703186fb,Fundamentos de Química,2026-1,4.51,0,False
d923efe2888a7e5d703186fb,Ecuaciones Diferenciales,2026-1,4.63,0,False
fadee5ac9e386aa593e27dc1,Fortalecimiento Académico: Matemáticas,2026-2,,0,False
1d038e7fc3ba09e2a902bc5e,Electricidad y Magnetismo,2026-2,,0,False
1d038e7fc3ba09e2a902bc5e,Ecuaciones Diferenciales,2026-1,3.23,0,False
1d038e7fc3ba09e2a902bc5e,Cálculo Vectorial,2026-1,3.31,0,False
1d038e7fc3ba09e2a902bc5e,Álgebra Lineal,2025-2,3.71,0,False
1d038e7fc3ba09e2a902bc5e,Cálculo Integral,2025-2,4.14,1,True
06c658e1f63f0d298d51e512,Cálculo Integral,2026-2,,0,False
06c658e1f63f0d298d51e512,Cálculo Diferencial,2026-1,3.75,0,False
06c658e1f63f0d298d51e512,Geometría Analítica,2025-2,4.32,0,False
06c658e1f63f0d298d51e512,Física Mecánica,2026-1,4.52,0,False
06c658e1f63f0d298d51e512,Fundamentos Matemáticos,2025-2,5.00,0,False
75c2155af9809e0c9983b6f6,Álgebra Lineal,2026-2,,0,False
75c2155af9809e0c9983b6f6,Física Mecánica,2025-2,3.09,2,True
75c2155af9809e0c9983b6f6,Cálculo Integral,2025-2,3.14,2,True
2ec54f4df37e3d3c18b958a8,Cálculo Diferencial,2025-2,,0,False
2ec54f4df37e3d3c18b958a8,Fundamentos de Química,2025-2,,0,False
2ec54f4df37e3d3c18b958a8,Cálculo Diferencial,2026-1,,0,False
2ec54f4df37e3d3c18b958a8,Geometría Analítica,2026-1,2.44,0,False
2ec54f4df37e3d3c18b958a8,Geometría Analítica,2025-2,2.56,0,False
2ec54f4df37e3d3c18b958a8,Fundamentos de Química,2026-1,3.02,0,False
898d1d4170a3c008b767f07f,Cálculo Diferencial,2025-2,,0,False
898d1d4170a3c008b767f07f,Geometría Analítica,2025-2,,0,False
898d1d4170a3c008b767f07f,Fundamentos Matemáticos,2025-2,4.30,0,False
bf86efa616ff317041375950,Cálculo Diferencial,2025-2,,0,False
bf86efa616ff317041375950,Fundamentos de Química,2025-2,,0,False
bf86efa616ff317041375950,Geometría Analítica,2025-2,,0,False
02398aa767a42d5bee01fdb1,Cálculo Integral,2026-1,,0,False
02398aa767a42d5bee01fdb1,Álgebra Lineal,2026-2,,0,False
02398aa767a42d5bee01fdb1,Geometría Analítica,2026-1,2.46,0,False
02398aa767a42d5bee01fdb1,Cálculo Integral,2026-1,3.09,0,False
02398aa767a42d5bee01fdb1,Fundamentos Matemáticos,2025-2,3.40,0,False
02398aa767a42d5bee01fdb1,Cálculo Diferencial,2025-2,4.00,0,False
55cf5e64d7777e419aedc151,Cálculo Integral,2026-2,,0,False
55cf5e64d7777e419aedc151,Física Mecánica,2026-2,,0,False
55cf5e64d7777e419aedc151,Cálculo Diferencial,2025-2,2.71,0,False
55cf5e64d7777e419aedc151,Álgebra Lineal,2026-1,3.43,0,False
55cf5e64d7777e419aedc151,Cálculo Diferencial,2026-1,3.54,0,False
55cf5e64d7777e419aedc151,Geometría Analítica,2025-2,4.30,0,False
5d5185194222271be0f2cfa2,Electricidad y Magnetismo,2026-2,,0,False
5d5185194222271be0f2cfa2,Física Mecánica,2025-2,3.76,0,False
5d5185194222271be0f2cfa2,Cálculo Vectorial,2026-1,3.79,1,True
5d5185194222271be0f2cfa2,Cálculo Integral,2025-2,4.25,1,True
5d5185194222271be0f2cfa2,Álgebra Lineal,2025-2,4.49,1,True
5d5185194222271be0f2cfa2,Ecuaciones Diferenciales,2026-1,4.66,2,True
b60882c61eee831c06c814d2,Cálculo Integral,2026-2,,0,False
b60882c61eee831c06c814d2,Cálculo Diferencial,2026-1,3.89,0,False
b60882c61eee831c06c814d2,Física Mecánica,2026-1,4.05,0,False
b60882c61eee831c06c814d2,Geometría Analítica,2025-2,4.29,0,False
9f28f5f549ec0dde71feeab1,Álgebra Lineal,2025-2,,0,False
9f28f5f549ec0dde71feeab1,Cálculo Diferencial,2026-1,0.00,0,False
9f28f5f549ec0dde71feeab1,Álgebra Lineal,2026-1,0.31,0,False
9f28f5f549ec0dde71feeab1,Fundamentos de Química,2025-2,1.03,0,False
a564eaf9ec94af94771b5a39,Fortalecimiento Académico: Física,2025-2,,0,False
a564eaf9ec94af94771b5a39,Fortalecimiento Académico: Física,2026-1,,0,False
a564eaf9ec94af94771b5a39,Física Mecánica,2025-2,3.62,0,False
a564eaf9ec94af94771b5a39,Cálculo Integral,2025-2,3.78,1,True
a564eaf9ec94af94771b5a39,Electricidad y Magnetismo,2026-1,4.01,1,True
a564eaf9ec94af94771b5a39,Álgebra Lineal,2026-1,4.81,0,False
56803dd970a5ca5d3376b162,Geometría Analítica,2025-2,,0,False
56803dd970a5ca5d3376b162,Geometría Analítica,2026-2,,0,False
56803dd970a5ca5d3376b162,Geometría Analítica,2026-1,1.54,0,False
56803dd970a5ca5d3376b162,Cálculo Diferencial,2026-1,1.77,0,False
56803dd970a5ca5d3376b162,Cálculo Diferencial,2025-2,1.83,0,False
6228601cfceee0ef8f091056,Fortalecimiento Académico: Física,2025-2,,0,False
6228601cfceee0ef8f091056,Fortalecimiento Académico: Matemáticas,2025-2,,0,False
6228601cfceee0ef8f091056,Fortalecimiento Académico: Física,2026-1,,0,False
6228601cfceee0ef8f091056,Cálculo Vectorial,2026-2,,0,False
6228601cfceee0ef8f091056,Cálculo Integral,2025-2,3.08,6,True
6228601cfceee0ef8f091056,Electricidad y Magnetismo,2026-1,3.08,0,False
6228601cfceee0ef8f091056,Ecuaciones Diferenciales,2026-1,3.11,1,True
6228601cfceee0ef8f091056,Física Mecánica,2025-2,3.15,0,False
6228601cfceee0ef8f091056,Álgebra Lineal,2025-2,3.63,0,False
6228601cfceee0ef8f091056,Fundamentos de Química,2025-2,3.88,1,True
432f6df1ccfb80a150fad7fb,Fortalecimiento Académico: Matemáticas,2026-1,,0,False
432f6df1ccfb80a150fad7fb,Cálculo Integral,2026-2,,0,False
432f6df1ccfb80a150fad7fb,Física Mecánica,2026-2,,1,True
432f6df1ccfb80a150fad7fb,Cálculo Diferencial,2026-1,4.00,0,False
432f6df1ccfb80a150fad7fb,Geometría Analítica,2026-1,4.18,1,True
eb5aa0f42f6d8e4e0f6e0a6e,Cálculo Diferencial,2025-2,,0,False
eb5aa0f42f6d8e4e0f6e0a6e,Fortalecimiento Académico: Matemáticas,2025-2,,0,False
eb5aa0f42f6d8e4e0f6e0a6e,Fundamentos Matemáticos,2025-2,,0,False
eb5aa0f42f6d8e4e0f6e0a6e,Cálculo Diferencial,2026-1,,0,False
eb5aa0f42f6d8e4e0f6e0a6e,Cálculo Integral,2026-2,,0,False
eb5aa0f42f6d8e4e0f6e0a6e,Fortalecimiento Académico: Matemáticas,2026-2,,0,False
eb5aa0f42f6d8e4e0f6e0a6e,Cálculo Diferencial,2026-1,3.00,0,False
70a2a6dacf35da6764ce9398,Geometría Analítica,2025-2,0.00,0,False
5fc42a5063ffd82f48526f86,Álgebra Lineal,2026-2,,0,False
5fc42a5063ffd82f48526f86,Cálculo Integral,2026-1,3.02,3,True
5fc42a5063ffd82f48526f86,Física Mecánica,2026-1,3.11,1,True
5fc42a5063ffd82f48526f86,Cálculo Diferencial,2025-2,3.26,1,True
0a0298657625f21accd24a29,Cálculo Diferencial,2025-2,,0,False
0a0298657625f21accd24a29,Geometría Analítica,2025-2,2.76,0,False
0a0298657625f21accd24a29,Cálculo Diferencial,2025-2,3.32,0,False
4df9542422300d79f00f8436,Cálculo Diferencial,2025-2,,1,True
4df9542422300d79f00f8436,Geometría Analítica,2025-2,,0,False
4df9542422300d79f00f8436,Cálculo Integral,2026-1,,0,False
4df9542422300d79f00f8436,Geometría Analítica,2026-1,2.65,0,False
4df9542422300d79f00f8436,Cálculo Diferencial,2025-2,3.04,1,True
c5e1f6ca1b5851bf474f01bc,Cálculo Integral,2025-2,1.69,0,False
c5e1f6ca1b5851bf474f01bc,Física Mecánica,2025-2,3.41,0,False
c5e1f6ca1b5851bf474f01bc,Álgebra Lineal,2026-1,3.52,0,False
c5e1f6ca1b5851bf474f01bc,Cálculo Integral,2025-2,4.33,0,False
a23632e2dc7da5c02975ae10,Fortalecimiento Académico: Física,2026-1,,0,False
a23632e2dc7da5c02975ae10,Ecuaciones Diferenciales,2026-2,,0,False
a23632e2dc7da5c02975ae10,Física Mecánica,2025-2,3.15,2,True
a23632e2dc7da5c02975ae10,Cálculo Vectorial,2026-1,3.17,0,False
a23632e2dc7da5c02975ae10,Cálculo Integral,2025-2,4.06,0,False
a23632e2dc7da5c02975ae10,Electricidad y Magnetismo,2026-1,4.25,1,True
a23632e2dc7da5c02975ae10,Fundamentos de Química,2025-2,4.33,1,True
a23632e2dc7da5c02975ae10,Álgebra Lineal,2025-2,4.54,1,True
0da3297a0a21324c611b41eb,Electricidad y Magnetismo,2026-1,4.45,0,False
0da3297a0a21324c611b41eb,Cálculo Vectorial,2026-1,4.55,0,False
0da3297a0a21324c611b41eb,Álgebra Lineal,2025-2,4.76,1,True
0da3297a0a21324c611b41eb,Física Mecánica,2025-2,4.80,0,False
0da3297a0a21324c611b41eb,Cálculo Integral,2025-2,4.85,2,True
0da3297a0a21324c611b41eb,Ecuaciones Diferenciales,2026-1,5.00,0,False
ee31171803fb49a095e25f47,Fortalecimiento Académico: Matemáticas,2025-2,,0,False
ee31171803fb49a095e25f47,Fortalecimiento Académico: Matemáticas,2026-1,,0,False
0bea04ebe3a6b8b41af65534,Cálculo Vectorial,2026-2,,0,False
0bea04ebe3a6b8b41af65534,Física Moderna,2026-2,,0,False
0bea04ebe3a6b8b41af65534,Ecuaciones Diferenciales,2026-1,3.17,1,True
0bea04ebe3a6b8b41af65534,Electricidad y Magnetismo,2026-1,3.18,0,False
0bea04ebe3a6b8b41af65534,Cálculo Integral,2025-2,3.33,0,False
0bea04ebe3a6b8b41af65534,Física Mecánica,2025-2,3.61,0,False
0bea04ebe3a6b8b41af65534,Álgebra Lineal,2025-2,3.66,0,False
6b3a0ef3cab79480166673e7,Cálculo Integral,2026-2,,0,False
6b3a0ef3cab79480166673e7,Física Mecánica,2026-1,4.29,0,False
6b3a0ef3cab79480166673e7,Cálculo Diferencial,2026-1,4.32,0,False
6b3a0ef3cab79480166673e7,Geometría Analítica,2025-2,4.90,0,False
0f14e21d8f3cd51d7051c602,Fortalecimiento Académico: Matemáticas,2026-2,,0,False
83c40e059ecfad968274b9c0,Geometría Analítica,2026-1,2.61,0,False
7b7f0d25ad742ba9d99a0b44,Fortalecimiento Académico: Matemáticas,2025-2,,0,False
7b7f0d25ad742ba9d99a0b44,Ecuaciones Diferenciales,2026-2,,1,True
7b7f0d25ad742ba9d99a0b44,Electricidad y Magnetismo,2026-2,,0,False
7b7f0d25ad742ba9d99a0b44,Cálculo Vectorial,2026-1,2.80,0,False
7b7f0d25ad742ba9d99a0b44,Cálculo Integral,2025-2,3.73,0,False
7b7f0d25ad742ba9d99a0b44,Álgebra Lineal,2025-2,4.20,1,True
85ff037cedc436c86231ae72,Física Mecánica,2025-2,,0,False
85ff037cedc436c86231ae72,Álgebra Lineal,2026-2,,0,False
85ff037cedc436c86231ae72,Cálculo Integral,2025-2,2.62,1,True
85ff037cedc436c86231ae72,Cálculo Integral,2026-1,3.06,0,False
85ff037cedc436c86231ae72,Física Mecánica,2025-2,3.22,0,False
99e348b7aa4c115d157f8d5d,Ecuaciones Diferenciales,2026-2,,0,False
99e348b7aa4c115d157f8d5d,Electricidad y Magnetismo,2026-2,,0,False
99e348b7aa4c115d157f8d5d,Cálculo Vectorial,2026-1,3.27,0,False
99e348b7aa4c115d157f8d5d,Álgebra Lineal,2025-2,3.86,0,False
99e348b7aa4c115d157f8d5d,Cálculo Integral,2025-2,3.94,1,True
b60a8519dfe6a39963e4c09b,Ecuaciones Diferenciales,2026-2,,0,False
b60a8519dfe6a39963e4c09b,Electricidad y Magnetismo,2026-2,,0,False
b60a8519dfe6a39963e4c09b,Cálculo Vectorial,2026-1,3.00,0,False
b60a8519dfe6a39963e4c09b,Cálculo Integral,2025-2,4.44,3,True
b60a8519dfe6a39963e4c09b,Álgebra Lineal,2025-2,4.78,1,True
c25c6008db4e329e9ff2c723,Ecuaciones Diferenciales,2026-2,,0,False
c25c6008db4e329e9ff2c723,Cálculo Vectorial,2026-1,3.00,0,False
c25c6008db4e329e9ff2c723,Cálculo Integral,2025-2,3.23,0,False
c25c6008db4e329e9ff2c723,Álgebra Lineal,2025-2,3.81,1,True
78834a66c127143bc8aff244,Cálculo Diferencial,2025-2,,0,False
78834a66c127143bc8aff244,Fortalecimiento Académico: Matemáticas,2026-1,,0,False
78834a66c127143bc8aff244,Cálculo Vectorial,2026-2,,0,False
78834a66c127143bc8aff244,Ecuaciones Diferenciales,2026-2,,1,True
78834a66c127143bc8aff244,Geometría Analítica,2025-2,3.51,1,True
78834a66c127143bc8aff244,Cálculo Integral,2026-1,3.63,1,True
78834a66c127143bc8aff244,Cálculo Diferencial,2025-2,3.75,0,False
78834a66c127143bc8aff244,Fundamentos Matemáticos,2025-2,4.11,0,False
78834a66c127143bc8aff244,Fundamentos de Química,2025-2,4.31,0,False
78834a66c127143bc8aff244,Álgebra Lineal,2026-1,4.32,0,False
b515a03cf28697310e01c562,Álgebra Lineal,2026-2,,0,False
b515a03cf28697310e01c562,Física Mecánica,2026-1,3.88,0,False
b515a03cf28697310e01c562,Cálculo Integral,2026-1,4.51,0,False
b515a03cf28697310e01c562,Cálculo Diferencial,2025-2,4.56,0,False
b515a03cf28697310e01c562,Geometría Analítica,2025-2,4.78,0,False
61288aca83bef40a89c2afa9,Geometría Analítica,2025-2,0.50,0,False
61288aca83bef40a89c2afa9,Cálculo Diferencial,2026-1,0.83,0,False
61288aca83bef40a89c2afa9,Cálculo Diferencial,2025-2,1.29,0,False
2925c5a691457454640bfa78,Cálculo Integral,2025-2,2.38,6,True
2925c5a691457454640bfa78,Física Mecánica,2025-2,3.10,0,False
2925c5a691457454640bfa78,Cálculo Integral,2026-1,3.59,2,True
96c338dbe48fb4ba6cc9f5b6,Cálculo Integral,2026-1,,0,False
96c338dbe48fb4ba6cc9f5b6,Geometría Analítica,2026-1,,0,False
96c338dbe48fb4ba6cc9f5b6,Cálculo Integral,2026-2,,0,False
96c338dbe48fb4ba6cc9f5b6,Geometría Analítica,2025-2,2.71,0,False
96c338dbe48fb4ba6cc9f5b6,Geometría Analítica,2026-1,3.00,0,False
96c338dbe48fb4ba6cc9f5b6,Cálculo Diferencial,2025-2,3.01,0,False
96c338dbe48fb4ba6cc9f5b6,Álgebra Lineal,2025-2,3.08,2,True
96c338dbe48fb4ba6cc9f5b6,Fundamentos de Química,2025-2,3.25,0,False
0ec47a80670f06bea3348f68,Física Mecánica,2026-1,3.46,0,False
0ec47a80670f06bea3348f68,Geometría Analítica,2025-2,3.94,0,False
0ec47a80670f06bea3348f68,Cálculo Integral,2025-2,4.38,0,False
0ec47a80670f06bea3348f68,Álgebra Lineal,2026-1,4.38,1,True
3cdfd208f5047aac9531d17a,Fortalecimiento Académico: Física,2025-2,,0,False
3cdfd208f5047aac9531d17a,Fortalecimiento Académico: Matemáticas,2025-2,,0,False
3cdfd208f5047aac9531d17a,Fortalecimiento Académico: Física,2026-1,,0,False
3cdfd208f5047aac9531d17a,Cálculo Vectorial,2026-2,,0,False
3cdfd208f5047aac9531d17a,Física Mecánica,2025-2,3.39,0,False
3cdfd208f5047aac9531d17a,Cálculo Integral,2025-2,3.55,1,True
3cdfd208f5047aac9531d17a,Fundamentos de Química,2025-2,3.75,0,False
3cdfd208f5047aac9531d17a,Electricidad y Magnetismo,2026-1,4.29,0,False
3cdfd208f5047aac9531d17a,Ecuaciones Diferenciales,2026-1,4.32,0,False
3cdfd208f5047aac9531d17a,Álgebra Lineal,2025-2,4.52,2,True
3cdfd208f5047aac9531d17a,Fundamentos Matemáticos,2025-2,4.60,0,False
f96cb626fdb0fa122804f42b,Física Mecánica,2026-1,,0,False
f96cb626fdb0fa122804f42b,Álgebra Lineal,2026-2,,0,False
f96cb626fdb0fa122804f42b,Física Mecánica,2026-2,,0,False
f96cb626fdb0fa122804f42b,Cálculo Integral,2025-2,3.00,0,False
f96cb626fdb0fa122804f42b,Geometría Analítica,2025-2,3.77,0,False
7ed3b4ffe2627f7a8b785c94,Cálculo Integral,2026-2,,0,False
7ed3b4ffe2627f7a8b785c94,Física Mecánica,2026-1,2.69,0,False
7ed3b4ffe2627f7a8b785c94,Cálculo Diferencial,2026-1,3.60,0,False
7ed3b4ffe2627f7a8b785c94,Geometría Analítica,2025-2,3.76,0,False
e696ac401fb6bfc83b68a95d,Cálculo Diferencial,2025-2,,0,False
e696ac401fb6bfc83b68a95d,Fundamentos de Química,2025-2,,0,False
e696ac401fb6bfc83b68a95d,Álgebra Lineal,2026-1,,0,False
e696ac401fb6bfc83b68a95d,Cálculo Diferencial,2026-1,,1,True
e696ac401fb6bfc83b68a95d,Álgebra Lineal,2026-2,,0,False
e696ac401fb6bfc83b68a95d,Cálculo Diferencial,2026-2,,0,False
e696ac401fb6bfc83b68a95d,Fundamentos de Química,2026-2,,0,False
e696ac401fb6bfc83b68a95d,Fundamentos Matemáticos,2025-2,2.12,0,False
e696ac401fb6bfc83b68a95d,Geometría Analítica,2025-2,3.22,0,False
fbbd5fede621c63035868822,Fortalecimiento Académico: Matemáticas,2025-2,,0,False
fbbd5fede621c63035868822,Fortalecimiento Académico: Física,2026-1,,0,False
fbbd5fede621c63035868822,Cálculo Integral,2026-2,,0,False
fbbd5fede621c63035868822,Física Mecánica,2026-2,,0,False
fbbd5fede621c63035868822,Cálculo Integral,2025-2,1.83,2,True
fbbd5fede621c63035868822,Cálculo Integral,2026-1,2.24,0,False
fbbd5fede621c63035868822,Álgebra Lineal,2026-1,2.52,1,True
fbbd5fede621c63035868822,Geometría Analítica,2025-2,2.65,0,False
fbbd5fede621c63035868822,Física Mecánica,2026-1,2.78,1,True
f930a93fc4fecf1572e4fb6c,Electricidad y Magnetismo,2026-1,,0,False
f930a93fc4fecf1572e4fb6c,Ecuaciones Diferenciales,2026-2,,0,False
f930a93fc4fecf1572e4fb6c,Electricidad y Magnetismo,2026-2,,0,False
f930a93fc4fecf1572e4fb6c,Ecuaciones Diferenciales,2026-1,2.49,1,True
f930a93fc4fecf1572e4fb6c,Cálculo Vectorial,2026-1,2.62,0,False
f930a93fc4fecf1572e4fb6c,Física Mecánica,2025-2,3.00,2,True
f930a93fc4fecf1572e4fb6c,Cálculo Integral,2025-2,3.18,0,False
f930a93fc4fecf1572e4fb6c,Álgebra Lineal,2025-2,3.44,0,False
67d8fd3ba09f3a0e8ea6a098,Electricidad y Magnetismo,2025-2,3.35,0,False
d6fb5c96f01c08735b82002e,Cálculo Diferencial,2025-2,,0,False
d6fb5c96f01c08735b82002e,Cálculo Diferencial,2026-1,,0,False
d6fb5c96f01c08735b82002e,Cálculo Diferencial,2026-2,,0,False
d6fb5c96f01c08735b82002e,Fundamentos de Química,2025-2,1.37,0,False
d6fb5c96f01c08735b82002e,Álgebra Lineal,2026-1,1.90,0,False
d6fb5c96f01c08735b82002e,Fundamentos de Química,2026-1,3.09,0,False
d6fb5c96f01c08735b82002e,Geometría Analítica,2025-2,3.35,0,False
5c73c68a5a926b98b7fae22a,Cálculo Diferencial,2025-2,,1,True
5c73c68a5a926b98b7fae22a,Cálculo Diferencial,2026-2,,1,True
5c73c68a5a926b98b7fae22a,Geometría Analítica,2026-2,,0,False
5c73c68a5a926b98b7fae22a,Geometría Analítica,2025-2,1.83,0,False
5c73c68a5a926b98b7fae22a,Cálculo Diferencial,2025-2,2.65,1,True
50425493a998a3347da81c49,Fortalecimiento Académico: Matemáticas,2025-2,,0,False
50425493a998a3347da81c49,Fortalecimiento Académico: Matemáticas,2026-1,,0,False
6e340a8b22f263a709bb44eb,Fortalecimiento Académico: Física,2025-2,,0,False
6e340a8b22f263a709bb44eb,Fortalecimiento Académico: Matemáticas,2025-2,,0,False
6e340a8b22f263a709bb44eb,Cálculo Vectorial,2026-2,,0,False
6e340a8b22f263a709bb44eb,Cálculo Vectorial,2026-1,2.06,0,False
6e340a8b22f263a709bb44eb,Física Mecánica,2025-2,2.67,0,False
6e340a8b22f263a709bb44eb,Álgebra Lineal,2025-2,3.20,0,False
6e340a8b22f263a709bb44eb,Ecuaciones Diferenciales,2026-1,3.23,2,True
6e340a8b22f263a709bb44eb,Cálculo Integral,2025-2,3.27,1,True
6e340a8b22f263a709bb44eb,Física Mecánica,2026-1,3.48,0,False
b1a8fb38ca8b8ab3b7743c9d,Cálculo Diferencial,2025-2,,0,False
b1a8fb38ca8b8ab3b7743c9d,Geometría Analítica,2025-2,,0,False
b1a8fb38ca8b8ab3b7743c9d,Cálculo Diferencial,2026-2,,0,False
b1a8fb38ca8b8ab3b7743c9d,Cálculo Diferencial,2025-2,2.24,0,False
b1a8fb38ca8b8ab3b7743c9d,Cálculo Diferencial,2025-2,2.60,0,False
b1a8fb38ca8b8ab3b7743c9d,Geometría Analítica,2026-1,3.01,0,False
d259e78e417454467e40bbf7,Fortalecimiento Académico: Física,2025-2,,0,False
d259e78e417454467e40bbf7,Fortalecimiento Académico: Matemáticas,2025-2,,0,False
d259e78e417454467e40bbf7,Álgebra Lineal,2026-2,,1,True
d259e78e417454467e40bbf7,Física Mecánica,2025-2,3.16,0,False
d259e78e417454467e40bbf7,Cálculo Integral,2025-2,3.29,1,True
d259e78e417454467e40bbf7,Fundamentos Matemáticos,2026-1,4.80,0,False
c66b12a53be1c1539570500d,Cálculo Integral,2025-2,,1,True
c66b12a53be1c1539570500d,Física Mecánica,2026-1,2.93,2,True
c66b12a53be1c1539570500d,Geometría Analítica,2025-2,3.02,0,False
c66b12a53be1c1539570500d,Cálculo Integral,2025-2,3.06,1,True
c66b12a53be1c1539570500d,Álgebra Lineal,2026-1,3.64,1,True
d7617c634093f3d5cedc064e,Cálculo Integral,2025-2,,0,False
d7617c634093f3d5cedc064e,Geometría Analítica,2025-2,,0,False
24fb9bf57ecb7b346a7492ec,Álgebra Lineal,2026-2,,0,False
24fb9bf57ecb7b346a7492ec,Física Mecánica,2025-2,4.07,0,False
24fb9bf57ecb7b346a7492ec,Electricidad y Magnetismo,2026-1,4.13,1,True
24fb9bf57ecb7b346a7492ec,Cálculo Integral,2025-2,4.76,0,False
b6646b62710bb06481f43816,Fundamentos de Química,2025-2,0.65,0,False
b6646b62710bb06481f43816,Cálculo Diferencial,2025-2,1.08,0,False
b6646b62710bb06481f43816,Geometría Analítica,2025-2,1.20,0,False
54366ce1152b979716bf85b7,Fortalecimiento Académico: Matemáticas,2025-2,,0,False
54366ce1152b979716bf85b7,Fortalecimiento Académico: Matemáticas,2026-1,,0,False
c97dce9fe673126433fb3d00,Cálculo Integral,2026-2,,0,False
c97dce9fe673126433fb3d00,Fortalecimiento Académico: Matemáticas,2026-2,,0,False
c97dce9fe673126433fb3d00,Geometría Analítica,2026-1,2.58,0,False
c97dce9fe673126433fb3d00,Cálculo Diferencial,2025-2,3.05,0,False
61c9df07a8e781c55b8e840c,Geometría Analítica,2025-2,3.02,0,False
858a873e4e7e5f63f98b3bea,Cálculo Vectorial,2026-2,,0,False
858a873e4e7e5f63f98b3bea,Ecuaciones Diferenciales,2026-2,,0,False
858a873e4e7e5f63f98b3bea,Cálculo Integral,2025-2,2.73,0,False
858a873e4e7e5f63f98b3bea,Ecuaciones Diferenciales,2026-1,2.87,0,False
858a873e4e7e5f63f98b3bea,Cálculo Integral,2026-1,3.09,0,False
858a873e4e7e5f63f98b3bea,Electricidad y Magnetismo,2026-1,3.31,0,False
858a873e4e7e5f63f98b3bea,Física Mecánica,2025-2,3.34,0,False
858a873e4e7e5f63f98b3bea,Fundamentos de Química,2025-2,3.46,0,False
858a873e4e7e5f63f98b3bea,Álgebra Lineal,2025-2,4.30,0,False
70391c82b44affbfdacbd28c,Geometría Analítica,2025-2,0.24,0,False
70391c82b44affbfdacbd28c,Fundamentos de Química,2025-2,1.51,0,False
70391c82b44affbfdacbd28c,Cálculo Diferencial,2025-2,2.19,0,False
07031fc86ca5e41a5ee82f22,Geometría Analítica,2025-2,,0,False
07031fc86ca5e41a5ee82f22,Cálculo Integral,2026-1,,0,False
07031fc86ca5e41a5ee82f22,Cálculo Vectorial,2026-2,,0,False
07031fc86ca5e41a5ee82f22,Geometría Analítica,2025-2,4.07,0,False
07031fc86ca5e41a5ee82f22,Fundamentos de Química,2025-2,4.21,0,False
07031fc86ca5e41a5ee82f22,Cálculo Diferencial,2025-2,4.32,0,False
07031fc86ca5e41a5ee82f22,Cálculo Integral,2026-1,4.54,0,False
07031fc86ca5e41a5ee82f22,Álgebra Lineal,2026-1,4.65,0,False
07031fc86ca5e41a5ee82f22,Fundamentos Matemáticos,2025-2,4.81,0,False
a6d06a67f4d375ca19ee2357,Geometría Analítica,2025-2,4.84,0,False
eb3f9ea915f9e0f00fa63171,Fortalecimiento Académico: Matemáticas,2025-2,,0,False
eb3f9ea915f9e0f00fa63171,Ecuaciones Diferenciales,2026-2,,0,False
eb3f9ea915f9e0f00fa63171,Electricidad y Magnetismo,2026-2,,0,False
eb3f9ea915f9e0f00fa63171,Cálculo Vectorial,2026-1,3.08,1,True
eb3f9ea915f9e0f00fa63171,Cálculo Integral,2025-2,3.50,1,True
eb3f9ea915f9e0f00fa63171,Álgebra Lineal,2026-1,3.54,0,False
eb3f9ea915f9e0f00fa63171,Geometría Analítica,2025-2,3.94,0,False
273387c6a92e454857740797,Fortalecimiento Académico: Matemáticas,2026-1,,0,False
b0cf8572e755509c83dacdcb,Álgebra Lineal,2025-2,,0,False
b0cf8572e755509c83dacdcb,Álgebra Lineal,2025-2,3.13,0,False
b0cf8572e755509c83dacdcb,Cálculo Integral,2025-2,3.76,0,False
b0cf8572e755509c83dacdcb,Física Mecánica,2025-2,4.36,0,False
cb3e3db7be954a16745f1ef0,Ecuaciones Diferenciales,2026-2,,0,False
cb3e3db7be954a16745f1ef0,Álgebra Lineal,2025-2,2.57,0,False
cb3e3db7be954a16745f1ef0,Cálculo Vectorial,2026-1,2.83,0,False
cb3e3db7be954a16745f1ef0,Cálculo Integral,2025-2,3.00,0,False
cb3e3db7be954a16745f1ef0,Álgebra Lineal,2026-1,3.27,0,False
f927b59f678910b0bb86e642,Fortalecimiento Académico: Matemáticas,2026-2,,0,False
2d577a78d025dce056174f63,Cálculo Integral,2025-2,,0,False
2d577a78d025dce056174f63,Álgebra Lineal,2026-1,3.49,0,False
2d577a78d025dce056174f63,Física Mecánica,2025-2,4.00,0,False
2d577a78d025dce056174f63,Cálculo Integral,2025-2,4.67,0,False
3d6299d69acb25b8b2bac14f,Fundamentos de Química,2025-2,,0,False
3d6299d69acb25b8b2bac14f,Cálculo Diferencial,2026-2,,0,False
3d6299d69acb25b8b2bac14f,Geometría Analítica,2025-2,1.10,0,False
3d6299d69acb25b8b2bac14f,Geometría Analítica,2026-1,1.21,0,False
3d6299d69acb25b8b2bac14f,Cálculo Diferencial,2025-2,1.52,1,True
1821a7e6926890349058361d,Fortalecimiento Académico: Matemáticas,2026-1,,0,False
1821a7e6926890349058361d,Cálculo Vectorial,2026-2,,0,False
1821a7e6926890349058361d,Ecuaciones Diferenciales,2026-2,,0,False
1821a7e6926890349058361d,Álgebra Lineal,2025-2,4.14,0,False
1821a7e6926890349058361d,Cálculo Integral,2026-1,4.16,2,True
1821a7e6926890349058361d,Cálculo Diferencial,2025-2,4.34,0,False
1821a7e6926890349058361d,Fundamentos Matemáticos,2026-1,4.84,0,False
8e12f333361d183a1bc433c2,Fortalecimiento Académico: Física,2025-2,,0,False
8e12f333361d183a1bc433c2,Física Mecánica,2025-2,3.19,1,True
8e12f333361d183a1bc433c2,Cálculo Integral,2025-2,3.74,3,True
2061b1c6f9bb1a280fa64f4e,Fortalecimiento Académico: Matemáticas,2025-2,,0,False
2061b1c6f9bb1a280fa64f4e,Física Mecánica,2025-2,3.51,0,False
2061b1c6f9bb1a280fa64f4e,Cálculo Integral,2025-2,3.52,3,True
2061b1c6f9bb1a280fa64f4e,Álgebra Lineal,2026-1,4.05,1,True
45c39273a00638f9c6014e7f,Electricidad y Magnetismo,2026-2,,0,False
45c39273a00638f9c6014e7f,Ecuaciones Diferenciales,2026-1,3.00,3,True
45c39273a00638f9c6014e7f,Cálculo Integral,2025-2,3.14,7,True
45c39273a00638f9c6014e7f,Cálculo Vectorial,2026-1,3.45,1,True
45c39273a00638f9c6014e7f,Álgebra Lineal,2025-2,3.70,0,False
000ce2d1d612af09c139031e,Fortalecimiento Académico: Matemáticas,2025-2,,0,False
000ce2d1d612af09c139031e,Fortalecimiento Académico: Matemáticas,2026-1,,0,False
20313628192ffe97b9996b67,Cálculo Diferencial,2026-1,0.00,0,False
20313628192ffe97b9996b67,Geometría Analítica,2026-1,0.10,0,False
869e642ef134f92c92f2bb9e,Fortalecimiento Académico: Matemáticas,2025-2,,0,False
869e642ef134f92c92f2bb9e,Geometría Analítica,2025-2,,0,False
869e642ef134f92c92f2bb9e,Fortalecimiento Académico: Matemáticas,2026-1,,0,False
869e642ef134f92c92f2bb9e,Cálculo Integral,2026-2,,0,False
869e642ef134f92c92f2bb9e,Geometría Analítica,2026-1,1.39,0,False
869e642ef134f92c92f2bb9e,Geometría Analítica,2026-1,3.00,0,False
99c662fd956595b40f68e064,Álgebra Lineal,2025-2,,0,False
99c662fd956595b40f68e064,Física Mecánica,2025-2,,0,False
99c662fd956595b40f68e064,Cálculo Vectorial,2026-1,,0,False
99c662fd956595b40f68e064,Ecuaciones Diferenciales,2026-2,,0,False
99c662fd956595b40f68e064,Física Mecánica,2026-2,,0,False
99c662fd956595b40f68e064,Física Mecánica,2026-1,2.52,0,False
99c662fd956595b40f68e064,Cálculo Integral,2025-2,3.01,0,False
99c662fd956595b40f68e064,Fundamentos de Química,2025-2,3.16,0,False
4b35fdfbc1d98ac379b8926f,Física Mecánica,2025-2,,0,False
4b35fdfbc1d98ac379b8926f,Cálculo Vectorial,2026-1,,0,False
4b35fdfbc1d98ac379b8926f,Ecuaciones Diferenciales,2026-2,,0,False
4b35fdfbc1d98ac379b8926f,Física Mecánica,2026-2,,0,False
4b35fdfbc1d98ac379b8926f,Física Mecánica,2026-1,2.46,0,False
4b35fdfbc1d98ac379b8926f,Álgebra Lineal,2025-2,2.89,0,False
4b35fdfbc1d98ac379b8926f,Cálculo Integral,2025-2,3.03,0,False
4b35fdfbc1d98ac379b8926f,Fundamentos de Química,2025-2,3.22,0,False
146580f5e4315d7b0c55e955,Cálculo Diferencial,2025-2,,0,False
146580f5e4315d7b0c55e955,Fundamentos de Química,2025-2,,0,False
146580f5e4315d7b0c55e955,Geometría Analítica,2025-2,,0,False
bf30dde5ddae7d229fe13165,Fortalecimiento Académico: Matemáticas,2026-1,,0,False
bf30dde5ddae7d229fe13165,Geometría Analítica,2026-2,,0,False
bf30dde5ddae7d229fe13165,Geometría Analítica,2026-1,0.00,0,False
bf30dde5ddae7d229fe13165,Cálculo Diferencial,2026-1,0.28,0,False
8ae34f38b3e3de8d53deb3cf,Cálculo Diferencial,2025-2,,0,False
8ae34f38b3e3de8d53deb3cf,Fundamentos de Química,2025-2,,0,False
8ae34f38b3e3de8d53deb3cf,Fundamentos Matemáticos,2025-2,,0,False
8ae34f38b3e3de8d53deb3cf,Geometría Analítica,2025-2,,0,False
50d2107516008443ad53a8c7,Álgebra Lineal,2026-1,,1,True
50d2107516008443ad53a8c7,Cálculo Integral,2026-2,,1,True
50d2107516008443ad53a8c7,Cálculo Integral,2025-2,2.65,0,False
50d2107516008443ad53a8c7,Física Mecánica,2025-2,3.04,1,True
4e20106de9978dea61fd686a,Álgebra Lineal,2026-2,,0,False
4e20106de9978dea61fd686a,Física Mecánica,2025-2,2.38,0,False
4e20106de9978dea61fd686a,Cálculo Integral,2025-2,3.38,0,False
17b8600c3db450f257649abc,Fortalecimiento Académico: Matemáticas,2025-2,,0,False
17b8600c3db450f257649abc,Fortalecimiento Académico: Matemáticas,2026-2,,0,False
60e0abfc2316ab1a1a608c4e,Álgebra Lineal,2026-2,,0,False
60e0abfc2316ab1a1a608c4e,Física Mecánica,2025-2,3.32,0,False
60e0abfc2316ab1a1a608c4e,Cálculo Integral,2025-2,3.66,0,False
a52960f85abd9067811d8cf6,Álgebra Lineal,2026-2,,0,False
a52960f85abd9067811d8cf6,Cálculo Integral,2025-2,2.56,0,False
a52960f85abd9067811d8cf6,Física Mecánica,2025-2,3.66,2,True
a52960f85abd9067811d8cf6,Cálculo Integral,2025-2,4.21,0,False
5c433112ac96e31df719be67,Fortalecimiento Académico: Matemáticas,2026-1,,0,False
5c433112ac96e31df719be67,Álgebra Lineal,2026-2,,0,False
5c433112ac96e31df719be67,Cálculo Integral,2026-2,,0,False
5c433112ac96e31df719be67,Física Mecánica,2026-2,,0,False
5c433112ac96e31df719be67,Fundamentos Matemáticos,2026-1,4.40,0,False
5c433112ac96e31df719be67,Geometría Analítica,2026-1,4.53,3,True
5c433112ac96e31df719be67,Fundamentos de Química,2026-1,4.54,1,True
5c433112ac96e31df719be67,Cálculo Diferencial,2026-1,4.86,3,True
4219a89281f6943e496c7ba4,Geometría Analítica,2026-2,,0,False
4219a89281f6943e496c7ba4,Cálculo Diferencial,2026-1,2.80,0,False
4219a89281f6943e496c7ba4,Fundamentos Matemáticos,2026-1,3.19,0,False
771ad58a4a4a46c574983096,Cálculo Integral,2025-2,,2,True
771ad58a4a4a46c574983096,Cálculo Integral,2026-1,,0,False
771ad58a4a4a46c574983096,Física Mecánica,2026-1,,0,False
771ad58a4a4a46c574983096,Fortalecimiento Académico: Matemáticas,2026-1,,0,False
771ad58a4a4a46c574983096,Física Mecánica,2026-2,,0,False
771ad58a4a4a46c574983096,Geometría Analítica,2025-2,3.00,1,True
771ad58a4a4a46c574983096,Cálculo Integral,2026-1,3.04,0,False
771ad58a4a4a46c574983096,Álgebra Lineal,2026-1,3.38,1,True
fe35871c1c3fc1050f2ce860,Fortalecimiento Académico: Matemáticas,2025-2,,0,False
1e684ce5f150bff0e32497e9,Cálculo Diferencial,2025-2,,0,False
1e684ce5f150bff0e32497e9,Fundamentos Matemáticos,2025-2,,0,False
1e684ce5f150bff0e32497e9,Geometría Analítica,2025-2,,0,False
1e684ce5f150bff0e32497e9,Fundamentos Matemáticos,2025-2,3.20,0,False
6c23768dc846abdced81a210,Cálculo Integral,2025-2,,3,True
6c23768dc846abdced81a210,Física Mecánica,2025-2,,0,False
6c23768dc846abdced81a210,Fortalecimiento Académico: Matemáticas,2025-2,,0,False
6c23768dc846abdced81a210,Cálculo Integral,2026-1,,1,True
6c23768dc846abdced81a210,Física Mecánica,2026-1,,1,True
6c23768dc846abdced81a210,Álgebra Lineal,2025-2,3.01,4,True
d73f4d9303d400344ca53ac4,Álgebra Lineal,2025-2,,1,True
d73f4d9303d400344ca53ac4,Cálculo Diferencial,2025-2,,1,True
d73f4d9303d400344ca53ac4,Cálculo Diferencial,2025-2,1.82,1,True
d73f4d9303d400344ca53ac4,Álgebra Lineal,2026-1,2.54,0,False
56b0733a012a7271990190a0,Geometría Analítica,2025-2,1.32,0,False
56b0733a012a7271990190a0,Cálculo Diferencial,2025-2,1.60,0,False
56b0733a012a7271990190a0,Fundamentos de Química,2025-2,1.79,0,False
97c1f378501215de07d4405e,Cálculo Integral,2026-2,,0,False
97c1f378501215de07d4405e,Física Mecánica,2026-2,,0,False
97c1f378501215de07d4405e,Álgebra Lineal,2025-2,2.04,0,False
97c1f378501215de07d4405e,Fundamentos de Química,2025-2,3.00,0,False
97c1f378501215de07d4405e,Cálculo Diferencial,2025-2,3.04,0,False
97c1f378501215de07d4405e,Álgebra Lineal,2026-1,3.42,0,False
97c1f378501215de07d4405e,Fundamentos Matemáticos,2026-1,3.58,0,False
142918e41f7a33cfa0b480d7,Cálculo Diferencial,2025-2,,0,False
142918e41f7a33cfa0b480d7,Fortalecimiento Académico: Matemáticas,2025-2,,0,False
142918e41f7a33cfa0b480d7,Geometría Analítica,2025-2,,0,False
142918e41f7a33cfa0b480d7,Cálculo Diferencial,2026-1,,0,False
142918e41f7a33cfa0b480d7,Cálculo Diferencial,2025-2,1.16,0,False
142918e41f7a33cfa0b480d7,Geometría Analítica,2026-1,1.92,0,False
7e4cdc91d1d4dccc638b5182,Fortalecimiento Académico: Matemáticas,2025-2,,0,False
7e4cdc91d1d4dccc638b5182,Cálculo Integral,2026-1,,0,False
7e4cdc91d1d4dccc638b5182,Cálculo Integral,2026-2,,0,False
7e4cdc91d1d4dccc638b5182,Física Mecánica,2026-2,,0,False
7e4cdc91d1d4dccc638b5182,Fortalecimiento Académico: Matemáticas,2026-2,,0,False
7e4cdc91d1d4dccc638b5182,Física Mecánica,2026-1,2.34,0,False
7e4cdc91d1d4dccc638b5182,Cálculo Diferencial,2025-2,3.04,0,False
7e4cdc91d1d4dccc638b5182,Geometría Analítica,2025-2,3.05,0,False
7e4cdc91d1d4dccc638b5182,Álgebra Lineal,2026-1,3.43,0,False
7e4cdc91d1d4dccc638b5182,Fundamentos de Química,2025-2,4.35,0,False
cda624a78c880d85b878acb6,Fortalecimiento Académico: Matemáticas,2025-2,,0,False
cda624a78c880d85b878acb6,Fortalecimiento Académico: Matemáticas,2026-1,,0,False
a29d77902bec629a832cd678,Cálculo Diferencial,2026-2,,0,False
a29d77902bec629a832cd678,Geometría Analítica,2026-2,,0,False
c5aa51a39685eca87783f099,Álgebra Lineal,2026-2,,0,False
c5aa51a39685eca87783f099,Cálculo Diferencial,2026-2,,0,False
c5aa51a39685eca87783f099,Cálculo Diferencial,2026-1,2.69,1,True
c5aa51a39685eca87783f099,Fundamentos de Química,2026-1,3.02,0,False
c5aa51a39685eca87783f099,Geometría Analítica,2026-1,3.04,0,False
c5aa51a39685eca87783f099,Fundamentos Matemáticos,2026-1,3.58,0,False
6869c19d0e0d458f2b60d307,Cálculo Diferencial,2025-2,,0,False
6869c19d0e0d458f2b60d307,Fortalecimiento Académico: Física,2026-1,,0,False
6869c19d0e0d458f2b60d307,Fortalecimiento Académico: Matemáticas,2026-1,,0,False
6869c19d0e0d458f2b60d307,Geometría Analítica,2026-1,,0,False
6869c19d0e0d458f2b60d307,Álgebra Lineal,2026-2,,0,False
6869c19d0e0d458f2b60d307,Cálculo Integral,2026-2,,0,False
6869c19d0e0d458f2b60d307,Geometría Analítica,2025-2,1.69,0,False
6869c19d0e0d458f2b60d307,Fundamentos Matemáticos,2025-2,1.87,0,False
6869c19d0e0d458f2b60d307,Geometría Analítica,2026-1,2.51,0,False
6869c19d0e0d458f2b60d307,Cálculo Diferencial,2025-2,2.68,0,False
6869c19d0e0d458f2b60d307,Fundamentos de Química,2025-2,3.02,0,False
6869c19d0e0d458f2b60d307,Cálculo Diferencial,2026-1,3.04,0,False
6869c19d0e0d458f2b60d307,Fundamentos Matemáticos,2026-1,3.47,0,False
c669c4b391f557a22ed6770d,Cálculo Diferencial,2025-2,,0,False
c669c4b391f557a22ed6770d,Fortalecimiento Académico: Matemáticas,2025-2,,0,False
c669c4b391f557a22ed6770d,Geometría Analítica,2025-2,,0,False
c669c4b391f557a22ed6770d,Geometría Analítica,2026-1,,0,False
c669c4b391f557a22ed6770d,Cálculo Diferencial,2026-2,,0,False
c669c4b391f557a22ed6770d,Geometría Analítica,2026-2,,0,False
adee31e0b3163ab97149ed2d,Cálculo Diferencial,2025-2,,0,False
adee31e0b3163ab97149ed2d,Cálculo Integral,2026-2,,0,False
adee31e0b3163ab97149ed2d,Cálculo Diferencial,2026-1,3.03,0,False
adee31e0b3163ab97149ed2d,Geometría Analítica,2025-2,3.04,1,True
0c2d95f124a5d2271e1e66e7,Fundamentos de Química,2025-2,,0,False
0c2d95f124a5d2271e1e66e7,Cálculo Vectorial,2026-2,,0,False
0c2d95f124a5d2271e1e66e7,Cálculo Integral,2026-1,4.44,1,True
0c2d95f124a5d2271e1e66e7,Geometría Analítica,2025-2,4.45,0,False
0c2d95f124a5d2271e1e66e7,Cálculo Diferencial,2025-2,4.65,0,False
0c2d95f124a5d2271e1e66e7,Fundamentos de Química,2025-2,4.74,0,False
0c2d95f124a5d2271e1e66e7,Álgebra Lineal,2026-1,4.75,0,False
0c2d95f124a5d2271e1e66e7,Fundamentos Matemáticos,2025-2,4.95,0,False
09692957ad1e816827409026,Cálculo Diferencial,2025-2,,1,True
09692957ad1e816827409026,Cálculo Integral,2026-1,,0,False
09692957ad1e816827409026,Álgebra Lineal,2026-2,,0,False
09692957ad1e816827409026,Cálculo Integral,2026-1,2.06,0,False
09692957ad1e816827409026,Física Mecánica,2026-1,2.07,1,True
09692957ad1e816827409026,Geometría Analítica,2025-2,2.64,0,False
09692957ad1e816827409026,Cálculo Diferencial,2025-2,3.92,1,True
a190ec78a7edb0562448985f,Fortalecimiento Académico: Matemáticas,2025-2,,0,False
a190ec78a7edb0562448985f,Cálculo Integral,2026-2,,3,True
a190ec78a7edb0562448985f,Física Mecánica,2026-2,,0,False
a190ec78a7edb0562448985f,Cálculo Diferencial,2025-2,2.61,1,True
a190ec78a7edb0562448985f,Cálculo Diferencial,2026-1,3.02,1,True
a190ec78a7edb0562448985f,Fundamentos Matemáticos,2025-2,3.11,0,False
a190ec78a7edb0562448985f,Fundamentos de Química,2026-1,3.30,0,False
a190ec78a7edb0562448985f,Geometría Analítica,2025-2,3.40,0,False
a190ec78a7edb0562448985f,Álgebra Lineal,2026-1,3.50,0,False
a587ab1a18c2942f17ecbecd,Álgebra Lineal,2026-2,,0,False
a587ab1a18c2942f17ecbecd,Física Mecánica,2026-2,,0,False
a587ab1a18c2942f17ecbecd,Cálculo Integral,2026-1,3.38,1,True
a587ab1a18c2942f17ecbecd,Geometría Analítica,2026-1,3.78,0,False
a587ab1a18c2942f17ecbecd,Cálculo Diferencial,2025-2,4.21,1,True
a587ab1a18c2942f17ecbecd,Fundamentos Matemáticos,2025-2,4.30,0,False
569f8ca638016314f862bf21,Cálculo Integral,2026-2,,0,False
569f8ca638016314f862bf21,Física Mecánica,2026-2,,0,False
569f8ca638016314f862bf21,Fundamentos de Química,2026-2,,0,False
569f8ca638016314f862bf21,Fundamentos Matemáticos,2026-1,4.30,0,False
569f8ca638016314f862bf21,Cálculo Diferencial,2026-1,4.41,1,True
569f8ca638016314f862bf21,Geometría Analítica,2026-1,4.47,0,False
08fc49dd62139d8857b2d368,Cálculo Diferencial,2025-2,,0,False
08fc49dd62139d8857b2d368,Fundamentos Matemáticos,2025-2,,0,False
87a57224bf14806d5a1110dd,Fortalecimiento Académico: Matemáticas,2026-1,,0,False
87a57224bf14806d5a1110dd,Cálculo Vectorial,2026-2,,0,False
87a57224bf14806d5a1110dd,Cálculo Integral,2026-1,3.00,4,True
87a57224bf14806d5a1110dd,Cálculo Diferencial,2025-2,3.41,0,False
87a57224bf14806d5a1110dd,Geometría Analítica,2025-2,3.49,0,False
87a57224bf14806d5a1110dd,Álgebra Lineal,2026-1,3.71,0,False
87a57224bf14806d5a1110dd,Fundamentos de Química,2025-2,3.96,0,False
9733109fd235b58a94ad4f93,Cálculo Diferencial,2025-2,,1,True
9733109fd235b58a94ad4f93,Geometría Analítica,2025-2,,0,False
9733109fd235b58a94ad4f93,Fortalecimiento Académico: Matemáticas,2026-1,,0,False
9733109fd235b58a94ad4f93,Cálculo Diferencial,2026-2,,0,False
9733109fd235b58a94ad4f93,Cálculo Diferencial,2026-1,2.59,1,True
9733109fd235b58a94ad4f93,Cálculo Diferencial,2026-1,2.61,1,True
9733109fd235b58a94ad4f93,Geometría Analítica,2026-1,3.01,0,False
930ec174d6f35b9fa1dcfb73,Fortalecimiento Académico: Matemáticas,2026-1,,0,False
49afea6951bddff011bfb14a,Cálculo Vectorial,2026-2,,0,False
49afea6951bddff011bfb14a,Álgebra Lineal,2026-1,4.37,1,True
49afea6951bddff011bfb14a,Fundamentos de Química,2025-2,4.38,0,False
49afea6951bddff011bfb14a,Geometría Analítica,2025-2,4.66,0,False
49afea6951bddff011bfb14a,Cálculo Diferencial,2025-2,4.71,0,False
49afea6951bddff011bfb14a,Fundamentos Matemáticos,2025-2,5.00,0,False
49afea6951bddff011bfb14a,Cálculo Integral,2026-1,5.00,0,False
b859f8c7a80932072c454a1f,Fortalecimiento Académico: Matemáticas,2025-2,,0,False
b859f8c7a80932072c454a1f,Cálculo Integral,2026-2,,0,False
b859f8c7a80932072c454a1f,Física Mecánica,2026-2,,0,False
b859f8c7a80932072c454a1f,Cálculo Diferencial,2025-2,2.77,2,True
b859f8c7a80932072c454a1f,Geometría Analítica,2025-2,3.26,4,True
b859f8c7a80932072c454a1f,Álgebra Lineal,2026-1,3.69,1,True
b859f8c7a80932072c454a1f,Cálculo Diferencial,2026-1,4.19,0,False
b859f8c7a80932072c454a1f,Fundamentos Matemáticos,2025-2,4.20,0,False
236eadcca7c41ceab07a03bd,Cálculo Diferencial,2026-1,,0,False
236eadcca7c41ceab07a03bd,Geometría Analítica,2026-1,,0,False
236eadcca7c41ceab07a03bd,Fundamentos de Química,2026-1,0.89,0,False
2694d3d95617e170be4d245e,Cálculo Integral,2026-2,,0,False
2694d3d95617e170be4d245e,Fortalecimiento Académico: Matemáticas,2026-2,,0,False
2694d3d95617e170be4d245e,Geometría Analítica,2026-2,,0,False
2694d3d95617e170be4d245e,Cálculo Diferencial,2026-1,3.06,0,False
2694d3d95617e170be4d245e,Fundamentos Matemáticos,2026-1,3.67,0,False
0c9c37b2ce789dbe10ac878a,Álgebra Lineal,2026-2,,0,False
0c9c37b2ce789dbe10ac878a,Cálculo Integral,2026-2,,0,False
0c9c37b2ce789dbe10ac878a,Fortalecimiento Académico: Matemáticas,2026-2,,0,False
0c9c37b2ce789dbe10ac878a,Fundamentos de Química,2026-2,,0,False
0c9c37b2ce789dbe10ac878a,Fundamentos de Química,2026-1,2.72,0,False
0c9c37b2ce789dbe10ac878a,Cálculo Diferencial,2026-1,3.02,0,False
0c9c37b2ce789dbe10ac878a,Geometría Analítica,2026-1,3.44,1,True
12a980c95b708f8cdd108fc2,Cálculo Vectorial,2026-2,,0,False
12a980c95b708f8cdd108fc2,Ecuaciones Diferenciales,2026-2,,1,True
12a980c95b708f8cdd108fc2,Electricidad y Magnetismo,2026-2,,0,False
12a980c95b708f8cdd108fc2,Física Mecánica,2026-1,3.24,0,False
12a980c95b708f8cdd108fc2,Cálculo Integral,2026-1,3.49,0,False
12a980c95b708f8cdd108fc2,Álgebra Lineal,2026-1,3.71,1,True
12a980c95b708f8cdd108fc2,Cálculo Diferencial,2025-2,3.91,1,True
12a980c95b708f8cdd108fc2,Geometría Analítica,2025-2,4.09,2,True
12a980c95b708f8cdd108fc2,Fundamentos de Química,2025-2,4.53,0,False
9f2614aaad1bd68721a96bf7,Fortalecimiento Académico: Matemáticas,2026-1,,0,False
9f2614aaad1bd68721a96bf7,Cálculo Vectorial,2026-2,,0,False
9f2614aaad1bd68721a96bf7,Ecuaciones Diferenciales,2026-2,,4,True
9f2614aaad1bd68721a96bf7,Electricidad y Magnetismo,2026-2,,0,False
9f2614aaad1bd68721a96bf7,Fundamentos de Química,2025-2,2.67,0,False
9f2614aaad1bd68721a96bf7,Cálculo Diferencial,2025-2,3.66,4,True
9f2614aaad1bd68721a96bf7,Física Mecánica,2026-1,3.70,3,True
9f2614aaad1bd68721a96bf7,Geometría Analítica,2025-2,3.97,2,True
9f2614aaad1bd68721a96bf7,Fundamentos de Química,2026-1,3.97,1,True
9f2614aaad1bd68721a96bf7,Cálculo Integral,2026-1,4.34,11,True
9f2614aaad1bd68721a96bf7,Álgebra Lineal,2026-1,4.56,1,True
6be6633bda22f67376f0dffd,Cálculo Integral,2026-2,,0,False
6be6633bda22f67376f0dffd,Física Mecánica,2026-2,,0,False
6be6633bda22f67376f0dffd,Fundamentos Matemáticos,2026-1,4.00,0,False
6be6633bda22f67376f0dffd,Geometría Analítica,2026-1,4.26,0,False
6be6633bda22f67376f0dffd,Cálculo Diferencial,2026-1,4.68,0,False
1e7c5088bc476a3ccdeb29bb,Álgebra Lineal,2026-2,,0,False
1e7c5088bc476a3ccdeb29bb,Física Mecánica,2026-2,,0,False
1e7c5088bc476a3ccdeb29bb,Geometría Analítica,2026-1,3.66,0,False
1e7c5088bc476a3ccdeb29bb,Cálculo Integral,2026-1,4.45,0,False
1e7c5088bc476a3ccdeb29bb,Cálculo Diferencial,2025-2,4.46,0,False
1e7c5088bc476a3ccdeb29bb,Fundamentos Matemáticos,2025-2,4.89,0,False
e1f5d0ae28af6f4c527a6475,Geometría Analítica,2025-2,,2,True
02be26abf9873b677a1eb41c,Cálculo Diferencial,2025-2,,0,False
02be26abf9873b677a1eb41c,Cálculo Integral,2026-2,,0,False
02be26abf9873b677a1eb41c,Física Mecánica,2026-2,,1,True
02be26abf9873b677a1eb41c,Álgebra Lineal,2026-1,2.63,1,True
02be26abf9873b677a1eb41c,Cálculo Diferencial,2026-1,3.00,0,False
02be26abf9873b677a1eb41c,Geometría Analítica,2025-2,3.11,0,False
02be26abf9873b677a1eb41c,Fundamentos Matemáticos,2025-2,3.27,0,False
02be26abf9873b677a1eb41c,Fundamentos de Química,2026-1,3.38,0,False
8ae001357e9da760bc30cdd1,Cálculo Diferencial,2025-2,,0,False
8ae001357e9da760bc30cdd1,Cálculo Integral,2026-2,,0,False
8ae001357e9da760bc30cdd1,Geometría Analítica,2026-2,,0,False
8ae001357e9da760bc30cdd1,Fundamentos Matemáticos,2025-2,1.96,0,False
8ae001357e9da760bc30cdd1,Fundamentos Matemáticos,2026-1,3.03,0,False
8ae001357e9da760bc30cdd1,Cálculo Diferencial,2026-1,3.15,0,False
aff7d9cbb853fdc8c91ec5e4,Cálculo Diferencial,2025-2,,1,True
aff7d9cbb853fdc8c91ec5e4,Fortalecimiento Académico: Matemáticas,2025-2,,0,False
aff7d9cbb853fdc8c91ec5e4,Geometría Analítica,2025-2,,0,False
aff7d9cbb853fdc8c91ec5e4,Cálculo Diferencial,2026-1,,0,False
aff7d9cbb853fdc8c91ec5e4,Álgebra Lineal,2026-2,,0,False
aff7d9cbb853fdc8c91ec5e4,Cálculo Diferencial,2026-2,,0,False
aff7d9cbb853fdc8c91ec5e4,Fundamentos de Química,2026-2,,0,False
aff7d9cbb853fdc8c91ec5e4,Fundamentos de Química,2025-2,1.08,0,False
aff7d9cbb853fdc8c91ec5e4,Geometría Analítica,2026-1,3.04,0,False
e3feada2892b1f1687205b21,Cálculo Diferencial,2025-2,0.21,0,False
e3feada2892b1f1687205b21,Geometría Analítica,2025-2,0.67,0,False
61b2618d84ae6c7c9296c4fb,Cálculo Diferencial,2025-2,,0,False
61b2618d84ae6c7c9296c4fb,Fortalecimiento Académico: Matemáticas,2025-2,,0,False
61b2618d84ae6c7c9296c4fb,Geometría Analítica,2025-2,,1,True
61b2618d84ae6c7c9296c4fb,Cálculo Integral,2026-2,,0,False
61b2618d84ae6c7c9296c4fb,Física Mecánica,2026-2,,0,False
61b2618d84ae6c7c9296c4fb,Cálculo Diferencial,2025-2,2.55,0,False
61b2618d84ae6c7c9296c4fb,Geometría Analítica,2026-1,3.60,0,False
61b2618d84ae6c7c9296c4fb,Cálculo Diferencial,2026-1,4.64,0,False
a8e94dbd64ed8b179e652386,Cálculo Diferencial,2025-2,3.00,0,False
a8e94dbd64ed8b179e652386,Física Mecánica,2026-1,3.51,0,False
a8e94dbd64ed8b179e652386,Geometría Analítica,2025-2,3.68,0,False
a8e94dbd64ed8b179e652386,Cálculo Integral,2026-1,3.88,0,False
74785ed5f5469024d496db66,Ecuaciones Diferenciales,2026-2,,0,False
74785ed5f5469024d496db66,Electricidad y Magnetismo,2026-2,,0,False
74785ed5f5469024d496db66,Cálculo Vectorial,2025-2,3.60,0,False
74785ed5f5469024d496db66,Física Mecánica,2026-1,3.91,0,False
74785ed5f5469024d496db66,Álgebra Lineal,2025-2,3.96,0,False
74785ed5f5469024d496db66,Geometría Analítica,2025-2,4.04,0,False
74785ed5f5469024d496db66,Cálculo Diferencial,2025-2,4.40,0,False
74785ed5f5469024d496db66,Cálculo Integral,2025-2,4.50,0,False
74785ed5f5469024d496db66,Fundamentos de Química,2026-1,4.65,0,False
b6ee9a8d470b138bcdfcacdf,Cálculo Diferencial,2026-1,,1,True
b6ee9a8d470b138bcdfcacdf,Geometría Analítica,2026-1,,0,False
b6ee9a8d470b138bcdfcacdf,Álgebra Lineal,2026-2,,0,False
b6ee9a8d470b138bcdfcacdf,Cálculo Integral,2026-2,,0,False
b6ee9a8d470b138bcdfcacdf,Física Mecánica,2026-2,,0,False
b6ee9a8d470b138bcdfcacdf,Fundamentos de Química,2026-2,,0,False
b6ee9a8d470b138bcdfcacdf,Cálculo Diferencial,2026-1,4.30,1,True
b6ee9a8d470b138bcdfcacdf,Fundamentos Matemáticos,2026-1,4.50,0,False
b6ee9a8d470b138bcdfcacdf,Geometría Analítica,2026-1,4.73,0,False
69d8913b3bb6d1505d3ce670,Fortalecimiento Académico: Matemáticas,2026-2,,0,False
e69a8c7ac25ae723d3d4c27c,Fortalecimiento Académico: Matemáticas,2026-1,,0,False
e69a8c7ac25ae723d3d4c27c,Álgebra Lineal,2026-2,,0,False
e69a8c7ac25ae723d3d4c27c,Física Mecánica,2026-2,,0,False
e69a8c7ac25ae723d3d4c27c,Cálculo Diferencial,2025-2,3.53,4,True
e69a8c7ac25ae723d3d4c27c,Fundamentos Matemáticos,2025-2,4.15,0,False
e69a8c7ac25ae723d3d4c27c,Cálculo Integral,2026-1,4.40,1,True
e69a8c7ac25ae723d3d4c27c,Geometría Analítica,2026-1,4.66,2,True
240473d0ad653a43b53ad950,Fortalecimiento Académico: Matemáticas,2026-1,,0,False
240473d0ad653a43b53ad950,Fortalecimiento Académico: Matemáticas,2026-2,,0,False
77613476ef81234f87e99355,Geometría Analítica,2026-1,2.51,0,False
77613476ef81234f87e99355,Cálculo Integral,2026-1,3.62,3,True
77613476ef81234f87e99355,Fundamentos Matemáticos,2025-2,3.66,0,False
77613476ef81234f87e99355,Cálculo Diferencial,2025-2,3.84,2,True
c0ec0609f2e0c4939f091da7,Fortalecimiento Académico: Matemáticas,2026-2,,0,False
62dcc02489166c7c05f08d8b,Fundamentos de Química,2025-2,,0,False
62dcc02489166c7c05f08d8b,Cálculo Integral,2026-1,,0,False
62dcc02489166c7c05f08d8b,Fortalecimiento Académico: Matemáticas,2026-1,,0,False
62dcc02489166c7c05f08d8b,Cálculo Vectorial,2026-2,,0,False
62dcc02489166c7c05f08d8b,Cálculo Diferencial,2025-2,3.00,0,False
62dcc02489166c7c05f08d8b,Cálculo Integral,2026-1,3.04,0,False
62dcc02489166c7c05f08d8b,Geometría Analítica,2025-2,3.14,0,False
62dcc02489166c7c05f08d8b,Fundamentos Matemáticos,2025-2,3.16,0,False
62dcc02489166c7c05f08d8b,Álgebra Lineal,2026-1,3.39,0,False
62dcc02489166c7c05f08d8b,Fundamentos de Química,2025-2,3.43,0,False
e8e2421b567232704d55a085,Fundamentos Matemáticos,2025-2,,0,False
dd920a0f80c75375c479dd34,Álgebra Lineal,2026-2,,0,False
dd920a0f80c75375c479dd34,Cálculo Integral,2026-2,,0,False
dd920a0f80c75375c479dd34,Fundamentos Matemáticos,2025-2,1.64,0,False
dd920a0f80c75375c479dd34,Cálculo Integral,2026-1,2.76,1,True
dd920a0f80c75375c479dd34,Cálculo Diferencial,2025-2,3.00,3,True
dd920a0f80c75375c479dd34,Geometría Analítica,2026-1,3.14,0,False
f2734b48478464119b10bdef,Fortalecimiento Académico: Matemáticas,2025-2,,0,False
f2734b48478464119b10bdef,Álgebra Lineal,2026-2,,0,False
f2734b48478464119b10bdef,Física Mecánica,2026-2,,0,False
f2734b48478464119b10bdef,Cálculo Diferencial,2025-2,3.29,0,False
f2734b48478464119b10bdef,Cálculo Integral,2026-1,3.54,2,True
f2734b48478464119b10bdef,Fundamentos Matemáticos,2025-2,4.09,0,False
f2734b48478464119b10bdef,Geometría Analítica,2026-1,4.17,0,False
79e886010cfcb47c65396ca5,Cálculo Diferencial,2026-2,,0,False
79e886010cfcb47c65396ca5,Geometría Analítica,2026-2,,0,False
7ef4c49a94a7119475779267,Cálculo Diferencial,2025-2,,0,False
7ef4c49a94a7119475779267,Fortalecimiento Académico: Matemáticas,2025-2,,0,False
7ef4c49a94a7119475779267,Fundamentos Matemáticos,2025-2,,1,True
7ef4c49a94a7119475779267,Geometría Analítica,2025-2,,0,False
2631824218c26dcb3e3c2c6d,Cálculo Diferencial,2025-2,,0,False
2631824218c26dcb3e3c2c6d,Geometría Analítica,2025-2,,0,False
c911664c7147469d3763c0e4,Álgebra Lineal,2026-2,,0,False
c911664c7147469d3763c0e4,Física Mecánica,2026-2,,0,False
c911664c7147469d3763c0e4,Cálculo Integral,2026-1,3.27,2,True
c911664c7147469d3763c0e4,Geometría Analítica,2026-1,3.35,0,False
c911664c7147469d3763c0e4,Fundamentos Matemáticos,2025-2,3.39,0,False
c911664c7147469d3763c0e4,Cálculo Diferencial,2025-2,3.56,0,False
e8fdfba02ddeac7e36da6fa6,Cálculo Diferencial,2025-2,,0,False
e8fdfba02ddeac7e36da6fa6,Geometría Analítica,2025-2,,0,False
19ee121a96a5071c14c16c24,Fortalecimiento Académico: Matemáticas,2025-2,,0,False
19ee121a96a5071c14c16c24,Cálculo Diferencial,2025-2,1.90,1,True
19ee121a96a5071c14c16c24,Geometría Analítica,2025-2,2.43,0,False
3fe61b9aab8418ff4c71af0f,Fortalecimiento Académico: Matemáticas,2025-2,,0,False
3fe61b9aab8418ff4c71af0f,Álgebra Lineal,2026-2,,0,False
3fe61b9aab8418ff4c71af0f,Física Mecánica,2026-2,,0,False
3fe61b9aab8418ff4c71af0f,Geometría Analítica,2026-1,2.71,0,False
3fe61b9aab8418ff4c71af0f,Cálculo Integral,2026-1,3.01,2,True
3fe61b9aab8418ff4c71af0f,Cálculo Diferencial,2025-2,3.20,1,True
3fe61b9aab8418ff4c71af0f,Fundamentos Matemáticos,2025-2,3.79,1,True
ba539e07780e3dab290c182c,Fundamentos Matemáticos,2025-2,4.90,0,False
ad86938bafdfdaf09889d962,Fundamentos Matemáticos,2026-2,,0,False
aa3e4b687a6fc766507322c6,Geometría Analítica,2025-2,,0,False
aa3e4b687a6fc766507322c6,Cálculo Diferencial,2025-2,2.25,0,False
6c0c4a52633cf913162c1440,Fortalecimiento Académico: Matemáticas,2026-1,,0,False
238793cd67d4f653047f273a,Fortalecimiento Académico: Matemáticas,2026-2,,0,False
24fdc34d9983df35226919ee,Fortalecimiento Académico: Matemáticas,2026-2,,0,False
f998611b4e2f011fb475cb5e,Fundamentos Matemáticos,2025-2,,0,False
f998611b4e2f011fb475cb5e,Geometría Analítica,2025-2,,0,False
f998611b4e2f011fb475cb5e,Cálculo Integral,2026-1,,0,False
f998611b4e2f011fb475cb5e,Álgebra Lineal,2026-2,,0,False
f998611b4e2f011fb475cb5e,Cálculo Integral,2026-2,,0,False
f998611b4e2f011fb475cb5e,Cálculo Diferencial,2025-2,3.01,0,False
f998611b4e2f011fb475cb5e,Fundamentos de Química,2025-2,3.17,0,False
f998611b4e2f011fb475cb5e,Geometría Analítica,2026-1,3.43,0,False
bfacc765794993b20154522f,Cálculo Diferencial,2025-2,,1,True
bfacc765794993b20154522f,Cálculo Integral,2026-2,,0,False
bfacc765794993b20154522f,Geometría Analítica,2025-2,2.64,0,False
bfacc765794993b20154522f,Cálculo Diferencial,2026-1,3.49,0,False
530e32415e424d1ac06189b9,Cálculo Diferencial,2025-2,,1,True
530e32415e424d1ac06189b9,Álgebra Lineal,2026-2,,0,False
530e32415e424d1ac06189b9,Física Mecánica,2026-2,,0,False
530e32415e424d1ac06189b9,Cálculo Diferencial,2025-2,3.38,1,True
530e32415e424d1ac06189b9,Geometría Analítica,2026-1,3.64,1,True
530e32415e424d1ac06189b9,Cálculo Integral,2026-1,3.78,2,True
530e32415e424d1ac06189b9,Fundamentos Matemáticos,2025-2,4.09,0,False
c31a1f2f581de2766e53338f,Cálculo Diferencial,2025-2,,0,False
c31a1f2f581de2766e53338f,Fortalecimiento Académico: Matemáticas,2025-2,,0,False
c31a1f2f581de2766e53338f,Fundamentos de Química,2025-2,3.00,0,False
c31a1f2f581de2766e53338f,Geometría Analítica,2025-2,3.00,0,False
449261eedb62d14a5fba890a,Fortalecimiento Académico: Matemáticas,2026-1,,0,False
449261eedb62d14a5fba890a,Cálculo Vectorial,2026-2,,0,False
449261eedb62d14a5fba890a,Cálculo Integral,2026-1,3.32,1,True
449261eedb62d14a5fba890a,Cálculo Diferencial,2025-2,3.87,0,False
449261eedb62d14a5fba890a,Geometría Analítica,2025-2,4.01,0,False
449261eedb62d14a5fba890a,Álgebra Lineal,2026-1,4.13,0,False
449261eedb62d14a5fba890a,Fundamentos Matemáticos,2025-2,4.37,0,False
449261eedb62d14a5fba890a,Fundamentos de Química,2025-2,4.52,0,False
6c75cbedd39e383303d916f1,Cálculo Diferencial,2025-2,,0,False
6c75cbedd39e383303d916f1,Fundamentos Matemáticos,2025-2,,0,False
6c75cbedd39e383303d916f1,Geometría Analítica,2025-2,,0,False
6c75cbedd39e383303d916f1,Fundamentos Matemáticos,2026-1,,0,False
6c75cbedd39e383303d916f1,Geometría Analítica,2026-1,,0,False
6c75cbedd39e383303d916f1,Cálculo Diferencial,2026-1,0.00,0,False
e72b8268867dd7b4ab0d651f,Cálculo Diferencial,2025-2,,0,False
e72b8268867dd7b4ab0d651f,Geometría Analítica,2025-2,,0,False
aef0e4a454fb6453a2092c9d,Fortalecimiento Académico: Matemáticas,2026-1,,0,False
f0ea06fdf82b15d0124b6982,Fortalecimiento Académico: Matemáticas,2026-1,,0,False
f7130dcda695200300a2d924,Cálculo Integral,2026-1,,0,False
f7130dcda695200300a2d924,Cálculo Integral,2026-2,,1,True
f7130dcda695200300a2d924,Cálculo Diferencial,2025-2,3.00,0,False
f7130dcda695200300a2d924,Geometría Analítica,2025-2,3.05,0,False
f7130dcda695200300a2d924,Física Mecánica,2026-1,3.11,0,False
335055b075f5a15651f0c9f6,Geometría Analítica,2025-2,2.88,0,False
335055b075f5a15651f0c9f6,Fundamentos de Química,2025-2,3.01,0,False
335055b075f5a15651f0c9f6,Cálculo Diferencial,2025-2,3.40,0,False
73f1cabe5272337704031142,Fortalecimiento Académico: Matemáticas,2025-2,,0,False
73f1cabe5272337704031142,Álgebra Lineal,2026-2,,0,False
73f1cabe5272337704031142,Cálculo Integral,2026-1,1.83,1,True
73f1cabe5272337704031142,Geometría Analítica,2025-2,3.03,1,True
73f1cabe5272337704031142,Cálculo Integral,2026-1,3.04,1,True
73f1cabe5272337704031142,Física Mecánica,2026-1,3.09,2,True
73f1cabe5272337704031142,Cálculo Diferencial,2025-2,3.15,1,True
c90ae966882a02d12420b7e1,Geometría Analítica,2026-2,,0,False
c90ae966882a02d12420b7e1,Fundamentos Matemáticos,2025-2,5.00,0,False
49ca6dd72e75068e0a7288c3,Fundamentos Matemáticos,2025-2,,0,False
b5cffa045e5c12aa37e1c9e4,Cálculo Diferencial,2025-2,,0,False
b5cffa045e5c12aa37e1c9e4,Fundamentos de Química,2025-2,,0,False
b5cffa045e5c12aa37e1c9e4,Fortalecimiento Académico: Matemáticas,2026-1,,0,False
b5cffa045e5c12aa37e1c9e4,Cálculo Vectorial,2026-2,,0,False
b5cffa045e5c12aa37e1c9e4,Ecuaciones Diferenciales,2026-2,,2,True
b5cffa045e5c12aa37e1c9e4,Geometría Analítica,2025-2,3.01,2,True
b5cffa045e5c12aa37e1c9e4,Cálculo Diferencial,2025-2,3.27,0,False
b5cffa045e5c12aa37e1c9e4,Fundamentos de Química,2025-2,3.51,0,False
b5cffa045e5c12aa37e1c9e4,Cálculo Integral,2026-1,3.85,0,False
b5cffa045e5c12aa37e1c9e4,Álgebra Lineal,2026-1,3.95,0,False
6f37a95ae7f41d53ef037873,Cálculo Diferencial,2026-2,,0,False
6f37a95ae7f41d53ef037873,Fortalecimiento Académico: Matemáticas,2026-2,,0,False
6f37a95ae7f41d53ef037873,Fundamentos Matemáticos,2026-2,,0,False
f376beec42a069ac252c9bfa,Álgebra Lineal,2026-2,,0,False
f376beec42a069ac252c9bfa,Física Mecánica,2026-2,,0,False
f376beec42a069ac252c9bfa,Cálculo Diferencial,2025-2,3.18,1,True
f376beec42a069ac252c9bfa,Geometría Analítica,2026-1,3.33,0,False
f376beec42a069ac252c9bfa,Cálculo Integral,2026-1,3.74,0,False
f376beec42a069ac252c9bfa,Fundamentos Matemáticos,2025-2,3.87,0,False
66ebdf413c0c9810ee04671d,Geometría Analítica,2026-1,,0,False
66ebdf413c0c9810ee04671d,Fortalecimiento Académico: Matemáticas,2026-2,,0,False
66ebdf413c0c9810ee04671d,Geometría Analítica,2026-2,,0,False
66ebdf413c0c9810ee04671d,Cálculo Diferencial,2025-2,2.15,0,False
cd9c27d381eba3991c3a32a4,Cálculo Diferencial,2025-2,,2,True
cd9c27d381eba3991c3a32a4,Cálculo Integral,2026-1,,0,False
cd9c27d381eba3991c3a32a4,Cálculo Integral,2026-2,,0,False
cd9c27d381eba3991c3a32a4,Física Mecánica,2026-1,3.00,1,True
cd9c27d381eba3991c3a32a4,Geometría Analítica,2025-2,3.07,2,True
cd9c27d381eba3991c3a32a4,Cálculo Diferencial,2025-2,3.09,2,True
1d5cbc1bd688a6510dc1d882,Fortalecimiento Académico: Matemáticas,2026-2,,0,False
20d7d33ea9a7ca584eebf77c,Fundamentos Matemáticos,2025-2,,0,False
0ce6da508b8c162dda901256,Cálculo Diferencial,2025-2,,0,False
0ce6da508b8c162dda901256,Geometría Analítica,2025-2,,1,True
0ce6da508b8c162dda901256,Cálculo Diferencial,2026-2,,0,False
0ce6da508b8c162dda901256,Cálculo Diferencial,2026-1,2.39,0,False
2e1862dd6fa3994159d8a80d,Cálculo Diferencial,2026-1,,0,False
2e1862dd6fa3994159d8a80d,Geometría Analítica,2026-1,,0,False
3bebce09100f5e8c16b25061,Fortalecimiento Académico: Matemáticas,2026-1,,0,False
3bebce09100f5e8c16b25061,Álgebra Lineal,2026-2,,0,False
3bebce09100f5e8c16b25061,Cálculo Integral,2026-2,,0,False
3bebce09100f5e8c16b25061,Física Mecánica,2026-2,,0,False
3bebce09100f5e8c16b25061,Fortalecimiento Académico: Matemáticas,2026-2,,0,False
3bebce09100f5e8c16b25061,Fundamentos de Química,2026-2,,0,False
3bebce09100f5e8c16b25061,Cálculo Diferencial,2026-1,3.20,2,True
3bebce09100f5e8c16b25061,Fundamentos Matemáticos,2026-1,3.60,0,False
3bebce09100f5e8c16b25061,Geometría Analítica,2026-1,3.69,1,True
ec5c96d7489c1e00061eaafc,Cálculo Diferencial,2026-2,,0,False
ec5c96d7489c1e00061eaafc,Física Mecánica,2026-2,,0,False
ec5c96d7489c1e00061eaafc,Fundamentos Matemáticos,2025-2,4.86,0,False
ec5c96d7489c1e00061eaafc,Geometría Analítica,2026-1,4.93,0,False
55153162cff259450746f232,Álgebra Lineal,2026-2,,0,False
55153162cff259450746f232,Cálculo Diferencial,2025-2,2.30,3,True
55153162cff259450746f232,Geometría Analítica,2025-2,3.12,0,False
55153162cff259450746f232,Física Mecánica,2026-1,3.36,0,False
55153162cff259450746f232,Cálculo Integral,2026-1,3.59,0,False
55153162cff259450746f232,Cálculo Diferencial,2025-2,3.73,3,True
5c6a78e9b36e0be725951f2a,Fortalecimiento Académico: Matemáticas,2026-1,,0,False
740a8b9a5015dffd1b7823f6,Cálculo Diferencial,2025-2,,2,True
740a8b9a5015dffd1b7823f6,Física Mecánica,2026-2,,0,False
740a8b9a5015dffd1b7823f6,Cálculo Diferencial,2025-2,3.02,2,True
740a8b9a5015dffd1b7823f6,Geometría Analítica,2025-2,3.02,0,False
0457dc24a81f2212bd9440e6,Fortalecimiento Académico: Matemáticas,2025-2,,0,False
0457dc24a81f2212bd9440e6,Fundamentos de Química,2025-2,,0,False
0457dc24a81f2212bd9440e6,Fundamentos Matemáticos,2025-2,,1,True
0457dc24a81f2212bd9440e6,Geometría Analítica,2025-2,,1,True
0457dc24a81f2212bd9440e6,Física Mecánica,2026-1,,0,False
0457dc24a81f2212bd9440e6,Fundamentos de Química,2026-1,,0,False
0457dc24a81f2212bd9440e6,Álgebra Lineal,2026-2,,0,False
0457dc24a81f2212bd9440e6,Geometría Analítica,2026-2,,0,False
0457dc24a81f2212bd9440e6,Cálculo Integral,2026-1,2.66,1,True
0457dc24a81f2212bd9440e6,Cálculo Integral,2026-1,2.82,1,True
0457dc24a81f2212bd9440e6,Geometría Analítica,2026-1,2.91,0,False
0457dc24a81f2212bd9440e6,Cálculo Diferencial,2025-2,3.00,1,True
0457dc24a81f2212bd9440e6,Fundamentos de Química,2026-1,3.13,0,False
0457dc24a81f2212bd9440e6,Fundamentos Matemáticos,2026-1,3.59,0,False
20fa7a3d810397df607c23cd,Fortalecimiento Académico: Matemáticas,2026-1,,0,False
5fd929e87804f8dc593e89e7,Cálculo Integral,2026-1,,0,False
5fd929e87804f8dc593e89e7,Cálculo Integral,2026-2,,0,False
5fd929e87804f8dc593e89e7,Fundamentos de Química,2025-2,3.06,0,False
5fd929e87804f8dc593e89e7,Cálculo Diferencial,2025-2,3.19,0,False
5fd929e87804f8dc593e89e7,Geometría Analítica,2025-2,3.27,0,False
5fd929e87804f8dc593e89e7,Álgebra Lineal,2026-1,3.39,1,True
4b639c2469d765058ddad9f1,Cálculo Diferencial,2025-2,,1,True
4b639c2469d765058ddad9f1,Geometría Analítica,2025-2,3.02,1,True
4b639c2469d765058ddad9f1,Física Mecánica,2026-1,3.08,0,False
6d48c8c6f66f9d2c7fd46c96,Cálculo Integral,2026-2,,0,False
6d48c8c6f66f9d2c7fd46c96,Cálculo Integral,2026-1,2.48,0,False
6d48c8c6f66f9d2c7fd46c96,Geometría Analítica,2025-2,2.81,0,False
6d48c8c6f66f9d2c7fd46c96,Fundamentos de Química,2025-2,3.02,0,False
6d48c8c6f66f9d2c7fd46c96,Álgebra Lineal,2026-1,3.02,0,False
6d48c8c6f66f9d2c7fd46c96,Cálculo Diferencial,2025-2,3.03,0,False
6d48c8c6f66f9d2c7fd46c96,Fundamentos Matemáticos,2025-2,3.69,0,False
6d48c8c6f66f9d2c7fd46c96,Geometría Analítica,2026-1,4.16,0,False
f0a94d754789fe96896e17a0,Cálculo Diferencial,2025-2,,0,False
f0a94d754789fe96896e17a0,Fortalecimiento Académico: Matemáticas,2025-2,,0,False
f0a94d754789fe96896e17a0,Geometría Analítica,2025-2,,0,False
f0a94d754789fe96896e17a0,Geometría Analítica,2026-1,,0,False
f0a94d754789fe96896e17a0,Cálculo Integral,2026-2,,0,False
f0a94d754789fe96896e17a0,Cálculo Diferencial,2025-2,3.96,0,False
81f978ace77f44b9c368d919,Cálculo Diferencial,2026-1,,0,False
81f978ace77f44b9c368d919,Fortalecimiento Académico: Matemáticas,2026-1,,0,False
81f978ace77f44b9c368d919,Cálculo Diferencial,2026-2,,0,False
81f978ace77f44b9c368d919,Fundamentos Matemáticos,2026-1,1.60,0,False
90c78526f04f9ffa86b8dc39,Cálculo Diferencial,2025-2,,0,False
90c78526f04f9ffa86b8dc39,Geometría Analítica,2025-2,,0,False
90c78526f04f9ffa86b8dc39,Geometría Analítica,2026-1,,0,False
90c78526f04f9ffa86b8dc39,Cálculo Diferencial,2026-2,,0,False
90c78526f04f9ffa86b8dc39,Cálculo Diferencial,2026-1,2.45,0,False
49ca6dd72e75068e0a7288c3,Cálculo Diferencial,2025-2,,0,False
49ca6dd72e75068e0a7288c3,Geometría Analítica,2025-2,,0,False
d7e594d3d27beaf5e45520ed,Cálculo Diferencial,2025-2,,0,False
d7e594d3d27beaf5e45520ed,Fundamentos de Química,2025-2,,0,False
d7e594d3d27beaf5e45520ed,Geometría Analítica,2025-2,,0,False
bd7ba877f8b4145a15dcbd4e,Fortalecimiento Académico: Física,2026-1,,0,False
bd7ba877f8b4145a15dcbd4e,Cálculo Vectorial,2026-2,,0,False
bd7ba877f8b4145a15dcbd4e,Ecuaciones Diferenciales,2026-2,,2,True
bd7ba877f8b4145a15dcbd4e,Física Mecánica,2026-1,3.00,4,True
bd7ba877f8b4145a15dcbd4e,Fundamentos de Química,2025-2,3.04,0,False
bd7ba877f8b4145a15dcbd4e,Cálculo Diferencial,2025-2,3.24,1,True
bd7ba877f8b4145a15dcbd4e,Álgebra Lineal,2026-1,3.36,2,True
bd7ba877f8b4145a15dcbd4e,Cálculo Integral,2026-1,3.49,4,True
bd7ba877f8b4145a15dcbd4e,Geometría Analítica,2025-2,4.18,1,True
6cf6cacdaf5e9ebd1a3b6a72,Fortalecimiento Académico: Matemáticas,2026-1,,0,False
6cf6cacdaf5e9ebd1a3b6a72,Fortalecimiento Académico: Matemáticas,2026-2,,0,False
033390a71d86739619565677,Cálculo Diferencial,2026-2,,0,False
033390a71d86739619565677,Física Mecánica,2026-2,,0,False
033390a71d86739619565677,Geometría Analítica,2026-1,4.83,0,False
033390a71d86739619565677,Fundamentos Matemáticos,2025-2,4.94,0,False
b305403a22031eb636446c92,Fortalecimiento Académico: Matemáticas,2025-2,,0,False
b305403a22031eb636446c92,Cálculo Vectorial,2026-2,,0,False
b305403a22031eb636446c92,Electricidad y Magnetismo,2026-2,,0,False
b305403a22031eb636446c92,Física Mecánica,2026-1,3.09,0,False
b305403a22031eb636446c92,Cálculo Integral,2026-1,3.12,3,True
b305403a22031eb636446c92,Cálculo Diferencial,2025-2,3.18,1,True
b305403a22031eb636446c92,Fundamentos de Química,2026-1,3.52,0,False
b305403a22031eb636446c92,Geometría Analítica,2025-2,3.69,1,True
b305403a22031eb636446c92,Álgebra Lineal,2026-1,3.76,0,False
b305403a22031eb636446c92,Fundamentos Matemáticos,2025-2,4.28,0,False
fa423f7a86f2b52d29f56d77,Fundamentos Matemáticos,2025-2,,0,False
4a5b770dae1cdd7159b81e6f,Cálculo Integral,2026-2,,1,True
4a5b770dae1cdd7159b81e6f,Física Mecánica,2026-2,,0,False
4a5b770dae1cdd7159b81e6f,Fundamentos de Química,2026-2,,0,False
4a5b770dae1cdd7159b81e6f,Geometría Analítica,2026-2,,0,False
4a5b770dae1cdd7159b81e6f,Geometría Analítica,2026-1,2.22,2,True
4a5b770dae1cdd7159b81e6f,Cálculo Diferencial,2026-1,2.36,2,True
4a5b770dae1cdd7159b81e6f,Fundamentos de Química,2026-1,2.74,1,True
4a5b770dae1cdd7159b81e6f,Fundamentos Matemáticos,2026-1,3.00,0,False
4a5b770dae1cdd7159b81e6f,Cálculo Diferencial,2026-1,3.04,2,True
4c466e5fcdea05d079512bc8,Fundamentos Matemáticos,2025-2,,0,False
95ec1528cc47c305841d25bc,Fundamentos de Química,2025-2,,0,False
95ec1528cc47c305841d25bc,Cálculo Vectorial,2026-2,,0,False
95ec1528cc47c305841d25bc,Ecuaciones Diferenciales,2026-2,,3,True
95ec1528cc47c305841d25bc,Electricidad y Magnetismo,2026-2,,0,False
95ec1528cc47c305841d25bc,Fundamentos de Química,2025-2,3.55,0,False
95ec1528cc47c305841d25bc,Física Mecánica,2026-1,3.76,0,False
95ec1528cc47c305841d25bc,Cálculo Integral,2026-1,4.01,0,False
95ec1528cc47c305841d25bc,Álgebra Lineal,2026-1,4.56,0,False
54e9a76fc8bc815f57ce6d17,Cálculo Diferencial,2026-1,,1,True
54e9a76fc8bc815f57ce6d17,Fundamentos Matemáticos,2026-1,,0,False
4028ee5fedd50d1335a194b7,Cálculo Diferencial,2026-1,,7,True
4028ee5fedd50d1335a194b7,Fortalecimiento Académico: Matemáticas,2026-1,,0,False
4028ee5fedd50d1335a194b7,Álgebra Lineal,2026-2,,0,False
4028ee5fedd50d1335a194b7,Cálculo Diferencial,2026-2,,0,False
4028ee5fedd50d1335a194b7,Geometría Analítica,2026-1,3.11,9,True
cee45ee7bbbe4546a5485173,Fortalecimiento Académico: Matemáticas,2025-2,,0,False
cee45ee7bbbe4546a5485173,Física Mecánica,2026-1,,0,False
cee45ee7bbbe4546a5485173,Fortalecimiento Académico: Física,2026-1,,0,False
cee45ee7bbbe4546a5485173,Fortalecimiento Académico: Matemáticas,2026-1,,0,False
cee45ee7bbbe4546a5485173,Cálculo Vectorial,2026-2,,0,False
cee45ee7bbbe4546a5485173,Física Mecánica,2026-2,,0,False
cee45ee7bbbe4546a5485173,Fundamentos de Química,2026-1,2.68,0,False
cee45ee7bbbe4546a5485173,Cálculo Diferencial,2025-2,2.86,1,True
cee45ee7bbbe4546a5485173,Geometría Analítica,2025-2,3.28,2,True
cee45ee7bbbe4546a5485173,Cálculo Integral,2026-1,3.36,0,False
cee45ee7bbbe4546a5485173,Cálculo Diferencial,2025-2,3.46,1,True
cee45ee7bbbe4546a5485173,Fundamentos Matemáticos,2025-2,3.51,0,False
cee45ee7bbbe4546a5485173,Álgebra Lineal,2026-1,4.15,0,False
4bcea5bf255f89aace6508fa,Fundamentos Matemáticos,2025-2,4.74,0,False
a4179f864a569ca9e8084ae9,Cálculo Diferencial,2025-2,,0,False
a4179f864a569ca9e8084ae9,Geometría Analítica,2025-2,,0,False
a4179f864a569ca9e8084ae9,Cálculo Diferencial,2026-1,,0,False
a4179f864a569ca9e8084ae9,Geometría Analítica,2026-1,,1,True
7930f0d13ba8321193944411,Fortalecimiento Académico: Matemáticas,2025-2,,0,False
7930f0d13ba8321193944411,Cálculo Vectorial,2026-2,,0,False
7930f0d13ba8321193944411,Ecuaciones Diferenciales,2026-2,,1,True
7930f0d13ba8321193944411,Fundamentos de Química,2025-2,3.83,0,False
7930f0d13ba8321193944411,Cálculo Diferencial,2025-2,3.92,0,False
7930f0d13ba8321193944411,Geometría Analítica,2025-2,4.23,2,True
7930f0d13ba8321193944411,Cálculo Integral,2026-1,4.24,0,False
7930f0d13ba8321193944411,Álgebra Lineal,2026-1,4.71,1,True
834a0ee398b5d5c1fa8e0ef1,Cálculo Diferencial,2025-2,,1,True
834a0ee398b5d5c1fa8e0ef1,Fundamentos Matemáticos,2025-2,,0,False
834a0ee398b5d5c1fa8e0ef1,Geometría Analítica,2025-2,,0,False
1c03caee59cf7b0798fdee14,Cálculo Diferencial,2026-1,,0,False
1c03caee59cf7b0798fdee14,Álgebra Lineal,2026-2,,0,False
1c03caee59cf7b0798fdee14,Cálculo Diferencial,2026-2,,0,False
1c03caee59cf7b0798fdee14,Fundamentos de Química,2026-2,,0,False
1c03caee59cf7b0798fdee14,Cálculo Diferencial,2025-2,0.64,0,False
1c03caee59cf7b0798fdee14,Fundamentos de Química,2025-2,1.40,0,False
1c03caee59cf7b0798fdee14,Fundamentos Matemáticos,2025-2,1.45,0,False
1c03caee59cf7b0798fdee14,Cálculo Diferencial,2026-1,1.58,0,False
1c03caee59cf7b0798fdee14,Geometría Analítica,2025-2,1.91,0,False
1c03caee59cf7b0798fdee14,Fundamentos de Química,2026-1,2.57,0,False
1c03caee59cf7b0798fdee14,Geometría Analítica,2026-1,3.00,0,False
b5f18eed954ea4410b6834c9,Cálculo Diferencial,2026-2,,0,False
b5f18eed954ea4410b6834c9,Física Mecánica,2026-2,,0,False
b5f18eed954ea4410b6834c9,Geometría Analítica,2026-1,3.48,0,False
b5f18eed954ea4410b6834c9,Fundamentos Matemáticos,2025-2,4.94,0,False
237fb44b24c552a9f00d3065,Fundamentos Matemáticos,2026-1,0.00,0,False
a5c6151c4b68727fbc757817,Fundamentos de Química,2026-1,,0,False
a5c6151c4b68727fbc757817,Geometría Analítica,2026-1,,0,False
a5c6151c4b68727fbc757817,Cálculo Diferencial,2026-1,2.30,0,False
45d8f7ae8bb839aacb58c68b,Cálculo Diferencial,2025-2,,0,False
45d8f7ae8bb839aacb58c68b,Fundamentos de Química,2025-2,,0,False
45d8f7ae8bb839aacb58c68b,Fundamentos Matemáticos,2025-2,,0,False
45d8f7ae8bb839aacb58c68b,Geometría Analítica,2025-2,,0,False
42cae28e55241c453c12027e,Cálculo Diferencial,2025-2,,0,False
42cae28e55241c453c12027e,Cálculo Diferencial,2026-2,,0,False
42cae28e55241c453c12027e,Fundamentos de Química,2026-2,,0,False
42cae28e55241c453c12027e,Geometría Analítica,2026-2,,0,False
42cae28e55241c453c12027e,Cálculo Diferencial,2025-2,0.00,0,False
42cae28e55241c453c12027e,Fundamentos de Química,2025-2,0.00,0,False
42cae28e55241c453c12027e,Geometría Analítica,2025-2,0.00,0,False
42cae28e55241c453c12027e,Cálculo Diferencial,2026-1,0.00,0,False
42cae28e55241c453c12027e,Fundamentos de Química,2026-1,0.00,0,False
42cae28e55241c453c12027e,Geometría Analítica,2026-1,0.00,0,False
e619b3f46f232d9723baa9d2,Fortalecimiento Académico: Matemáticas,2025-2,,0,False
e619b3f46f232d9723baa9d2,Fortalecimiento Académico: Matemáticas,2026-1,,0,False
e619b3f46f232d9723baa9d2,Fortalecimiento Académico: Matemáticas,2026-2,,0,False
bb8dd62ba0f64b0230d8ad5c,Cálculo Integral,2026-2,,0,False
bb8dd62ba0f64b0230d8ad5c,Fortalecimiento Académico: Matemáticas,2026-2,,0,False
bb8dd62ba0f64b0230d8ad5c,Geometría Analítica,2026-2,,0,False
bb8dd62ba0f64b0230d8ad5c,Cálculo Diferencial,2026-1,3.80,2,True
271f3a1fe6076e34081897ab,Fundamentos de Química,2025-2,,0,False
271f3a1fe6076e34081897ab,Cálculo Diferencial,2025-2,1.26,0,False
271f3a1fe6076e34081897ab,Geometría Analítica,2025-2,2.53,1,True
a60efd37ce30c5763c31c77b,Álgebra Lineal,2026-2,,0,False
a60efd37ce30c5763c31c77b,Cálculo Vectorial,2026-2,,0,False
a60efd37ce30c5763c31c77b,Álgebra Lineal,2026-1,1.97,0,False
a60efd37ce30c5763c31c77b,Cálculo Integral,2026-1,3.04,0,False
a60efd37ce30c5763c31c77b,Cálculo Diferencial,2025-2,3.05,0,False
a60efd37ce30c5763c31c77b,Geometría Analítica,2025-2,3.12,0,False
a60efd37ce30c5763c31c77b,Fundamentos Matemáticos,2025-2,3.62,0,False
a60efd37ce30c5763c31c77b,Fundamentos de Química,2025-2,3.63,0,False
372085f10d408b574257582b,Cálculo Diferencial,2025-2,,0,False
372085f10d408b574257582b,Geometría Analítica,2025-2,,0,False
372085f10d408b574257582b,Cálculo Diferencial,2026-1,,0,False
372085f10d408b574257582b,Geometría Analítica,2026-1,,0,False
d991682cb653837ef68efba8,Cálculo Integral,2025-2,,0,False
d991682cb653837ef68efba8,Fundamentos de Química,2025-2,,0,False
d991682cb653837ef68efba8,Fundamentos de Química,2025-2,3.26,0,False
d991682cb653837ef68efba8,Geometría Analítica,2025-2,3.33,0,False
d991682cb653837ef68efba8,Fundamentos Matemáticos,2026-1,3.90,0,False
d991682cb653837ef68efba8,Cálculo Diferencial,2025-2,4.20,0,False
2b69970b16abf461d37a12ff,Fundamentos Matemáticos,2025-2,,0,False
e90dcf54b1ebf7b8bd07a8e4,Cálculo Integral,2026-2,,0,False
e90dcf54b1ebf7b8bd07a8e4,Fortalecimiento Académico: Matemáticas,2026-2,,0,False
e90dcf54b1ebf7b8bd07a8e4,Cálculo Diferencial,2026-1,3.94,0,False
e90dcf54b1ebf7b8bd07a8e4,Geometría Analítica,2026-1,3.99,0,False
bcf4c314db24316dfb2cd92c,Cálculo Diferencial,2025-2,,0,False
bcf4c314db24316dfb2cd92c,Fundamentos Matemáticos,2025-2,,0,False
bcf4c314db24316dfb2cd92c,Geometría Analítica,2025-2,,0,False
567b63169d21f7c6acbb9227,Geometría Analítica,2026-1,,1,True
567b63169d21f7c6acbb9227,Cálculo Diferencial,2026-2,,0,False
567b63169d21f7c6acbb9227,Fundamentos de Química,2026-2,,0,False
567b63169d21f7c6acbb9227,Geometría Analítica,2026-2,,0,False
567b63169d21f7c6acbb9227,Cálculo Diferencial,2026-1,1.81,2,True
567b63169d21f7c6acbb9227,Fundamentos de Química,2026-1,2.19,1,True
18733082ec442e2a0b325701,Fortalecimiento Académico: Matemáticas,2026-1,,0,False
45dac2eabbcdc2c59f9ac461,Cálculo Diferencial,2025-2,,0,False
45dac2eabbcdc2c59f9ac461,Geometría Analítica,2025-2,,0,False
45dac2eabbcdc2c59f9ac461,Fundamentos de Química,2025-2,2.08,0,False
84df1cdfc5b1b65ceab64c5c,Física Mecánica,2026-1,3.21,5,True
84df1cdfc5b1b65ceab64c5c,Cálculo Diferencial,2025-2,3.52,0,False
84df1cdfc5b1b65ceab64c5c,Geometría Analítica,2025-2,3.80,0,False
1dd39c165d535ce0e0cb22cf,Fortalecimiento Académico: Matemáticas,2026-2,,0,False
0773badd1ded6bc1565f9177,Cálculo Diferencial,2026-1,,0,False
0773badd1ded6bc1565f9177,Geometría Analítica,2026-1,,0,False
8b2d739ce38b1fba5d621bfb,Fortalecimiento Académico: Matemáticas,2026-1,,0,False
8b2d739ce38b1fba5d621bfb,Geometría Analítica,2026-1,,0,False
8b2d739ce38b1fba5d621bfb,Cálculo Diferencial,2026-1,0.61,0,False
2a07986c074050f99015795b,Geometría Analítica,2025-2,,1,True
2a07986c074050f99015795b,Cálculo Diferencial,2026-2,,0,False
f28e4de93b53699d13312c55,Fortalecimiento Académico: Matemáticas,2025-2,,0,False
f28e4de93b53699d13312c55,Fundamentos Matemáticos,2025-2,,0,False
f28e4de93b53699d13312c55,Geometría Analítica,2025-2,,0,False
f28e4de93b53699d13312c55,Fortalecimiento Académico: Matemáticas,2026-1,,0,False
f28e4de93b53699d13312c55,Álgebra Lineal,2026-2,,0,False
f28e4de93b53699d13312c55,Cálculo Integral,2026-2,,1,True
f28e4de93b53699d13312c55,Fortalecimiento Académico: Matemáticas,2026-2,,0,False
f28e4de93b53699d13312c55,Cálculo Diferencial,2025-2,1.64,0,False
f28e4de93b53699d13312c55,Fundamentos de Química,2025-2,2.00,0,False
f28e4de93b53699d13312c55,Cálculo Diferencial,2025-2,2.14,0,False
f28e4de93b53699d13312c55,Fundamentos Matemáticos,2025-2,3.00,0,False
f28e4de93b53699d13312c55,Cálculo Diferencial,2026-1,3.00,0,False
f28e4de93b53699d13312c55,Fundamentos de Química,2026-1,3.02,0,False
f28e4de93b53699d13312c55,Geometría Analítica,2026-1,3.29,0,False
3f1c04b72831644b03024e7e,Cálculo Diferencial,2026-1,,1,True
3f1c04b72831644b03024e7e,Cálculo Diferencial,2026-2,,0,False
3f1c04b72831644b03024e7e,Fortalecimiento Académico: Matemáticas,2026-2,,0,False
3f1c04b72831644b03024e7e,Geometría Analítica,2026-2,,0,False
3f1c04b72831644b03024e7e,Fundamentos Matemáticos,2026-1,2.10,0,False
9634d8c403c0337ed6033e83,Cálculo Diferencial,2026-1,,2,True
9634d8c403c0337ed6033e83,Geometría Analítica,2026-1,,0,False
9634d8c403c0337ed6033e83,Álgebra Lineal,2026-2,,0,False
9634d8c403c0337ed6033e83,Cálculo Integral,2026-2,,0,False
9634d8c403c0337ed6033e83,Fortalecimiento Académico: Matemáticas,2026-2,,0,False
9634d8c403c0337ed6033e83,Geometría Analítica,2026-2,,0,False
9634d8c403c0337ed6033e83,Geometría Analítica,2026-1,2.32,0,False
9634d8c403c0337ed6033e83,Geometría Analítica,2026-1,2.77,0,False
9634d8c403c0337ed6033e83,Cálculo Diferencial,2026-1,3.03,2,True
9634d8c403c0337ed6033e83,Fundamentos Matemáticos,2026-1,3.28,0,False
9634d8c403c0337ed6033e83,Fundamentos de Química,2026-1,3.29,0,False
d1180eba8642256be7ecfac0,Cálculo Integral,2026-2,,0,False
d1180eba8642256be7ecfac0,Ecuaciones Diferenciales,2026-2,,0,False
d1180eba8642256be7ecfac0,Electricidad y Magnetismo,2026-2,,1,True
d1180eba8642256be7ecfac0,Cálculo Integral,2026-1,2.58,0,False
d1180eba8642256be7ecfac0,Fundamentos de Química,2025-2,3.00,0,False
d1180eba8642256be7ecfac0,Geometría Analítica,2025-2,3.00,0,False
d1180eba8642256be7ecfac0,Física Mecánica,2026-1,3.01,0,False
d1180eba8642256be7ecfac0,Álgebra Lineal,2026-1,3.05,0,False
d1180eba8642256be7ecfac0,Cálculo Diferencial,2025-2,3.17,0,False
eb52ab6fb914233da20f5d40,Ecuaciones Diferenciales,2025-2,,0,False
eb52ab6fb914233da20f5d40,Ecuaciones Diferenciales,2026-1,3.55,2,True
2616c729f6b19b5a43633353,Cálculo Diferencial,2026-1,,3,True
2616c729f6b19b5a43633353,Fortalecimiento Académico: Matemáticas,2026-1,,0,False
2616c729f6b19b5a43633353,Geometría Analítica,2026-1,,3,True
2616c729f6b19b5a43633353,Cálculo Integral,2026-2,,2,True
2616c729f6b19b5a43633353,Fortalecimiento Académico: Matemáticas,2026-2,,0,False
2616c729f6b19b5a43633353,Geometría Analítica,2026-2,,0,False
2616c729f6b19b5a43633353,Fundamentos Matemáticos,2026-1,3.92,0,False
2616c729f6b19b5a43633353,Cálculo Diferencial,2026-1,4.00,3,True
4573294439841336930d6495,Fortalecimiento Académico: Matemáticas,2026-1,,0,False
4573294439841336930d6495,Física Mecánica,2026-2,,1,True
4573294439841336930d6495,Cálculo Diferencial,2026-1,3.44,2,True
4573294439841336930d6495,Geometría Analítica,2026-1,3.62,3,True
efffc50c340047e52d8dfc18,Fundamentos Matemáticos,2026-1,,0,False
efffc50c340047e52d8dfc18,Cálculo Diferencial,2026-1,3.79,0,False
9a807838bb947c4d9574f56b,Cálculo Diferencial,2026-1,,0,False
9a807838bb947c4d9574f56b,Geometría Analítica,2026-2,,0,False
9a807838bb947c4d9574f56b,Cálculo Diferencial,2026-1,1.31,0,False
9a807838bb947c4d9574f56b,Geometría Analítica,2026-1,2.18,0,False
1ff964c833a78ae18f85af13,Álgebra Lineal,2026-2,,0,False
1ff964c833a78ae18f85af13,Cálculo Integral,2026-2,,0,False
1ff964c833a78ae18f85af13,Fortalecimiento Académico: Matemáticas,2026-2,,0,False
1ff964c833a78ae18f85af13,Geometría Analítica,2026-1,3.03,1,True
1ff964c833a78ae18f85af13,Cálculo Diferencial,2026-1,3.21,1,True
1ff964c833a78ae18f85af13,Fundamentos de Química,2026-1,3.47,0,False
1ff964c833a78ae18f85af13,Fundamentos Matemáticos,2026-1,3.83,1,True
654a340c487725cc08f58551,Cálculo Diferencial,2026-1,,0,False
654a340c487725cc08f58551,Geometría Analítica,2026-1,,0,False
8a6f168a151e1b6579ab611d,Cálculo Diferencial,2026-1,,0,False
8a6f168a151e1b6579ab611d,Fundamentos de Química,2026-1,,0,False
8a6f168a151e1b6579ab611d,Geometría Analítica,2026-1,,0,False
8a6f168a151e1b6579ab611d,Fundamentos de Química,2026-2,,0,False
8a6f168a151e1b6579ab611d,Geometría Analítica,2026-2,,0,False
b071e181b70f9b7751df190b,Cálculo Integral,2026-2,,0,False
b071e181b70f9b7751df190b,Física Mecánica,2026-2,,0,False
b071e181b70f9b7751df190b,Fortalecimiento Académico: Matemáticas,2026-2,,0,False
b071e181b70f9b7751df190b,Geometría Analítica,2026-1,3.32,0,False
b071e181b70f9b7751df190b,Cálculo Diferencial,2026-1,3.78,1,True
44fb6ffac6a6da21490fd4c3,Álgebra Lineal,2026-2,,0,False
44fb6ffac6a6da21490fd4c3,Cálculo Integral,2026-2,,1,True
44fb6ffac6a6da21490fd4c3,Física Mecánica,2026-2,,0,False
44fb6ffac6a6da21490fd4c3,Geometría Analítica,2026-1,3.95,4,True
44fb6ffac6a6da21490fd4c3,Fundamentos de Química,2026-1,3.98,1,True
44fb6ffac6a6da21490fd4c3,Cálculo Diferencial,2026-1,4.45,4,True
44fb6ffac6a6da21490fd4c3,Fundamentos Matemáticos,2026-1,4.70,0,False
679b2ae0055038ed1c48282b,Cálculo Diferencial,2026-1,,0,False
679b2ae0055038ed1c48282b,Fundamentos de Química,2026-1,,0,False
679b2ae0055038ed1c48282b,Fundamentos Matemáticos,2026-1,,0,False
679b2ae0055038ed1c48282b,Geometría Analítica,2026-1,,0,False
27a55e14bc762e0f93319f32,Cálculo Diferencial,2026-2,,2,True
27a55e14bc762e0f93319f32,Geometría Analítica,2026-2,,1,True
34d0bf77720422136c472cec,Cálculo Diferencial,2026-1,,0,False
34d0bf77720422136c472cec,Fundamentos de Química,2026-1,,0,False
34d0bf77720422136c472cec,Geometría Analítica,2026-1,,0,False
34d0bf77720422136c472cec,Álgebra Lineal,2026-2,,0,False
34d0bf77720422136c472cec,Cálculo Integral,2026-2,,0,False
34d0bf77720422136c472cec,Física Mecánica,2026-2,,0,False
34d0bf77720422136c472cec,Fundamentos de Química,2026-2,,0,False
34d0bf77720422136c472cec,Fundamentos Matemáticos,2026-1,3.00,0,False
34d0bf77720422136c472cec,Cálculo Diferencial,2026-1,3.13,0,False
34d0bf77720422136c472cec,Geometría Analítica,2026-1,3.26,0,False
88fe248b88affcf308eab43a,Cálculo Diferencial,2026-1,,1,True
88fe248b88affcf308eab43a,Geometría Analítica,2026-1,,1,True
88fe248b88affcf308eab43a,Álgebra Lineal,2026-2,,1,True
88fe248b88affcf308eab43a,Cálculo Integral,2026-2,,1,True
88fe248b88affcf308eab43a,Física Mecánica,2026-2,,0,False
88fe248b88affcf308eab43a,Cálculo Diferencial,2026-1,3.15,1,True
88fe248b88affcf308eab43a,Fundamentos de Química,2026-1,3.33,0,False
88fe248b88affcf308eab43a,Geometría Analítica,2026-1,3.36,1,True
88fe248b88affcf308eab43a,Fundamentos Matemáticos,2026-1,4.30,0,False
797b46f0f8b6226a1e569a96,Fortalecimiento Académico: Matemáticas,2026-1,,0,False
797b46f0f8b6226a1e569a96,Fundamentos de Química,2026-1,,2,True
797b46f0f8b6226a1e569a96,Geometría Analítica,2026-1,,7,True
797b46f0f8b6226a1e569a96,Álgebra Lineal,2026-2,,0,False
797b46f0f8b6226a1e569a96,Cálculo Integral,2026-2,,1,True
797b46f0f8b6226a1e569a96,Física Mecánica,2026-2,,0,False
797b46f0f8b6226a1e569a96,Cálculo Diferencial,2026-1,3.02,5,True
797b46f0f8b6226a1e569a96,Geometría Analítica,2026-1,3.75,7,True
797b46f0f8b6226a1e569a96,Fundamentos Matemáticos,2026-1,4.50,1,True
797b46f0f8b6226a1e569a96,Fundamentos de Química,2026-1,4.54,2,True
112fc6725a39d861a1dbd644,Cálculo Integral,2026-2,,0,False
112fc6725a39d861a1dbd644,Física Mecánica,2026-2,,0,False
112fc6725a39d861a1dbd644,Geometría Analítica,2026-1,3.77,0,False
112fc6725a39d861a1dbd644,Cálculo Diferencial,2026-1,3.99,0,False
3ce38cfe2ce455298b4a33df,Cálculo Integral,2026-2,,0,False
3ce38cfe2ce455298b4a33df,Física Mecánica,2026-2,,0,False
3ce38cfe2ce455298b4a33df,Cálculo Diferencial,2026-1,3.35,0,False
3ce38cfe2ce455298b4a33df,Geometría Analítica,2026-1,4.03,0,False
9f1d24cb1f1c66d505234934,Álgebra Lineal,2026-2,,0,False
9f1d24cb1f1c66d505234934,Cálculo Integral,2026-2,,0,False
9f1d24cb1f1c66d505234934,Física Mecánica,2026-2,,0,False
9f1d24cb1f1c66d505234934,Fundamentos de Química,2026-1,3.27,1,True
9f1d24cb1f1c66d505234934,Geometría Analítica,2026-1,3.42,0,False
9f1d24cb1f1c66d505234934,Cálculo Diferencial,2026-1,3.93,0,False
9f1d24cb1f1c66d505234934,Fundamentos Matemáticos,2026-1,4.20,0,False
1f2d32a803151e79b2f41a8c,Cálculo Integral,2026-2,,0,False
1f2d32a803151e79b2f41a8c,Física Mecánica,2026-2,,0,False
1f2d32a803151e79b2f41a8c,Geometría Analítica,2026-1,3.05,2,True
1f2d32a803151e79b2f41a8c,Cálculo Diferencial,2026-1,3.10,2,True
1f2d32a803151e79b2f41a8c,Fundamentos Matemáticos,2026-1,3.40,0,False
584053f35253153286745637,Cálculo Integral,2026-2,,0,False
584053f35253153286745637,Física Mecánica,2026-2,,0,False
584053f35253153286745637,Fortalecimiento Académico: Matemáticas,2026-2,,0,False
584053f35253153286745637,Geometría Analítica,2026-1,2.81,0,False
584053f35253153286745637,Cálculo Diferencial,2026-1,3.00,0,False
72b6d608825238854d480f0c,Fortalecimiento Académico: Matemáticas,2026-1,,0,False
72b6d608825238854d480f0c,Álgebra Lineal,2026-2,,1,True
72b6d608825238854d480f0c,Cálculo Diferencial,2026-1,1.37,1,True
72b6d608825238854d480f0c,Geometría Analítica,2026-1,3.02,1,True
4e5762fff1d43168d2eb85ef,Cálculo Diferencial,2026-1,,0,False
4e5762fff1d43168d2eb85ef,Geometría Analítica,2026-1,,1,True
4e5762fff1d43168d2eb85ef,Cálculo Diferencial,2026-2,,0,False
4e5762fff1d43168d2eb85ef,Fortalecimiento Académico: Matemáticas,2026-2,,0,False
9cb9c11c06a6f8d7a356c51d,Cálculo Diferencial,2026-1,,0,False
9cb9c11c06a6f8d7a356c51d,Cálculo Integral,2026-2,,0,False
9cb9c11c06a6f8d7a356c51d,Física Mecánica,2026-2,,0,False
9cb9c11c06a6f8d7a356c51d,Fortalecimiento Académico: Matemáticas,2026-2,,0,False
9cb9c11c06a6f8d7a356c51d,Geometría Analítica,2026-1,3.15,4,True
9cb9c11c06a6f8d7a356c51d,Cálculo Diferencial,2026-1,3.29,0,False
0435861296a3df0397ce6577,Álgebra Lineal,2026-2,,0,False
0435861296a3df0397ce6577,Cálculo Integral,2026-2,,0,False
0435861296a3df0397ce6577,Cálculo Diferencial,2026-1,4.36,2,True
0435861296a3df0397ce6577,Fundamentos de Química,2026-1,4.48,1,True
0435861296a3df0397ce6577,Geometría Analítica,2026-1,4.75,2,True
0435861296a3df0397ce6577,Fundamentos Matemáticos,2026-1,5.00,0,False
323d707f33c3adcd37b20ba3,Cálculo Diferencial,2026-1,,0,False
323d707f33c3adcd37b20ba3,Cálculo Integral,2026-2,,0,False
323d707f33c3adcd37b20ba3,Geometría Analítica,2026-1,2.48,0,False
323d707f33c3adcd37b20ba3,Cálculo Diferencial,2026-1,3.37,0,False
5e89ac2494e444698d21e3e5,Fortalecimiento Académico: Matemáticas,2026-2,,0,False
a039224604968d1e7f986f16,Álgebra Lineal,2026-2,,0,False
a039224604968d1e7f986f16,Cálculo Integral,2026-2,,1,True
a039224604968d1e7f986f16,Física Mecánica,2026-2,,0,False
a039224604968d1e7f986f16,Fortalecimiento Académico: Matemáticas,2026-2,,0,False
a039224604968d1e7f986f16,Geometría Analítica,2026-1,3.87,0,False
a039224604968d1e7f986f16,Cálculo Diferencial,2026-1,3.94,0,False
a039224604968d1e7f986f16,Fundamentos de Química,2026-1,4.21,1,True
405c593f4a2494b886037e08,Geometría Analítica,2026-1,,0,False
405c593f4a2494b886037e08,Cálculo Diferencial,2026-2,,3,True
405c593f4a2494b886037e08,Fortalecimiento Académico: Matemáticas,2026-2,,0,False
405c593f4a2494b886037e08,Cálculo Diferencial,2026-1,1.93,5,True
405c593f4a2494b886037e08,Geometría Analítica,2026-1,2.77,0,False
405c593f4a2494b886037e08,Fundamentos Matemáticos,2026-1,3.20,0,False
bb86e6949be5dc5b740f9165,Álgebra Lineal,2026-2,,0,False
bb86e6949be5dc5b740f9165,Cálculo Integral,2026-2,,0,False
bb86e6949be5dc5b740f9165,Física Mecánica,2026-2,,0,False
bb86e6949be5dc5b740f9165,Fortalecimiento Académico: Matemáticas,2026-2,,0,False
bb86e6949be5dc5b740f9165,Fundamentos de Química,2026-1,3.00,0,False
bb86e6949be5dc5b740f9165,Geometría Analítica,2026-1,3.00,0,False
bb86e6949be5dc5b740f9165,Cálculo Diferencial,2026-1,3.13,3,True
90cfc11c3eb54d3c88e946eb,Cálculo Integral,2026-2,,0,False
90cfc11c3eb54d3c88e946eb,Geometría Analítica,2026-2,,0,False
90cfc11c3eb54d3c88e946eb,Cálculo Diferencial,2026-1,3.34,0,False
90cfc11c3eb54d3c88e946eb,Fundamentos Matemáticos,2026-1,3.62,0,False
a9307d12e8e1305992683750,Cálculo Diferencial,2026-1,,0,False
a9307d12e8e1305992683750,Fortalecimiento Académico: Matemáticas,2026-1,,0,False
a9307d12e8e1305992683750,Geometría Analítica,2026-1,,0,False
a9307d12e8e1305992683750,Cálculo Diferencial,2026-2,,0,False
a9307d12e8e1305992683750,Geometría Analítica,2026-2,,0,False
b365bebdae79481c41832d6f,Cálculo Diferencial,2026-1,,0,False
b365bebdae79481c41832d6f,Cálculo Diferencial,2026-2,,0,False
b365bebdae79481c41832d6f,Fundamentos Matemáticos,2026-1,3.10,0,False
bd7e394fa1530d2265a377fc,Fortalecimiento Académico: Matemáticas,2026-1,,0,False
bd7e394fa1530d2265a377fc,Cálculo Integral,2026-2,,0,False
bd7e394fa1530d2265a377fc,Física Mecánica,2026-2,,0,False
bd7e394fa1530d2265a377fc,Geometría Analítica,2026-1,3.49,0,False
bd7e394fa1530d2265a377fc,Cálculo Diferencial,2026-1,4.14,0,False
880da370abe67bf4917d3b17,Cálculo Diferencial,2026-1,,1,True
880da370abe67bf4917d3b17,Geometría Analítica,2026-1,,0,False
880da370abe67bf4917d3b17,Geometría Analítica,2026-2,,1,True
16acfe5ab1911cfa423e7d8f,Geometría Analítica,2026-1,3.18,1,True
16acfe5ab1911cfa423e7d8f,Fundamentos de Química,2026-1,3.47,0,False
16acfe5ab1911cfa423e7d8f,Cálculo Diferencial,2026-1,4.04,0,False
15dd4c381bf9f5698112dd30,Cálculo Diferencial,2026-1,,0,False
15dd4c381bf9f5698112dd30,Geometría Analítica,2026-1,,0,False
15dd4c381bf9f5698112dd30,Cálculo Diferencial,2026-2,,0,False
15dd4c381bf9f5698112dd30,Fortalecimiento Académico: Matemáticas,2026-2,,0,False
540cd8882419b5983da01245,Cálculo Diferencial,2026-2,,0,False
540cd8882419b5983da01245,Geometría Analítica,2026-2,,0,False
540cd8882419b5983da01245,Geometría Analítica,2026-1,2.74,0,False
540cd8882419b5983da01245,Cálculo Diferencial,2026-1,2.76,0,False
50a95e859f307b3e226eb9c4,Álgebra Lineal,2026-2,,1,True
50a95e859f307b3e226eb9c4,Cálculo Integral,2026-2,,1,True
50a95e859f307b3e226eb9c4,Fortalecimiento Académico: Matemáticas,2026-2,,0,False
50a95e859f307b3e226eb9c4,Cálculo Diferencial,2026-1,3.77,1,True
50a95e859f307b3e226eb9c4,Fundamentos de Química,2026-1,3.84,1,True
50a95e859f307b3e226eb9c4,Geometría Analítica,2026-1,4.10,3,True
abc596fd74fec2b3d2a971e7,Fortalecimiento Académico: Matemáticas,2026-1,,0,False
c8e14224ffa74267d5ce2862,Fortalecimiento Académico: Matemáticas,2026-1,,0,False
c8e14224ffa74267d5ce2862,Fortalecimiento Académico: Matemáticas,2026-2,,0,False
f59ce8b2c128665fe0960392,Álgebra Lineal,2026-2,,0,False
f59ce8b2c128665fe0960392,Cálculo Integral,2026-2,,1,True
f59ce8b2c128665fe0960392,Física Mecánica,2026-2,,0,False
f59ce8b2c128665fe0960392,Cálculo Diferencial,2026-1,3.05,0,False
f59ce8b2c128665fe0960392,Geometría Analítica,2026-1,3.43,0,False
f59ce8b2c128665fe0960392,Fundamentos de Química,2026-1,4.02,0,False
bef0de2925d9d8d0dafe57e5,Fortalecimiento Académico: Matemáticas,2026-1,,0,False
bef0de2925d9d8d0dafe57e5,Álgebra Lineal,2026-2,,0,False
bef0de2925d9d8d0dafe57e5,Cálculo Integral,2026-2,,0,False
bef0de2925d9d8d0dafe57e5,Física Mecánica,2026-2,,0,False
bef0de2925d9d8d0dafe57e5,Geometría Analítica,2026-1,3.67,3,True
bef0de2925d9d8d0dafe57e5,Fundamentos de Química,2026-1,3.93,1,True
bef0de2925d9d8d0dafe57e5,Fundamentos Matemáticos,2026-1,4.20,0,False
bef0de2925d9d8d0dafe57e5,Cálculo Diferencial,2026-1,4.31,2,True
a6dcd0c9fb9c67bd4f363b32,Cálculo Diferencial,2026-1,,0,False
a6dcd0c9fb9c67bd4f363b32,Cálculo Diferencial,2026-2,,0,False
a6dcd0c9fb9c67bd4f363b32,Geometría Analítica,2026-2,,0,False
a6dcd0c9fb9c67bd4f363b32,Geometría Analítica,2026-1,2.32,0,False
6a774c38d68fbbe643d91e71,Cálculo Integral,2026-2,,0,False
6a774c38d68fbbe643d91e71,Física Mecánica,2026-2,,0,False
6a774c38d68fbbe643d91e71,Cálculo Diferencial,2026-1,3.67,0,False
6a774c38d68fbbe643d91e71,Geometría Analítica,2026-1,3.86,0,False
6a774c38d68fbbe643d91e71,Fundamentos Matemáticos,2026-1,4.10,0,False
87347eaadf008a6073021b89,Geometría Analítica,2026-2,,0,False
87347eaadf008a6073021b89,Fundamentos Matemáticos,2026-1,5.00,0,False
d71ea9b28c92d815dc791b17,Fortalecimiento Académico: Matemáticas,2026-1,,0,False
d71ea9b28c92d815dc791b17,Álgebra Lineal,2026-2,,0,False
d71ea9b28c92d815dc791b17,Cálculo Integral,2026-2,,0,False
d71ea9b28c92d815dc791b17,Geometría Analítica,2026-1,3.45,2,True
d71ea9b28c92d815dc791b17,Fundamentos de Química,2026-1,3.69,0,False
d71ea9b28c92d815dc791b17,Cálculo Diferencial,2026-1,3.87,1,True
d71ea9b28c92d815dc791b17,Fundamentos Matemáticos,2026-1,4.02,1,True
1577788b9d287f694d026b1c,Cálculo Integral,2026-2,,0,False
1577788b9d287f694d026b1c,Física Mecánica,2026-2,,0,False
1577788b9d287f694d026b1c,Fundamentos Matemáticos,2026-1,3.50,0,False
1577788b9d287f694d026b1c,Geometría Analítica,2026-1,3.59,0,False
1577788b9d287f694d026b1c,Cálculo Diferencial,2026-1,4.02,1,True
c188343fc9c35611bdcdfd7a,Geometría Analítica,2026-1,0.59,0,False
c188343fc9c35611bdcdfd7a,Fundamentos de Química,2026-1,0.61,0,False
c188343fc9c35611bdcdfd7a,Cálculo Diferencial,2026-1,1.09,1,True
b1b0225905be271d6354a539,Cálculo Diferencial,2026-1,,0,False
b1b0225905be271d6354a539,Geometría Analítica,2026-1,,0,False
b1b0225905be271d6354a539,Álgebra Lineal,2026-2,,0,False
b1b0225905be271d6354a539,Cálculo Integral,2026-2,,1,True
b1b0225905be271d6354a539,Física Mecánica,2026-2,,0,False
b1b0225905be271d6354a539,Cálculo Diferencial,2026-1,3.04,0,False
b1b0225905be271d6354a539,Geometría Analítica,2026-1,3.19,0,False
b1b0225905be271d6354a539,Fundamentos Matemáticos,2026-1,4.50,0,False
671c8ee6e33b532504decc89,Álgebra Lineal,2026-2,,0,False
671c8ee6e33b532504decc89,Cálculo Integral,2026-2,,1,True
671c8ee6e33b532504decc89,Fortalecimiento Académico: Matemáticas,2026-2,,0,False
671c8ee6e33b532504decc89,Cálculo Diferencial,2026-1,3.14,1,True
671c8ee6e33b532504decc89,Fundamentos Matemáticos,2026-1,3.34,1,True
671c8ee6e33b532504decc89,Fundamentos de Química,2026-1,3.36,0,False
671c8ee6e33b532504decc89,Geometría Analítica,2026-1,3.50,2,True
3187478c06425d677e31a359,Álgebra Lineal,2026-2,,1,True
3187478c06425d677e31a359,Cálculo Integral,2026-2,,7,True
3187478c06425d677e31a359,Física Mecánica,2026-2,,0,False
3187478c06425d677e31a359,Fortalecimiento Académico: Matemáticas,2026-2,,0,False
3187478c06425d677e31a359,Cálculo Diferencial,2026-1,2.79,3,True
3187478c06425d677e31a359,Geometría Analítica,2026-1,3.02,4,True
3187478c06425d677e31a359,Fundamentos Matemáticos,2026-1,3.40,0,False
3187478c06425d677e31a359,Fundamentos de Química,2026-1,3.90,1,True
3187478c06425d677e31a359,Cálculo Diferencial,2026-1,4.02,3,True
eb52773d7907f5fb3e883281,Álgebra Lineal,2026-2,,0,False
eb52773d7907f5fb3e883281,Cálculo Integral,2026-2,,0,False
eb52773d7907f5fb3e883281,Fortalecimiento Académico: Matemáticas,2026-2,,0,False
eb52773d7907f5fb3e883281,Geometría Analítica,2026-1,2.57,0,False
eb52773d7907f5fb3e883281,Fundamentos Matemáticos,2026-1,2.65,0,False
eb52773d7907f5fb3e883281,Cálculo Diferencial,2026-1,3.02,0,False
eb52773d7907f5fb3e883281,Geometría Analítica,2026-1,3.04,0,False
eb52773d7907f5fb3e883281,Fundamentos de Química,2026-1,3.29,0,False
d70b2240f37fb4b022793837,Cálculo Diferencial,2026-2,,0,False
d70b2240f37fb4b022793837,Fortalecimiento Académico: Matemáticas,2026-2,,0,False
d70b2240f37fb4b022793837,Geometría Analítica,2026-2,,1,True
d70b2240f37fb4b022793837,Cálculo Diferencial,2026-1,1.98,1,True
d70b2240f37fb4b022793837,Fundamentos Matemáticos,2026-1,4.00,0,False
f9bf92f525cf948f4181ea72,Cálculo Diferencial,2026-1,,0,False
f9bf92f525cf948f4181ea72,Fortalecimiento Académico: Matemáticas,2026-1,,0,False
f9bf92f525cf948f4181ea72,Fundamentos Matemáticos,2026-1,,0,False
f9bf92f525cf948f4181ea72,Geometría Analítica,2026-1,,1,True
f9bf92f525cf948f4181ea72,Álgebra Lineal,2026-2,,0,False
f9bf92f525cf948f4181ea72,Cálculo Diferencial,2026-2,,0,False
f9bf92f525cf948f4181ea72,Geometría Analítica,2026-1,2.50,1,True
f9bf92f525cf948f4181ea72,Cálculo Diferencial,2026-1,2.57,0,False
f9bf92f525cf948f4181ea72,Fundamentos de Química,2026-1,3.02,0,False
646a9b584d7580cf9ccfe5f5,Fundamentos de Química,2026-1,4.34,0,False
646a9b584d7580cf9ccfe5f5,Geometría Analítica,2026-1,4.50,0,False
646a9b584d7580cf9ccfe5f5,Cálculo Diferencial,2026-1,4.52,0,False
580661d713618d33a92d5e90,Cálculo Diferencial,2026-1,,0,False
580661d713618d33a92d5e90,Cálculo Diferencial,2026-2,,0,False
580661d713618d33a92d5e90,Geometría Analítica,2026-1,0.38,0,False
580661d713618d33a92d5e90,Fundamentos de Química,2026-1,1.22,0,False
bda0e310d7f4182983b44cb5,Fortalecimiento Académico: Matemáticas,2026-1,,0,False
bda0e310d7f4182983b44cb5,Geometría Analítica,2026-1,,0,False
bda0e310d7f4182983b44cb5,Cálculo Diferencial,2026-2,,0,False
bda0e310d7f4182983b44cb5,Cálculo Diferencial,2026-1,1.42,0,False
bda0e310d7f4182983b44cb5,Cálculo Diferencial,2026-1,1.57,0,False
2fd2207886170b6949a3defe,Álgebra Lineal,2026-2,,0,False
2fd2207886170b6949a3defe,Cálculo Integral,2026-2,,0,False
2fd2207886170b6949a3defe,Física Mecánica,2026-2,,0,False
2fd2207886170b6949a3defe,Fundamentos de Química,2026-2,,0,False
2fd2207886170b6949a3defe,Cálculo Diferencial,2026-1,3.25,1,True
2fd2207886170b6949a3defe,Geometría Analítica,2026-1,4.05,0,False
2fd2207886170b6949a3defe,Fundamentos Matemáticos,2026-1,4.10,0,False
3f067cf963afa5b3c321207f,Cálculo Integral,2026-2,,0,False
3f067cf963afa5b3c321207f,Cálculo Diferencial,2026-1,3.35,0,False
3f067cf963afa5b3c321207f,Geometría Analítica,2026-1,3.64,2,True
3f067cf963afa5b3c321207f,Fundamentos de Química,2026-1,3.78,0,False
3f067cf963afa5b3c321207f,Fundamentos Matemáticos,2026-1,3.85,1,True
3f067cf963afa5b3c321207f,Álgebra Lineal,2026-1,4.76,0,False
ecd8a318a77c4a534a666a9e,Cálculo Diferencial,2026-1,,0,False
ecd8a318a77c4a534a666a9e,Álgebra Lineal,2026-2,,0,False
ecd8a318a77c4a534a666a9e,Cálculo Integral,2026-2,,1,True
ecd8a318a77c4a534a666a9e,Física Mecánica,2026-2,,0,False
ecd8a318a77c4a534a666a9e,Fundamentos de Química,2026-1,3.68,0,False
ecd8a318a77c4a534a666a9e,Cálculo Diferencial,2026-1,3.96,0,False
ecd8a318a77c4a534a666a9e,Geometría Analítica,2026-1,4.35,0,False
a821f1a4c50578dc61bc02f8,Fortalecimiento Académico: Matemáticas,2026-2,,0,False
6573ad5534ab60493baa8ff5,Cálculo Diferencial,2026-1,,0,False
6573ad5534ab60493baa8ff5,Álgebra Lineal,2026-2,,0,False
6573ad5534ab60493baa8ff5,Cálculo Integral,2026-2,,0,False
6573ad5534ab60493baa8ff5,Física Mecánica,2026-2,,0,False
6573ad5534ab60493baa8ff5,Fundamentos de Química,2026-2,,0,False
6573ad5534ab60493baa8ff5,Geometría Analítica,2026-1,3.38,1,True
6573ad5534ab60493baa8ff5,Cálculo Diferencial,2026-1,3.51,0,False
6573ad5534ab60493baa8ff5,Fundamentos Matemáticos,2026-1,3.59,1,True
ba3606bff4643b8181376b99,Cálculo Diferencial,2026-1,,0,False
ba3606bff4643b8181376b99,Geometría Analítica,2026-1,2.48,0,False
ba3606bff4643b8181376b99,Fundamentos Matemáticos,2026-1,3.20,0,False
de0408a3d675c723b326f950,Cálculo Integral,2026-2,,0,False
de0408a3d675c723b326f950,Geometría Analítica,2026-2,,0,False
de0408a3d675c723b326f950,Cálculo Diferencial,2026-1,3.02,0,False
de0408a3d675c723b326f950,Fundamentos Matemáticos,2026-1,3.58,1,True
f078d8f2d5039bff8beb9171,Álgebra Lineal,2026-2,,0,False
f078d8f2d5039bff8beb9171,Cálculo Integral,2026-2,,1,True
f078d8f2d5039bff8beb9171,Física Mecánica,2026-2,,0,False
f078d8f2d5039bff8beb9171,Cálculo Diferencial,2026-1,3.99,0,False
f078d8f2d5039bff8beb9171,Geometría Analítica,2026-1,4.03,0,False
f078d8f2d5039bff8beb9171,Fundamentos de Química,2026-1,4.36,1,True
3c0497ca227237077a97036c,Cálculo Diferencial,2026-1,,1,True
3c0497ca227237077a97036c,Geometría Analítica,2026-1,,1,True
3c0497ca227237077a97036c,Cálculo Diferencial,2026-2,,0,False
08e07c47d0bc7bd1f6a210ae,Fortalecimiento Académico: Matemáticas,2026-2,,0,False
a94bc6fbedf5d5c65216487a,Geometría Analítica,2026-1,,0,False
a94bc6fbedf5d5c65216487a,Cálculo Integral,2026-2,,0,False
a94bc6fbedf5d5c65216487a,Geometría Analítica,2026-2,,0,False
a94bc6fbedf5d5c65216487a,Cálculo Diferencial,2026-1,3.11,0,False
a94bc6fbedf5d5c65216487a,Fundamentos Matemáticos,2026-1,3.90,0,False
6da55e298bd04665141f97bd,Cálculo Integral,2026-2,,0,False
6da55e298bd04665141f97bd,Geometría Analítica,2026-2,,0,False
6da55e298bd04665141f97bd,Cálculo Diferencial,2026-1,3.61,0,False
6da55e298bd04665141f97bd,Fundamentos Matemáticos,2026-2,4.31,0,False
1bac099296d1f5fc25af720c,Cálculo Diferencial,2026-2,,0,False
1bac099296d1f5fc25af720c,Geometría Analítica,2026-2,,0,False
1bac099296d1f5fc25af720c,Fundamentos Matemáticos,2026-1,2.66,0,False
1bac099296d1f5fc25af720c,Cálculo Diferencial,2026-1,2.67,0,False
d7d4363d724fec7a4c06c58e,Álgebra Lineal,2026-2,,0,False
d7d4363d724fec7a4c06c58e,Cálculo Integral,2026-2,,0,False
d7d4363d724fec7a4c06c58e,Fundamentos de Química,2026-1,3.65,0,False
d7d4363d724fec7a4c06c58e,Geometría Analítica,2026-1,3.89,0,False
d7d4363d724fec7a4c06c58e,Fundamentos Matemáticos,2026-1,4.10,0,False
d7d4363d724fec7a4c06c58e,Cálculo Diferencial,2026-1,4.47,0,False
dfc5d4278ef40404ade6e132,Álgebra Lineal,2026-2,,1,True
dfc5d4278ef40404ade6e132,Física Mecánica,2026-2,,0,False
dfc5d4278ef40404ade6e132,Geometría Analítica,2026-1,3.99,0,False
927475b26178fe3b6341ba9b,Cálculo Diferencial,2026-1,,0,False
927475b26178fe3b6341ba9b,Cálculo Diferencial,2026-2,,0,False
927475b26178fe3b6341ba9b,Geometría Analítica,2026-1,3.32,0,False
177c5f5cbaaf5ed55e76c567,Cálculo Diferencial,2026-1,,1,True
177c5f5cbaaf5ed55e76c567,Fortalecimiento Académico: Matemáticas,2026-1,,0,False
177c5f5cbaaf5ed55e76c567,Fundamentos de Química,2026-1,,0,False
177c5f5cbaaf5ed55e76c567,Álgebra Lineal,2026-2,,0,False
177c5f5cbaaf5ed55e76c567,Cálculo Integral,2026-2,,0,False
177c5f5cbaaf5ed55e76c567,Física Mecánica,2026-2,,0,False
177c5f5cbaaf5ed55e76c567,Fundamentos de Química,2026-2,,0,False
177c5f5cbaaf5ed55e76c567,Fundamentos Matemáticos,2026-1,2.72,0,False
177c5f5cbaaf5ed55e76c567,Geometría Analítica,2026-1,3.40,0,False
177c5f5cbaaf5ed55e76c567,Cálculo Diferencial,2026-1,4.17,1,True
45a8815b146142346a851a77,Cálculo Diferencial,2026-1,,0,False
45a8815b146142346a851a77,Cálculo Integral,2026-2,,0,False
45a8815b146142346a851a77,Geometría Analítica,2026-1,2.84,0,False
45a8815b146142346a851a77,Cálculo Diferencial,2026-1,3.41,0,False
2138acd1131e3502f6918a3c,Cálculo Integral,2026-2,,0,False
2138acd1131e3502f6918a3c,Física Mecánica,2026-2,,0,False
2138acd1131e3502f6918a3c,Fortalecimiento Académico: Matemáticas,2026-2,,0,False
2138acd1131e3502f6918a3c,Fundamentos de Química,2026-2,,0,False
2138acd1131e3502f6918a3c,Fundamentos Matemáticos,2026-1,2.42,0,False
2138acd1131e3502f6918a3c,Geometría Analítica,2026-1,2.56,0,False
2138acd1131e3502f6918a3c,Cálculo Diferencial,2026-1,3.51,0,False
03f1a8797ef44a734ced5b1f,Cálculo Diferencial,2026-1,,0,False
03f1a8797ef44a734ced5b1f,Geometría Analítica,2026-1,,5,True
03f1a8797ef44a734ced5b1f,Cálculo Diferencial,2026-2,,0,False
66167dadc839a8b96a9ac718,Cálculo Diferencial,2026-1,,0,False
66167dadc839a8b96a9ac718,Fundamentos Matemáticos,2026-1,1.51,0,False
9a7def4e943d50c2d56f3bdd,Fundamentos de Química,2026-1,,0,False
9a7def4e943d50c2d56f3bdd,Fundamentos Matemáticos,2026-1,,0,False
9a7def4e943d50c2d56f3bdd,Geometría Analítica,2026-1,,2,True
9a7def4e943d50c2d56f3bdd,Álgebra Lineal,2026-2,,0,False
9a7def4e943d50c2d56f3bdd,Cálculo Integral,2026-2,,0,False
9a7def4e943d50c2d56f3bdd,Geometría Analítica,2026-1,3.16,2,True
9a7def4e943d50c2d56f3bdd,Cálculo Diferencial,2026-1,3.39,1,True
9a7def4e943d50c2d56f3bdd,Fundamentos de Química,2026-1,3.55,0,False
9a7def4e943d50c2d56f3bdd,Fundamentos Matemáticos,2026-1,4.39,0,False
ab4e898a5bc7c15c0b4a481f,Cálculo Diferencial,2026-1,,2,True
ab4e898a5bc7c15c0b4a481f,Fortalecimiento Académico: Matemáticas,2026-1,,0,False
ab4e898a5bc7c15c0b4a481f,Geometría Analítica,2026-1,,0,False
ab4e898a5bc7c15c0b4a481f,Álgebra Lineal,2026-2,,0,False
ab4e898a5bc7c15c0b4a481f,Cálculo Integral,2026-2,,0,False
ab4e898a5bc7c15c0b4a481f,Física Mecánica,2026-2,,0,False
ab4e898a5bc7c15c0b4a481f,Fundamentos de Química,2026-2,,0,False
ab4e898a5bc7c15c0b4a481f,Cálculo Diferencial,2026-1,3.29,2,True
ab4e898a5bc7c15c0b4a481f,Fundamentos Matemáticos,2026-1,4.11,0,False
ab4e898a5bc7c15c0b4a481f,Geometría Analítica,2026-1,4.24,0,False
3f50d6e223df744350a717bf,Cálculo Diferencial,2026-1,,0,False
3f50d6e223df744350a717bf,Cálculo Integral,2026-2,,0,False
3f50d6e223df744350a717bf,Física Mecánica,2026-2,,0,False
3f50d6e223df744350a717bf,Fortalecimiento Académico: Matemáticas,2026-2,,0,False
3f50d6e223df744350a717bf,Cálculo Diferencial,2026-1,3.03,0,False
3f50d6e223df744350a717bf,Geometría Analítica,2026-1,3.04,0,False
d8123117a622b301f4309f62,Álgebra Lineal,2026-2,,0,False
d8123117a622b301f4309f62,Cálculo Integral,2026-2,,0,False
d8123117a622b301f4309f62,Cálculo Diferencial,2026-1,3.51,1,True
d8123117a622b301f4309f62,Geometría Analítica,2026-1,3.60,1,True
d8123117a622b301f4309f62,Fundamentos Matemáticos,2026-1,3.83,0,False
d8123117a622b301f4309f62,Fundamentos de Química,2026-1,3.90,0,False
b319676aaf8d70e014b1862f,Cálculo Diferencial,2026-1,,0,False
b319676aaf8d70e014b1862f,Geometría Analítica,2026-2,,0,False
b319676aaf8d70e014b1862f,Geometría Analítica,2026-1,1.69,0,False
bd619c8e5330c5179c858092,Cálculo Diferencial,2026-1,,0,False
bd619c8e5330c5179c858092,Geometría Analítica,2026-1,,0,False
bd619c8e5330c5179c858092,Cálculo Diferencial,2026-2,,0,False
7020d354a015b33809b39862,Fortalecimiento Académico: Matemáticas,2026-1,,0,False
7020d354a015b33809b39862,Fundamentos Matemáticos,2026-1,,1,True
7020d354a015b33809b39862,Álgebra Lineal,2026-2,,0,False
7020d354a015b33809b39862,Cálculo Integral,2026-2,,0,False
7020d354a015b33809b39862,Física Mecánica,2026-2,,0,False
7020d354a015b33809b39862,Fundamentos de Química,2026-2,,0,False
7020d354a015b33809b39862,Geometría Analítica,2026-1,3.82,0,False
7020d354a015b33809b39862,Cálculo Diferencial,2026-1,3.89,1,True
7020d354a015b33809b39862,Fundamentos Matemáticos,2026-1,4.19,1,True
937805bf807e2bfa4ba2b6c4,Cálculo Integral,2026-2,,0,False
937805bf807e2bfa4ba2b6c4,Física Mecánica,2026-2,,0,False
937805bf807e2bfa4ba2b6c4,Fortalecimiento Académico: Matemáticas,2026-2,,0,False
937805bf807e2bfa4ba2b6c4,Cálculo Diferencial,2026-1,3.78,0,False
937805bf807e2bfa4ba2b6c4,Geometría Analítica,2026-1,4.74,4,True
8e0ad8586979dd0eaf4ad128,Geometría Analítica,2026-1,,1,True
8e0ad8586979dd0eaf4ad128,Álgebra Lineal,2026-2,,1,True
8e0ad8586979dd0eaf4ad128,Cálculo Diferencial,2026-2,,0,False
8e0ad8586979dd0eaf4ad128,Cálculo Integral,2026-2,,1,True
8e0ad8586979dd0eaf4ad128,Física Mecánica,2026-2,,0,False
8e0ad8586979dd0eaf4ad128,Fundamentos de Química,2026-2,,0,False
8e0ad8586979dd0eaf4ad128,Cálculo Diferencial,2026-1,2.78,0,False
8e0ad8586979dd0eaf4ad128,Fundamentos Matemáticos,2026-1,2.78,0,False
8e0ad8586979dd0eaf4ad128,Geometría Analítica,2026-1,3.02,1,True
73890829250e693e759e8659,Cálculo Diferencial,2026-1,,0,False
73890829250e693e759e8659,Fortalecimiento Académico: Matemáticas,2026-1,,0,False
73890829250e693e759e8659,Cálculo Diferencial,2026-2,,0,False
73890829250e693e759e8659,Fortalecimiento Académico: Matemáticas,2026-2,,0,False
73890829250e693e759e8659,Fundamentos de Química,2026-2,,0,False
73890829250e693e759e8659,Geometría Analítica,2026-2,,0,False
73890829250e693e759e8659,Fundamentos de Química,2026-1,1.35,0,False
73890829250e693e759e8659,Geometría Analítica,2026-1,1.68,0,False
1944aa0962dd93d4cde375e2,Cálculo Diferencial,2026-1,,0,False
1944aa0962dd93d4cde375e2,Fortalecimiento Académico: Matemáticas,2026-1,,0,False
1944aa0962dd93d4cde375e2,Geometría Analítica,2026-1,1.21,0,False
cdc7abc298e11690ca3dabeb,Cálculo Diferencial,2026-1,,1,True
cdc7abc298e11690ca3dabeb,Fundamentos de Química,2026-1,,0,False
cdc7abc298e11690ca3dabeb,Geometría Analítica,2026-1,,0,False
d39aa3b1c6932dbb8b183663,Cálculo Diferencial,2026-1,,0,False
d39aa3b1c6932dbb8b183663,Fortalecimiento Académico: Matemáticas,2026-1,,0,False
d39aa3b1c6932dbb8b183663,Geometría Analítica,2026-1,,0,False
d39aa3b1c6932dbb8b183663,Cálculo Diferencial,2026-2,,0,False
e4c330a02a8e4f223280bf13,Cálculo Diferencial,2026-1,,0,False
e4c330a02a8e4f223280bf13,Cálculo Integral,2026-2,,0,False
e4c330a02a8e4f223280bf13,Física Mecánica,2026-2,,0,False
e4c330a02a8e4f223280bf13,Cálculo Diferencial,2026-1,3.23,0,False
e4c330a02a8e4f223280bf13,Geometría Analítica,2026-1,3.71,4,True
42c6b272718f72dcbf8d9419,Álgebra Lineal,2026-2,,0,False
42c6b272718f72dcbf8d9419,Cálculo Integral,2026-2,,1,True
42c6b272718f72dcbf8d9419,Física Mecánica,2026-2,,0,False
42c6b272718f72dcbf8d9419,Fundamentos de Química,2026-2,,0,False
42c6b272718f72dcbf8d9419,Cálculo Diferencial,2026-1,3.63,0,False
42c6b272718f72dcbf8d9419,Geometría Analítica,2026-1,4.09,0,False
42c6b272718f72dcbf8d9419,Fundamentos Matemáticos,2026-1,4.52,0,False
2d681afda80cf763b39a6342,Cálculo Integral,2026-2,,0,False
2d681afda80cf763b39a6342,Geometría Analítica,2026-2,,0,False
2d681afda80cf763b39a6342,Cálculo Diferencial,2026-1,3.84,0,False
78e9486fe910492c365be51b,Cálculo Diferencial,2026-1,,2,True
78e9486fe910492c365be51b,Fortalecimiento Académico: Matemáticas,2026-1,,0,False
78e9486fe910492c365be51b,Fundamentos de Química,2026-1,,0,False
78e9486fe910492c365be51b,Fundamentos Matemáticos,2026-1,,0,False
78e9486fe910492c365be51b,Geometría Analítica,2026-1,,0,False
8f2ee07bea7d74ca82d78311,Cálculo Diferencial,2026-1,,0,False
8f2ee07bea7d74ca82d78311,Fortalecimiento Académico: Matemáticas,2026-1,,0,False
8f2ee07bea7d74ca82d78311,Fundamentos de Química,2026-1,,0,False
8f2ee07bea7d74ca82d78311,Geometría Analítica,2026-1,,0,False
8f2ee07bea7d74ca82d78311,Cálculo Diferencial,2026-2,,0,False
8f2ee07bea7d74ca82d78311,Fundamentos de Química,2026-2,,0,False
8f2ee07bea7d74ca82d78311,Cálculo Diferencial,2026-1,1.37,0,False
c4e3a313f8d5885c9d94293a,Álgebra Lineal,2026-2,,0,False
c4e3a313f8d5885c9d94293a,Cálculo Integral,2026-2,,0,False
c4e3a313f8d5885c9d94293a,Fundamentos de Química,2026-1,4.07,1,True
c4e3a313f8d5885c9d94293a,Cálculo Diferencial,2026-1,4.18,2,True
c4e3a313f8d5885c9d94293a,Geometría Analítica,2026-1,4.42,1,True
c4e3a313f8d5885c9d94293a,Fundamentos Matemáticos,2026-1,4.86,0,False
dd0245bcdc22c6f936f0ad84,Geometría Analítica,2026-2,,0,False
dd0245bcdc22c6f936f0ad84,Fundamentos Matemáticos,2026-1,4.86,0,False
7cb1f7a3e005e7f37848acb3,Física Mecánica,2026-2,,0,False
7cb1f7a3e005e7f37848acb3,Cálculo Diferencial,2026-1,3.63,0,False
7cb1f7a3e005e7f37848acb3,Fundamentos Matemáticos,2026-1,3.90,0,False
7cb1f7a3e005e7f37848acb3,Geometría Analítica,2026-1,3.91,0,False
cf3c7ccdc9d34e7aacfae1df,Cálculo Diferencial,2026-2,,0,False
cf3c7ccdc9d34e7aacfae1df,Fortalecimiento Académico: Matemáticas,2026-2,,0,False
cf3c7ccdc9d34e7aacfae1df,Geometría Analítica,2026-2,,0,False
cf3c7ccdc9d34e7aacfae1df,Cálculo Diferencial,2026-1,2.45,1,True
cf3c7ccdc9d34e7aacfae1df,Fundamentos Matemáticos,2026-1,3.19,1,True
684aa8b8a318a787484a2701,Cálculo Diferencial,2026-2,,0,False
684aa8b8a318a787484a2701,Geometría Analítica,2026-2,,0,False
684aa8b8a318a787484a2701,Geometría Analítica,2026-1,2.05,1,True
684aa8b8a318a787484a2701,Cálculo Diferencial,2026-1,2.75,0,False
684aa8b8a318a787484a2701,Fundamentos de Química,2026-1,3.13,0,False
eb87d9035a88286cf691e618,Geometría Analítica,2026-1,,1,True
eb87d9035a88286cf691e618,Cálculo Integral,2026-2,,0,False
eb87d9035a88286cf691e618,Geometría Analítica,2026-2,,0,False
eb87d9035a88286cf691e618,Cálculo Diferencial,2026-1,4.78,0,False
2260a37587acf73e81158fd2,Cálculo Integral,2026-2,,0,False
2260a37587acf73e81158fd2,Geometría Analítica,2026-2,,0,False
2260a37587acf73e81158fd2,Geometría Analítica,2026-1,2.48,0,False
2260a37587acf73e81158fd2,Cálculo Diferencial,2026-1,3.22,0,False
2260a37587acf73e81158fd2,Fundamentos de Química,2026-1,3.35,0,False
a0b207807885ef8a4367be69,Cálculo Diferencial,2026-2,,0,False
a0b207807885ef8a4367be69,Fortalecimiento Académico: Matemáticas,2026-2,,0,False
a0b207807885ef8a4367be69,Fundamentos de Química,2026-2,,0,False
a0b207807885ef8a4367be69,Geometría Analítica,2026-2,,0,False
e55dfe9960e82912e12a5474,Cálculo Integral,2026-2,,0,False
e55dfe9960e82912e12a5474,Física Mecánica,2026-2,,0,False
e55dfe9960e82912e12a5474,Fortalecimiento Académico: Matemáticas,2026-2,,0,False
e55dfe9960e82912e12a5474,Cálculo Diferencial,2026-1,3.00,0,False
e55dfe9960e82912e12a5474,Geometría Analítica,2026-1,3.23,0,False
132faf5f562f848d50097de7,Fortalecimiento Académico: Matemáticas,2026-1,,0,False
132faf5f562f848d50097de7,Fundamentos de Química,2026-1,0.83,0,False
132faf5f562f848d50097de7,Cálculo Diferencial,2026-1,1.09,0,False
132faf5f562f848d50097de7,Geometría Analítica,2026-1,1.67,0,False
336e50ec01a5052abbd39253,Cálculo Diferencial,2026-1,,6,True
336e50ec01a5052abbd39253,Fundamentos Matemáticos,2026-1,,1,True
15f0dc7b97c524fd0d7342e1,Cálculo Diferencial,2026-2,,0,False
15f0dc7b97c524fd0d7342e1,Fortalecimiento Académico: Matemáticas,2026-2,,0,False
15f0dc7b97c524fd0d7342e1,Geometría Analítica,2026-2,,0,False
15f0dc7b97c524fd0d7342e1,Fundamentos Matemáticos,2026-1,2.47,0,False
15f0dc7b97c524fd0d7342e1,Cálculo Diferencial,2026-1,2.80,0,False
a5028e77368537f6a8f2c6de,Cálculo Diferencial,2026-1,,0,False
a5028e77368537f6a8f2c6de,Cálculo Integral,2026-2,,0,False
a5028e77368537f6a8f2c6de,Física Mecánica,2026-2,,0,False
a5028e77368537f6a8f2c6de,Geometría Analítica,2026-1,3.77,0,False
a5028e77368537f6a8f2c6de,Cálculo Diferencial,2026-1,3.80,0,False
8480182db044b492a19bc12e,Geometría Analítica,2026-2,,0,False
8480182db044b492a19bc12e,Fundamentos Matemáticos,2026-1,5.00,0,False
bfb7a275bab8fc017902ca0c,Cálculo Diferencial,2026-2,,0,False
bfb7a275bab8fc017902ca0c,Fortalecimiento Académico: Matemáticas,2026-2,,0,False
bfb7a275bab8fc017902ca0c,Geometría Analítica,2026-2,,0,False
bfb7a275bab8fc017902ca0c,Fundamentos Matemáticos,2026-1,4.00,2,True
097883a3150b87e79e9eb24e,Fortalecimiento Académico: Matemáticas,2026-1,,0,False
097883a3150b87e79e9eb24e,Cálculo Integral,2026-2,,1,True
097883a3150b87e79e9eb24e,Física Mecánica,2026-2,,1,True
097883a3150b87e79e9eb24e,Geometría Analítica,2026-1,4.00,8,True
097883a3150b87e79e9eb24e,Cálculo Diferencial,2026-1,4.76,14,True
70d2795a866111d347a82cba,Cálculo Diferencial,2026-2,,0,False
70d2795a866111d347a82cba,Fundamentos Matemáticos,2026-2,,0,False
70d2795a866111d347a82cba,Geometría Analítica,2026-2,,0,False
70d2795a866111d347a82cba,Fundamentos Matemáticos,2026-1,2.48,0,False
70d2795a866111d347a82cba,Cálculo Diferencial,2026-1,2.53,0,False
c139d433f05053fbdd012b2e,Fortalecimiento Académico: Matemáticas,2026-1,,0,False
c139d433f05053fbdd012b2e,Álgebra Lineal,2026-2,,0,False
c139d433f05053fbdd012b2e,Cálculo Integral,2026-2,,0,False
c139d433f05053fbdd012b2e,Fortalecimiento Académico: Matemáticas,2026-2,,0,False
c139d433f05053fbdd012b2e,Fundamentos Matemáticos,2026-1,3.17,1,True
c139d433f05053fbdd012b2e,Cálculo Diferencial,2026-1,3.19,0,False
c139d433f05053fbdd012b2e,Fundamentos de Química,2026-1,3.25,0,False
c139d433f05053fbdd012b2e,Geometría Analítica,2026-1,3.86,2,True
74c51c8ad98769391b27bf2a,Cálculo Integral,2026-1,,0,False
74c51c8ad98769391b27bf2a,Física Mecánica,2026-1,3.31,0,False
74c51c8ad98769391b27bf2a,Cálculo Integral,2026-1,3.39,0,False
74c51c8ad98769391b27bf2a,Fundamentos Matemáticos,2026-1,3.40,0,False
74c51c8ad98769391b27bf2a,Cálculo Diferencial,2026-1,3.60,0,False
74c51c8ad98769391b27bf2a,Geometría Analítica,2026-1,3.87,0,False
3d2d01054895a543a99d73a0,Fortalecimiento Académico: Matemáticas,2026-1,,0,False
3d2d01054895a543a99d73a0,Cálculo Integral,2026-2,,0,False
3d2d01054895a543a99d73a0,Física Mecánica,2026-2,,1,True
3d2d01054895a543a99d73a0,Fundamentos de Química,2026-2,,0,False
3d2d01054895a543a99d73a0,Cálculo Diferencial,2026-1,2.56,4,True
3d2d01054895a543a99d73a0,Cálculo Diferencial,2026-1,3.34,4,True
3d2d01054895a543a99d73a0,Geometría Analítica,2026-1,3.84,0,False
75cdb6ef7d28f1cd926a637c,Geometría Analítica,2026-1,,1,True
75cdb6ef7d28f1cd926a637c,Álgebra Lineal,2026-2,,0,False
75cdb6ef7d28f1cd926a637c,Cálculo Integral,2026-2,,0,False
75cdb6ef7d28f1cd926a637c,Física Mecánica,2026-2,,0,False
75cdb6ef7d28f1cd926a637c,Geometría Analítica,2026-1,4.69,1,True
75cdb6ef7d28f1cd926a637c,Cálculo Diferencial,2026-1,4.91,0,False
75cdb6ef7d28f1cd926a637c,Fundamentos Matemáticos,2026-1,5.00,0,False
5e52e75283eef0e378fefa70,Fundamentos Matemáticos,2026-2,,0,False
2cab464ae30a846467263dde,Cálculo Integral,2026-2,,0,False
2cab464ae30a846467263dde,Fortalecimiento Académico: Matemáticas,2026-2,,0,False
2cab464ae30a846467263dde,Fundamentos de Química,2026-1,3.04,1,True
2cab464ae30a846467263dde,Geometría Analítica,2026-1,3.29,1,True
2cab464ae30a846467263dde,Cálculo Diferencial,2026-1,3.44,3,True
2cab464ae30a846467263dde,Fundamentos Matemáticos,2026-1,3.60,0,False
2cab464ae30a846467263dde,Álgebra Lineal,2026-1,4.21,0,False
24b62e6fef74d55dce687032,Cálculo Diferencial,2026-1,,0,False
24b62e6fef74d55dce687032,Geometría Analítica,2026-1,,0,False
24b62e6fef74d55dce687032,Álgebra Lineal,2026-2,,0,False
24b62e6fef74d55dce687032,Cálculo Integral,2026-2,,0,False
24b62e6fef74d55dce687032,Física Mecánica,2026-2,,0,False
24b62e6fef74d55dce687032,Fundamentos de Química,2026-2,,0,False
24b62e6fef74d55dce687032,Geometría Analítica,2026-1,3.36,0,False
24b62e6fef74d55dce687032,Cálculo Diferencial,2026-1,3.82,0,False
24b62e6fef74d55dce687032,Fundamentos Matemáticos,2026-1,4.51,0,False
f8b5d665fcc08d058e6d812c,Cálculo Diferencial,2026-1,,0,False
f8b5d665fcc08d058e6d812c,Fortalecimiento Académico: Matemáticas,2026-1,,0,False
f8b5d665fcc08d058e6d812c,Fundamentos de Química,2026-1,,0,False
f8b5d665fcc08d058e6d812c,Cálculo Diferencial,2026-2,,0,False
f8b5d665fcc08d058e6d812c,Geometría Analítica,2026-2,,0,False
f8b5d665fcc08d058e6d812c,Geometría Analítica,2026-1,2.38,0,False
f8b5d665fcc08d058e6d812c,Fundamentos de Química,2026-1,3.03,0,False
762e81e582f7e8e33ec020ca,Álgebra Lineal,2026-2,,0,False
762e81e582f7e8e33ec020ca,Cálculo Integral,2026-2,,5,True
762e81e582f7e8e33ec020ca,Física Mecánica,2026-2,,0,False
762e81e582f7e8e33ec020ca,Cálculo Diferencial,2026-1,3.23,2,True
762e81e582f7e8e33ec020ca,Fundamentos de Química,2026-1,3.34,0,False
762e81e582f7e8e33ec020ca,Geometría Analítica,2026-1,3.44,3,True
cfedab4d6c9a2f4f444bd7ff,Cálculo Diferencial,2026-1,,2,True
cfedab4d6c9a2f4f444bd7ff,Álgebra Lineal,2026-2,,0,False
cfedab4d6c9a2f4f444bd7ff,Cálculo Integral,2026-2,,1,True
cfedab4d6c9a2f4f444bd7ff,Fundamentos de Química,2026-1,4.31,0,False
cfedab4d6c9a2f4f444bd7ff,Geometría Analítica,2026-1,4.40,1,True
cfedab4d6c9a2f4f444bd7ff,Cálculo Diferencial,2026-1,4.73,2,True
cfedab4d6c9a2f4f444bd7ff,Fundamentos Matemáticos,2026-1,5.00,0,False
2e44a0c858dd1f5902e9b038,Álgebra Lineal,2026-2,,0,False
2e44a0c858dd1f5902e9b038,Cálculo Integral,2026-2,,0,False
2e44a0c858dd1f5902e9b038,Geometría Analítica,2026-1,4.20,0,False
2e44a0c858dd1f5902e9b038,Fundamentos de Química,2026-1,4.27,0,False
2e44a0c858dd1f5902e9b038,Cálculo Diferencial,2026-1,4.37,0,False
2e44a0c858dd1f5902e9b038,Fundamentos Matemáticos,2026-1,4.40,0,False
80a813f68fa107a7cdf20cf7,Fortalecimiento Académico: Matemáticas,2026-2,,0,False
216b043b4cec4df19893f1ae,Fundamentos Matemáticos,2026-1,,0,False
ae22b9aaa27ff07f5e3cabbe,Álgebra Lineal,2026-2,,0,False
ae22b9aaa27ff07f5e3cabbe,Cálculo Diferencial,2026-2,,1,True
ae22b9aaa27ff07f5e3cabbe,Fundamentos de Química,2026-2,,0,False
ae22b9aaa27ff07f5e3cabbe,Cálculo Diferencial,2026-1,2.54,1,True
ae22b9aaa27ff07f5e3cabbe,Fundamentos de Química,2026-1,2.55,0,False
ae22b9aaa27ff07f5e3cabbe,Geometría Analítica,2026-1,3.31,0,False
f9ae9a5e6ceee4825972f3b2,Fortalecimiento Académico: Matemáticas,2026-2,,0,False
dde6c56f0bdedf2cc784ceb4,Cálculo Integral,2026-2,,1,True
dde6c56f0bdedf2cc784ceb4,Fortalecimiento Académico: Matemáticas,2026-2,,0,False
dde6c56f0bdedf2cc784ceb4,Geometría Analítica,2026-2,,0,False
dde6c56f0bdedf2cc784ceb4,Fundamentos Matemáticos,2026-1,3.14,0,False
dde6c56f0bdedf2cc784ceb4,Cálculo Diferencial,2026-1,3.54,1,True
3fdd2b28a28b78874f5ca78b,Álgebra Lineal,2026-2,,0,False
3fdd2b28a28b78874f5ca78b,Cálculo Integral,2026-2,,7,True
3fdd2b28a28b78874f5ca78b,Física Mecánica,2026-2,,0,False
3fdd2b28a28b78874f5ca78b,Cálculo Diferencial,2026-1,2.73,4,True
3fdd2b28a28b78874f5ca78b,Geometría Analítica,2026-1,3.04,1,True
3fdd2b28a28b78874f5ca78b,Fundamentos de Química,2026-1,3.43,0,False
3fdd2b28a28b78874f5ca78b,Cálculo Diferencial,2026-1,3.71,4,True
74493c8a8dbc0664f8e7cab9,Cálculo Diferencial,2026-1,,1,True
74493c8a8dbc0664f8e7cab9,Geometría Analítica,2026-1,,0,False
74493c8a8dbc0664f8e7cab9,Álgebra Lineal,2026-2,,0,False
74493c8a8dbc0664f8e7cab9,Cálculo Diferencial,2026-2,,0,False
74493c8a8dbc0664f8e7cab9,Fundamentos de Química,2026-2,,0,False
74493c8a8dbc0664f8e7cab9,Geometría Analítica,2026-1,3.38,0,False
74493c8a8dbc0664f8e7cab9,Fundamentos Matemáticos,2026-1,3.98,0,False
e5692a131ad895617fc5afba,Cálculo Diferencial,2026-1,,0,False
e5692a131ad895617fc5afba,Geometría Analítica,2026-1,,0,False
39e80b479301c97a0a1ef42b,Geometría Analítica,2026-1,,1,True
39e80b479301c97a0a1ef42b,Cálculo Diferencial,2026-2,,2,True
39e80b479301c97a0a1ef42b,Cálculo Diferencial,2026-1,2.57,0,False
3a150569f31b2ecb45c517b5,Fortalecimiento Académico: Matemáticas,2026-2,,0,False
12b06b89161f855ec7300c6a,Cálculo Diferencial,2026-2,,0,False
12b06b89161f855ec7300c6a,Fortalecimiento Académico: Matemáticas,2026-2,,0,False
12b06b89161f855ec7300c6a,Fundamentos Matemáticos,2026-2,,0,False
868561441e0f95287ab6ed61,Cálculo Integral,2026-2,,0,False
868561441e0f95287ab6ed61,Física Mecánica,2026-2,,1,True
868561441e0f95287ab6ed61,Geometría Analítica,2026-1,3.91,2,True
868561441e0f95287ab6ed61,Cálculo Diferencial,2026-1,4.15,0,False
975f43b5c14a4711a7088d1d,Fortalecimiento Académico: Matemáticas,2026-1,,0,False
975f43b5c14a4711a7088d1d,Álgebra Lineal,2026-2,,0,False
975f43b5c14a4711a7088d1d,Cálculo Integral,2026-2,,0,False
975f43b5c14a4711a7088d1d,Fortalecimiento Académico: Matemáticas,2026-2,,0,False
975f43b5c14a4711a7088d1d,Fundamentos de Química,2026-1,3.45,0,False
975f43b5c14a4711a7088d1d,Cálculo Diferencial,2026-1,3.76,1,True
975f43b5c14a4711a7088d1d,Geometría Analítica,2026-1,4.11,2,True
975f43b5c14a4711a7088d1d,Fundamentos Matemáticos,2026-1,4.22,1,True
186eaa83609eda69c2dd8435,Cálculo Diferencial,2026-2,,0,False
186eaa83609eda69c2dd8435,Fundamentos de Química,2026-2,,0,False
186eaa83609eda69c2dd8435,Fundamentos Matemáticos,2026-2,,0,False
186eaa83609eda69c2dd8435,Geometría Analítica,2026-2,,1,True
0cfe4c36092ebf85fd022655,Cálculo Diferencial,2026-1,,2,True
0cfe4c36092ebf85fd022655,Álgebra Lineal,2026-2,,0,False
0cfe4c36092ebf85fd022655,Cálculo Integral,2026-2,,2,True
0cfe4c36092ebf85fd022655,Física Mecánica,2026-2,,0,False
0cfe4c36092ebf85fd022655,Fortalecimiento Académico: Matemáticas,2026-2,,0,False
0cfe4c36092ebf85fd022655,Cálculo Diferencial,2026-1,3.93,2,True
0cfe4c36092ebf85fd022655,Fundamentos de Química,2026-1,4.09,0,False
0cfe4c36092ebf85fd022655,Geometría Analítica,2026-1,4.25,1,True
0cfe4c36092ebf85fd022655,Fundamentos Matemáticos,2026-1,4.50,0,False
0bee3aa3f9d58b6939497780,Cálculo Diferencial,2026-1,,3,True
0bee3aa3f9d58b6939497780,Geometría Analítica,2026-1,,0,False
b266f584e1c19a6fc6db89bf,Cálculo Diferencial,2026-2,,0,False
b266f584e1c19a6fc6db89bf,Geometría Analítica,2026-2,,0,False
b266f584e1c19a6fc6db89bf,Cálculo Diferencial,2026-1,1.92,1,True
b266f584e1c19a6fc6db89bf,Fundamentos Matemáticos,2026-1,2.78,0,False
600e53dd2d1316a2fce28298,Cálculo Integral,2026-2,,0,False
600e53dd2d1316a2fce28298,Física Mecánica,2026-2,,0,False
600e53dd2d1316a2fce28298,Cálculo Diferencial,2026-1,3.79,0,False
600e53dd2d1316a2fce28298,Geometría Analítica,2026-1,4.35,1,True
0dd3f5f608d1fce26057cd0a,Cálculo Diferencial,2026-1,,0,False
0dd3f5f608d1fce26057cd0a,Cálculo Integral,2026-2,,0,False
0dd3f5f608d1fce26057cd0a,Física Mecánica,2026-2,,0,False
0dd3f5f608d1fce26057cd0a,Geometría Analítica,2026-1,4.11,0,False
0dd3f5f608d1fce26057cd0a,Cálculo Diferencial,2026-1,4.14,0,False
0dd3f5f608d1fce26057cd0a,Fundamentos Matemáticos,2026-1,4.60,0,False
669e99e22997e7d451a485c5,Cálculo Diferencial,2026-2,,0,False
669e99e22997e7d451a485c5,Geometría Analítica,2026-2,,0,False
0c5defcc46638b5a3fc289cb,Fortalecimiento Académico: Matemáticas,2026-2,,0,False
5bd0e8d92168ea0a63e2d2be,Cálculo Diferencial,2026-1,,0,False
5bd0e8d92168ea0a63e2d2be,Geometría Analítica,2026-1,,0,False
5bd0e8d92168ea0a63e2d2be,Cálculo Diferencial,2026-2,,0,False
5bd0e8d92168ea0a63e2d2be,Geometría Analítica,2026-2,,0,False
5bd0e8d92168ea0a63e2d2be,Cálculo Diferencial,2026-1,2.36,0,False
5bd0e8d92168ea0a63e2d2be,Fundamentos Matemáticos,2026-1,2.37,0,False
adf14a6ba5212c727c1216aa,Fortalecimiento Académico: Matemáticas,2026-1,,0,False
adf14a6ba5212c727c1216aa,Álgebra Lineal,2026-2,,0,False
adf14a6ba5212c727c1216aa,Cálculo Integral,2026-2,,0,False
adf14a6ba5212c727c1216aa,Fundamentos de Química,2026-1,3.12,0,False
adf14a6ba5212c727c1216aa,Fundamentos Matemáticos,2026-1,3.68,0,False
adf14a6ba5212c727c1216aa,Geometría Analítica,2026-1,3.70,2,True
adf14a6ba5212c727c1216aa,Cálculo Diferencial,2026-1,4.01,1,True
757a4c1cb699e976de2c731d,Cálculo Diferencial,2026-1,,2,True
757a4c1cb699e976de2c731d,Fundamentos Matemáticos,2026-1,,0,False
757a4c1cb699e976de2c731d,Geometría Analítica,2026-1,,0,False
e970f7b6af8accee2c994bc1,Fortalecimiento Académico: Matemáticas,2026-1,,0,False
e970f7b6af8accee2c994bc1,Cálculo Integral,2026-2,,3,True
e970f7b6af8accee2c994bc1,Física Mecánica,2026-2,,0,False
e970f7b6af8accee2c994bc1,Fortalecimiento Académico: Matemáticas,2026-2,,0,False
e970f7b6af8accee2c994bc1,Geometría Analítica,2026-1,3.83,10,True
e970f7b6af8accee2c994bc1,Cálculo Diferencial,2026-1,3.94,6,True
94778a5faf6bfb0cc8ee9e73,Fortalecimiento Académico: Matemáticas,2026-1,,0,False
03282d98cd794f1e6d46c845,Fortalecimiento Académico: Matemáticas,2026-1,,0,False
03282d98cd794f1e6d46c845,Álgebra Lineal,2026-2,,0,False
03282d98cd794f1e6d46c845,Cálculo Integral,2026-2,,0,False
03282d98cd794f1e6d46c845,Física Mecánica,2026-2,,0,False
03282d98cd794f1e6d46c845,Fortalecimiento Académico: Matemáticas,2026-2,,0,False
03282d98cd794f1e6d46c845,Fundamentos de Química,2026-2,,0,False
03282d98cd794f1e6d46c845,Cálculo Diferencial,2026-1,3.01,0,False
03282d98cd794f1e6d46c845,Geometría Analítica,2026-1,3.15,2,True
03282d98cd794f1e6d46c845,Fundamentos Matemáticos,2026-1,3.21,1,True
a14834496593af4877601627,Fortalecimiento Académico: Matemáticas,2026-1,,0,False
a14834496593af4877601627,Álgebra Lineal,2026-2,,0,False
a14834496593af4877601627,Cálculo Integral,2026-2,,0,False
a14834496593af4877601627,Física Mecánica,2026-2,,0,False
a14834496593af4877601627,Fundamentos de Química,2026-2,,0,False
a14834496593af4877601627,Geometría Analítica,2026-1,2.86,2,True
a14834496593af4877601627,Cálculo Diferencial,2026-1,3.00,2,True
a14834496593af4877601627,Fundamentos Matemáticos,2026-1,3.10,1,True
46c8051c4c6682184540a490,Cálculo Diferencial,2026-1,,0,False
46c8051c4c6682184540a490,Álgebra Lineal,2026-2,,0,False
46c8051c4c6682184540a490,Cálculo Integral,2026-2,,0,False
46c8051c4c6682184540a490,Cálculo Diferencial,2026-1,3.76,0,False
46c8051c4c6682184540a490,Geometría Analítica,2026-1,4.54,0,False
46c8051c4c6682184540a490,Fundamentos de Química,2026-1,4.75,0,False
46c8051c4c6682184540a490,Fundamentos Matemáticos,2026-1,4.80,0,False
8ba76ac9b6fe86b51f26afb6,Cálculo Diferencial,2026-2,,1,True
8ba76ac9b6fe86b51f26afb6,Geometría Analítica,2026-2,,1,True
34fa0aea17b7c26f47631ff5,Cálculo Diferencial,2026-1,,0,False
34fa0aea17b7c26f47631ff5,Geometría Analítica,2026-1,,0,False
7dc3f866eca0f3027663dd11,Cálculo Diferencial,2026-1,,1,True
7dc3f866eca0f3027663dd11,Geometría Analítica,2026-1,,0,False
7dc3f866eca0f3027663dd11,Cálculo Diferencial,2026-2,,0,False
7dc3f866eca0f3027663dd11,Fundamentos de Química,2026-1,2.55,0,False
7dc3f866eca0f3027663dd11,Geometría Analítica,2026-1,3.00,0,False
7dc3f866eca0f3027663dd11,Fundamentos Matemáticos,2026-1,3.71,0,False
e16df040ed00aa7e71864ddc,Fortalecimiento Académico: Matemáticas,2026-1,,0,False
e16df040ed00aa7e71864ddc,Cálculo Integral,2026-2,,1,True
e16df040ed00aa7e71864ddc,Geometría Analítica,2026-2,,0,False
e16df040ed00aa7e71864ddc,Fundamentos Matemáticos,2026-1,1.91,0,False
e16df040ed00aa7e71864ddc,Cálculo Diferencial,2026-1,3.37,1,True
e16df040ed00aa7e71864ddc,Fundamentos Matemáticos,2026-1,5.00,0,False
88249575292c49104e4714e3,Geometría Analítica,2026-1,,0,False
2e54bcad05186e93caa78a73,Fundamentos Matemáticos,2026-1,2.12,0,False
2e54bcad05186e93caa78a73,Cálculo Diferencial,2026-1,3.24,0,False
14988985e63fe71670f60128,Fortalecimiento Académico: Matemáticas,2026-1,,0,False
14988985e63fe71670f60128,Cálculo Integral,2026-2,,0,False
14988985e63fe71670f60128,Física Mecánica,2026-2,,0,False
14988985e63fe71670f60128,Fortalecimiento Académico: Matemáticas,2026-2,,0,False
14988985e63fe71670f60128,Geometría Analítica,2026-1,2.68,1,True
14988985e63fe71670f60128,Cálculo Diferencial,2026-1,3.25,0,False
14988985e63fe71670f60128,Fundamentos Matemáticos,2026-1,3.80,0,False
98ba1451259d854f1fa42930,Cálculo Integral,2026-2,,2,True
98ba1451259d854f1fa42930,Física Mecánica,2026-2,,0,False
98ba1451259d854f1fa42930,Fortalecimiento Académico: Matemáticas,2026-2,,0,False
98ba1451259d854f1fa42930,Cálculo Diferencial,2026-1,3.00,0,False
98ba1451259d854f1fa42930,Geometría Analítica,2026-1,3.10,0,False
98ba1451259d854f1fa42930,Fundamentos Matemáticos,2026-1,4.70,0,False
10e137deed06b6d795b5b35d,Cálculo Diferencial,2026-1,,0,False
10e137deed06b6d795b5b35d,Cálculo Diferencial,2026-2,,0,False
10e137deed06b6d795b5b35d,Fortalecimiento Académico: Matemáticas,2026-2,,0,False
10e137deed06b6d795b5b35d,Geometría Analítica,2026-1,3.55,0,False
10e137deed06b6d795b5b35d,Fundamentos Matemáticos,2026-1,4.00,0,False
f5556d35508147b2f6185f80,Álgebra Lineal,2026-2,,0,False
f5556d35508147b2f6185f80,Cálculo Integral,2026-2,,1,True
f5556d35508147b2f6185f80,Física Mecánica,2026-2,,0,False
f5556d35508147b2f6185f80,Cálculo Diferencial,2026-1,3.42,0,False
f5556d35508147b2f6185f80,Fundamentos de Química,2026-1,3.48,0,False
f5556d35508147b2f6185f80,Geometría Analítica,2026-1,3.76,1,True
d8ab7ad310c9993f11aec482,Cálculo Diferencial,2026-2,,0,False
d8ab7ad310c9993f11aec482,Fortalecimiento Académico: Matemáticas,2026-2,,0,False
d8ab7ad310c9993f11aec482,Geometría Analítica,2026-2,,0,False
4af1b4bec58f2557a0922fc1,Cálculo Diferencial,2026-1,,0,False
4af1b4bec58f2557a0922fc1,Cálculo Diferencial,2026-2,,0,False
4af1b4bec58f2557a0922fc1,Geometría Analítica,2026-1,2.62,0,False
e6b873ba117bdb267075f630,Cálculo Diferencial,2026-1,,0,False
e6b873ba117bdb267075f630,Geometría Analítica,2026-1,,0,False
e6b873ba117bdb267075f630,Cálculo Integral,2026-2,,0,False
e6b873ba117bdb267075f630,Física Mecánica,2026-2,,0,False
e6b873ba117bdb267075f630,Geometría Analítica,2026-1,3.03,0,False
e6b873ba117bdb267075f630,Cálculo Diferencial,2026-1,3.22,0,False
950b42a5f1584c4ead6df198,Cálculo Integral,2026-2,,0,False
950b42a5f1584c4ead6df198,Física Mecánica,2026-2,,1,True
950b42a5f1584c4ead6df198,Cálculo Diferencial,2026-1,3.40,0,False
950b42a5f1584c4ead6df198,Geometría Analítica,2026-1,3.71,0,False
056a2fa2e5c420e73557f115,Fortalecimiento Académico: Matemáticas,2026-1,,0,False
056a2fa2e5c420e73557f115,Geometría Analítica,2026-1,,0,False
056a2fa2e5c420e73557f115,Cálculo Integral,2026-2,,0,False
056a2fa2e5c420e73557f115,Fundamentos de Química,2026-2,,0,False
056a2fa2e5c420e73557f115,Geometría Analítica,2026-2,,0,False
056a2fa2e5c420e73557f115,Fundamentos de Química,2026-1,2.08,0,False
056a2fa2e5c420e73557f115,Cálculo Diferencial,2026-1,3.10,1,True
0cf4c8a47a3445a22b481089,Fortalecimiento Académico: Matemáticas,2026-1,,0,False
0cf4c8a47a3445a22b481089,Álgebra Lineal,2026-2,,0,False
0cf4c8a47a3445a22b481089,Cálculo Integral,2026-2,,0,False
0cf4c8a47a3445a22b481089,Física Mecánica,2026-2,,0,False
0cf4c8a47a3445a22b481089,Fortalecimiento Académico: Matemáticas,2026-2,,0,False
0cf4c8a47a3445a22b481089,Fundamentos de Química,2026-2,,0,False
0cf4c8a47a3445a22b481089,Geometría Analítica,2026-1,3.57,0,False
0cf4c8a47a3445a22b481089,Cálculo Diferencial,2026-1,3.96,1,True
0cf4c8a47a3445a22b481089,Fundamentos Matemáticos,2026-1,4.96,0,False
4976e49ff953fc6562ae82ee,Cálculo Integral,2026-2,,1,True
4976e49ff953fc6562ae82ee,Física Mecánica,2026-2,,0,False
4976e49ff953fc6562ae82ee,Cálculo Diferencial,2026-1,3.44,2,True
4976e49ff953fc6562ae82ee,Geometría Analítica,2026-1,3.53,10,True
b4b733fd5d96e226b5769dd3,Fundamentos Matemáticos,2026-2,,0,False
eee3238da0261580ec8fef93,Fundamentos de Química,2026-1,,0,False
eee3238da0261580ec8fef93,Geometría Analítica,2026-1,,0,False
b0f5c2fb5c76fb6d71a5f953,Fortalecimiento Académico: Matemáticas,2026-1,,0,False
b0f5c2fb5c76fb6d71a5f953,Cálculo Integral,2026-2,,1,True
b0f5c2fb5c76fb6d71a5f953,Geometría Analítica,2026-2,,0,False
b0f5c2fb5c76fb6d71a5f953,Cálculo Diferencial,2026-1,3.83,0,False
b0f5c2fb5c76fb6d71a5f953,Fundamentos Matemáticos,2026-1,4.05,0,False
40bcf47c0d69e10ff774f8de,Fortalecimiento Académico: Matemáticas,2026-2,,0,False
7124e6493a35f056bddd82e9,Cálculo Vectorial,2026-1,,0,False
7124e6493a35f056bddd82e9,Ecuaciones Diferenciales,2026-1,,0,False
7124e6493a35f056bddd82e9,Cálculo Vectorial,2026-1,2.44,0,False
9b23d5bffdf250e75769e941,Fundamentos de Química,2026-1,,0,False
9b23d5bffdf250e75769e941,Geometría Analítica,2026-1,,0,False
9b23d5bffdf250e75769e941,Cálculo Diferencial,2026-1,2.57,0,False
9b23d5bffdf250e75769e941,Fundamentos Matemáticos,2026-1,2.84,0,False
51b3dfeb800d8908628abc43,Fortalecimiento Académico: Matemáticas,2026-1,,0,False
6c860f1e8bf551e5e7d249a5,Geometría Analítica,2026-2,,0,False
e619b7062a593b4840f37928,Cálculo Diferencial,2026-1,,0,False
e619b7062a593b4840f37928,Fundamentos de Química,2026-1,,0,False
e619b7062a593b4840f37928,Geometría Analítica,2026-1,,0,False
e619b7062a593b4840f37928,Cálculo Diferencial,2026-2,,0,False
e619b7062a593b4840f37928,Fundamentos de Química,2026-2,,0,False
2ee87be4b3f4754a21ecf026,Cálculo Integral,2026-2,,0,False
2ee87be4b3f4754a21ecf026,Física Mecánica,2026-2,,0,False
2ee87be4b3f4754a21ecf026,Cálculo Diferencial,2026-1,3.22,0,False
2ee87be4b3f4754a21ecf026,Geometría Analítica,2026-1,3.86,0,False
6ad09c2733ab3877a28b09fe,Cálculo Diferencial,2026-1,,0,False
6ad09c2733ab3877a28b09fe,Fortalecimiento Académico: Matemáticas,2026-1,,0,False
6ad09c2733ab3877a28b09fe,Fundamentos Matemáticos,2026-1,,1,True
6ad09c2733ab3877a28b09fe,Cálculo Diferencial,2026-2,,0,False
6ad09c2733ab3877a28b09fe,Fundamentos Matemáticos,2026-2,,0,False
f83ee109196402a13e19fee6,Geometría Analítica,2026-1,4.23,1,True
f83ee109196402a13e19fee6,Fundamentos Matemáticos,2026-1,4.58,0,False
63b11682215e661743c2639d,Fortalecimiento Académico: Matemáticas,2026-2,,0,False
9a2261c56fb842c1ee6c0432,Cálculo Diferencial,2026-1,2.50,0,False
9a2261c56fb842c1ee6c0432,Geometría Analítica,2026-1,3.17,0,False
b0b26838c9f9b8c099c48994,Álgebra Lineal,2026-2,,0,False
b0b26838c9f9b8c099c48994,Cálculo Integral,2026-2,,0,False
b0b26838c9f9b8c099c48994,Geometría Analítica,2026-1,3.27,0,False
b0b26838c9f9b8c099c48994,Cálculo Diferencial,2026-1,3.44,0,False
b0b26838c9f9b8c099c48994,Fundamentos de Química,2026-1,3.60,0,False
b0b26838c9f9b8c099c48994,Fundamentos Matemáticos,2026-1,4.20,0,False
71d9bdcf0983074c721a6b06,Álgebra Lineal,2026-2,,0,False
71d9bdcf0983074c721a6b06,Cálculo Integral,2026-2,,0,False
71d9bdcf0983074c721a6b06,Cálculo Diferencial,2026-1,3.05,4,True
71d9bdcf0983074c721a6b06,Fundamentos Matemáticos,2026-1,3.12,0,False
71d9bdcf0983074c721a6b06,Fundamentos de Química,2026-1,3.33,0,False
71d9bdcf0983074c721a6b06,Geometría Analítica,2026-1,3.39,4,True
dca948dede2a0ab3181a4156,Cálculo Diferencial,2026-1,,0,False
dca948dede2a0ab3181a4156,Geometría Analítica,2026-1,,0,False
8611bebbf02ce6509c5b4657,Cálculo Diferencial,2026-1,,0,False
8611bebbf02ce6509c5b4657,Geometría Analítica,2026-1,,0,False
8611bebbf02ce6509c5b4657,Cálculo Integral,2026-2,,0,False
8611bebbf02ce6509c5b4657,Física Mecánica,2026-2,,0,False
8611bebbf02ce6509c5b4657,Geometría Analítica,2026-1,3.16,0,False
8611bebbf02ce6509c5b4657,Cálculo Diferencial,2026-1,3.29,0,False
917a2359282e22fa28dac8c8,Cálculo Diferencial,2026-2,,0,False
917a2359282e22fa28dac8c8,Fortalecimiento Académico: Matemáticas,2026-2,,0,False
917a2359282e22fa28dac8c8,Fundamentos Matemáticos,2026-2,,0,False
917a2359282e22fa28dac8c8,Geometría Analítica,2026-2,,1,True
55941e546720787be113baa6,Fortalecimiento Académico: Matemáticas,2026-2,,0,False
d0c0dccc563c9e50844db8da,Cálculo Diferencial,2026-1,,1,True
d0c0dccc563c9e50844db8da,Geometría Analítica,2026-1,,0,False
d0c0dccc563c9e50844db8da,Álgebra Lineal,2026-2,,1,True
d0c0dccc563c9e50844db8da,Cálculo Diferencial,2026-2,,0,False
d0c0dccc563c9e50844db8da,Fortalecimiento Académico: Matemáticas,2026-2,,0,False
d0c0dccc563c9e50844db8da,Geometría Analítica,2026-1,3.39,0,False
d0c0dccc563c9e50844db8da,Fundamentos de Química,2026-1,3.55,0,False
302c81caa8eedf1d70a96c5a,Cálculo Diferencial,2026-1,,0,False
302c81caa8eedf1d70a96c5a,Fortalecimiento Académico: Matemáticas,2026-1,,0,False
302c81caa8eedf1d70a96c5a,Fundamentos de Química,2026-1,,0,False
302c81caa8eedf1d70a96c5a,Geometría Analítica,2026-1,,0,False
ac27ad9b0af6fa92cfbbe4c4,Cálculo Diferencial,2026-1,,1,True
ac27ad9b0af6fa92cfbbe4c4,Cálculo Diferencial,2026-2,,0,False
ac27ad9b0af6fa92cfbbe4c4,Geometría Analítica,2026-1,2.23,0,False
1c241b587568dbf61587b3fa,Cálculo Diferencial,2026-1,,0,False
1c241b587568dbf61587b3fa,Geometría Analítica,2026-1,,0,False
1c241b587568dbf61587b3fa,Cálculo Diferencial,2026-2,,0,False
1c241b587568dbf61587b3fa,Fortalecimiento Académico: Matemáticas,2026-2,,0,False
1c241b587568dbf61587b3fa,Fundamentos Matemáticos,2026-2,,0,False
8e8bba603aa90364450c8317,Fundamentos de Química,2026-1,,0,False
8e8bba603aa90364450c8317,Fundamentos Matemáticos,2026-1,,0,False
8e8bba603aa90364450c8317,Geometría Analítica,2026-1,,0,False
0a88ca52f353978bf867e758,Álgebra Lineal,2026-2,,0,False
0a88ca52f353978bf867e758,Cálculo Integral,2026-2,,1,True
0a88ca52f353978bf867e758,Física Mecánica,2026-2,,0,False
0a88ca52f353978bf867e758,Cálculo Diferencial,2026-1,3.32,0,False
0a88ca52f353978bf867e758,Geometría Analítica,2026-1,3.41,0,False
0a88ca52f353978bf867e758,Fundamentos de Química,2026-1,3.74,0,False
bf32526a1f9ed0ffc27f4857,Cálculo Diferencial,2026-1,,1,True
bf32526a1f9ed0ffc27f4857,Cálculo Diferencial,2026-2,,0,False
bf32526a1f9ed0ffc27f4857,Fortalecimiento Académico: Matemáticas,2026-2,,0,False
bf32526a1f9ed0ffc27f4857,Geometría Analítica,2026-2,,0,False
bf32526a1f9ed0ffc27f4857,Geometría Analítica,2026-1,2.52,0,False
7e4014b903762522646f8219,Geometría Analítica,2026-2,,0,False
7e4014b903762522646f8219,Fundamentos Matemáticos,2026-1,5.00,0,False
b74fb6ac4abe4385840c2f1f,Cálculo Diferencial,2026-1,,0,False
b74fb6ac4abe4385840c2f1f,Fundamentos Matemáticos,2026-1,,0,False
b74fb6ac4abe4385840c2f1f,Geometría Analítica,2026-1,,0,False
362e0a39c19467c5622ae086,Cálculo Diferencial,2026-1,,0,False
362e0a39c19467c5622ae086,Cálculo Integral,2026-2,,0,False
362e0a39c19467c5622ae086,Geometría Analítica,2026-2,,0,False
362e0a39c19467c5622ae086,Cálculo Diferencial,2026-1,3.73,0,False
362e0a39c19467c5622ae086,Fundamentos de Química,2026-1,4.68,0,False
7fe9dcb9b52b9956a237aca3,Cálculo Diferencial,2026-1,,0,False
7fe9dcb9b52b9956a237aca3,Geometría Analítica,2026-1,,0,False
7fe9dcb9b52b9956a237aca3,Cálculo Diferencial,2026-1,2.70,0,False
7fe9dcb9b52b9956a237aca3,Geometría Analítica,2026-1,3.33,0,False
cfdb78e03daf7d42a55ea62c,Cálculo Diferencial,2026-1,,0,False
cfdb78e03daf7d42a55ea62c,Álgebra Lineal,2026-2,,0,False
cfdb78e03daf7d42a55ea62c,Cálculo Diferencial,2026-2,,0,False
cfdb78e03daf7d42a55ea62c,Geometría Analítica,2026-1,4.00,0,False
4f7cf6df86bf40b1b19dca2c,Cálculo Diferencial,2026-1,,0,False
4f7cf6df86bf40b1b19dca2c,Fortalecimiento Académico: Matemáticas,2026-1,,0,False
4f7cf6df86bf40b1b19dca2c,Geometría Analítica,2026-1,2.08,0,False
4f7cf6df86bf40b1b19dca2c,Cálculo Diferencial,2026-1,2.91,0,False
4e740b7c40045ecc7c3858fa,Cálculo Diferencial,2026-1,,0,False
4e740b7c40045ecc7c3858fa,Geometría Analítica,2026-1,,0,False
4e740b7c40045ecc7c3858fa,Cálculo Diferencial,2026-2,,0,False
4e740b7c40045ecc7c3858fa,Geometría Analítica,2026-1,1.97,0,False
7066e71b954ce2dd091f818c,Cálculo Diferencial,2026-2,,1,True
7066e71b954ce2dd091f818c,Fortalecimiento Académico: Matemáticas,2026-2,,0,False
7066e71b954ce2dd091f818c,Fundamentos de Química,2026-2,,0,False
7066e71b954ce2dd091f818c,Fundamentos Matemáticos,2026-2,,0,False
7066e71b954ce2dd091f818c,Geometría Analítica,2026-2,,0,False
f84a89d25ee78d557165697e,Álgebra Lineal,2026-1,,1,True
f84a89d25ee78d557165697e,Álgebra Lineal,2026-2,,0,False
f84a89d25ee78d557165697e,Cálculo Integral,2026-2,,0,False
f84a89d25ee78d557165697e,Fortalecimiento Académico: Matemáticas,2026-2,,0,False
f84a89d25ee78d557165697e,Geometría Analítica,2026-1,3.50,0,False
f84a89d25ee78d557165697e,Cálculo Diferencial,2026-1,3.60,0,False
f84a89d25ee78d557165697e,Fundamentos de Química,2026-1,4.00,0,False
b175db48680fa84c03a6ed6f,Fundamentos Matemáticos,2026-1,4.94,0,False
30f2f410007294424843a284,Álgebra Lineal,2026-2,,0,False
30f2f410007294424843a284,Cálculo Integral,2026-2,,0,False
30f2f410007294424843a284,Física Mecánica,2026-2,,0,False
30f2f410007294424843a284,Cálculo Diferencial,2026-1,4.05,3,True
30f2f410007294424843a284,Fundamentos de Química,2026-1,4.27,2,True
30f2f410007294424843a284,Geometría Analítica,2026-1,4.41,4,True
30f2f410007294424843a284,Fundamentos Matemáticos,2026-1,4.67,1,True
5d043dadb89f698757c7619b,Fortalecimiento Académico: Matemáticas,2026-2,,0,False
7fd2b67ab2b419f3e71702dc,Cálculo Diferencial,2026-1,,1,True
7fd2b67ab2b419f3e71702dc,Fortalecimiento Académico: Matemáticas,2026-1,,0,False
7fd2b67ab2b419f3e71702dc,Fundamentos de Química,2026-1,,0,False
7fd2b67ab2b419f3e71702dc,Geometría Analítica,2026-1,,0,False
7cf24f323d8b609d9b6452f9,Cálculo Diferencial,2026-1,,0,False
7cf24f323d8b609d9b6452f9,Geometría Analítica,2026-1,,0,False
7cf24f323d8b609d9b6452f9,Cálculo Diferencial,2026-2,,0,False
7cf24f323d8b609d9b6452f9,Geometría Analítica,2026-2,,0,False
7cf24f323d8b609d9b6452f9,Fundamentos Matemáticos,2026-1,3.00,0,False
1cb26c09a050ad3249d57de0,Cálculo Integral,2026-2,,0,False
1cb26c09a050ad3249d57de0,Física Mecánica,2026-2,,0,False
1cb26c09a050ad3249d57de0,Cálculo Diferencial,2026-1,3.01,0,False
1cb26c09a050ad3249d57de0,Geometría Analítica,2026-1,3.36,0,False
d2dffad8ac05e8080d037e2b,Cálculo Diferencial,2026-1,,0,False
d2dffad8ac05e8080d037e2b,Geometría Analítica,2026-1,,0,False
d2dffad8ac05e8080d037e2b,Cálculo Diferencial,2026-2,,0,False
d2dffad8ac05e8080d037e2b,Fundamentos de Química,2026-2,,0,False
d2dffad8ac05e8080d037e2b,Geometría Analítica,2026-2,,0,False
d2dffad8ac05e8080d037e2b,Fundamentos Matemáticos,2026-1,2.87,0,False
b812274b0d02fa95eedc0bc5,Fortalecimiento Académico: Matemáticas,2026-2,,0,False
4c12a0022d707c6626229402,Cálculo Integral,2026-2,,0,False
4c12a0022d707c6626229402,Geometría Analítica,2026-2,,0,False
4c12a0022d707c6626229402,Fundamentos Matemáticos,2026-1,4.00,0,False
4c12a0022d707c6626229402,Cálculo Diferencial,2026-1,4.31,0,False
023ff407fe50018883b58ed7,Cálculo Diferencial,2026-1,4.72,0,False
023ff407fe50018883b58ed7,Geometría Analítica,2026-1,4.78,1,True
2f299934d3ed7cac66ad0554,Fortalecimiento Académico: Matemáticas,2026-1,,0,False
2f299934d3ed7cac66ad0554,Cálculo Diferencial,2026-1,0.58,0,False
2f299934d3ed7cac66ad0554,Geometría Analítica,2026-1,0.63,0,False
5d65cc002d2113eb90028d80,Fortalecimiento Académico: Matemáticas,2026-1,,0,False
fb8d9b6db890a7eb52db9e85,Cálculo Diferencial,2026-1,,1,True
fb8d9b6db890a7eb52db9e85,Fortalecimiento Académico: Matemáticas,2026-1,,0,False
fb8d9b6db890a7eb52db9e85,Álgebra Lineal,2026-2,,0,False
fb8d9b6db890a7eb52db9e85,Cálculo Integral,2026-2,,1,True
fb8d9b6db890a7eb52db9e85,Fortalecimiento Académico: Matemáticas,2026-2,,0,False
fb8d9b6db890a7eb52db9e85,Cálculo Diferencial,2026-1,3.08,1,True
fb8d9b6db890a7eb52db9e85,Geometría Analítica,2026-1,3.31,1,True
fb8d9b6db890a7eb52db9e85,Fundamentos de Química,2026-1,3.57,0,False
20352237ae7fe4af68bf6b4e,Cálculo Diferencial,2026-2,,0,False
20352237ae7fe4af68bf6b4e,Fundamentos de Química,2026-2,,0,False
20352237ae7fe4af68bf6b4e,Geometría Analítica,2026-2,,0,False
84352898c1b8e1c6cb4a40df,Cálculo Diferencial,2026-2,,0,False
84352898c1b8e1c6cb4a40df,Fundamentos Matemáticos,2026-2,,0,False
833868787ac2c986af80501e,Fundamentos Matemáticos,2026-2,,0,False
b43225f8a23269643da37a62,Fundamentos Matemáticos,2026-2,,0,False
931aea223d8e21e132158bf4,Cálculo Diferencial,2026-2,,0,False
931aea223d8e21e132158bf4,Fortalecimiento Académico: Matemáticas,2026-2,,0,False
931aea223d8e21e132158bf4,Fundamentos de Química,2026-2,,0,False
931aea223d8e21e132158bf4,Fundamentos Matemáticos,2026-2,,0,False
931aea223d8e21e132158bf4,Geometría Analítica,2026-2,,0,False
b3ab3b5314b020944e5b6d93,Cálculo Diferencial,2026-2,,0,False
b3ab3b5314b020944e5b6d93,Fundamentos Matemáticos,2026-2,,0,False
2eeae37ed15583ede3140c1a,Cálculo Diferencial,2026-2,,0,False
2eeae37ed15583ede3140c1a,Fundamentos de Química,2026-2,,0,False
2eeae37ed15583ede3140c1a,Fundamentos Matemáticos,2026-2,,0,False
2eeae37ed15583ede3140c1a,Geometría Analítica,2026-2,,0,False
3bac649b186d6d1f7083b42f,Cálculo Diferencial,2026-2,,0,False
3bac649b186d6d1f7083b42f,Fundamentos de Química,2026-2,,0,False
3bac649b186d6d1f7083b42f,Fundamentos Matemáticos,2026-2,,0,False
3bac649b186d6d1f7083b42f,Geometría Analítica,2026-2,,0,False
afad7fa9d787715b795857f3,Cálculo Diferencial,2026-2,,0,False
afad7fa9d787715b795857f3,Fundamentos Matemáticos,2026-2,,0,False
afad7fa9d787715b795857f3,Geometría Analítica,2026-2,,0,False
ef3b65a4005ff0bdb9f86dc8,Cálculo Diferencial,2026-2,,1,True
ef3b65a4005ff0bdb9f86dc8,Fundamentos de Química,2026-2,,0,False
ef3b65a4005ff0bdb9f86dc8,Geometría Analítica,2026-2,,0,False
06a6778c3b1f5c5bedc0a629,Fundamentos Matemáticos,2026-2,,0,False
3c5b82bde90ebc2d54267aa0,Cálculo Diferencial,2026-2,,0,False
3c5b82bde90ebc2d54267aa0,Fortalecimiento Académico: Matemáticas,2026-2,,0,False
3c5b82bde90ebc2d54267aa0,Fundamentos de Química,2026-2,,0,False
3c5b82bde90ebc2d54267aa0,Fundamentos Matemáticos,2026-2,,0,False
3c5b82bde90ebc2d54267aa0,Geometría Analítica,2026-2,,0,False
c9c1e12fe1eb0e1328cb7f61,Cálculo Diferencial,2026-2,,0,False
c9c1e12fe1eb0e1328cb7f61,Fortalecimiento Académico: Matemáticas,2026-2,,0,False
c9c1e12fe1eb0e1328cb7f61,Fundamentos de Química,2026-2,,0,False
c9c1e12fe1eb0e1328cb7f61,Fundamentos Matemáticos,2026-2,,0,False
c9c1e12fe1eb0e1328cb7f61,Geometría Analítica,2026-2,,0,False
1df8ac5b67f7ed35bb1138da,Cálculo Diferencial,2026-2,,0,False
1df8ac5b67f7ed35bb1138da,Geometría Analítica,2026-2,,0,False
2621a44c78e0f49dacffc942,Cálculo Diferencial,2026-2,,0,False
2621a44c78e0f49dacffc942,Fortalecimiento Académico: Matemáticas,2026-2,,0,False
2621a44c78e0f49dacffc942,Geometría Analítica,2026-2,,0,False
213f101dcee81170e3c66655,Cálculo Diferencial,2026-2,,1,True
213f101dcee81170e3c66655,Fortalecimiento Académico: Matemáticas,2026-2,,0,False
213f101dcee81170e3c66655,Geometría Analítica,2026-2,,1,True
69c7b35b90595c7341286be0,Cálculo Diferencial,2026-2,,1,True
69c7b35b90595c7341286be0,Fortalecimiento Académico: Matemáticas,2026-2,,0,False
69c7b35b90595c7341286be0,Fundamentos Matemáticos,2026-2,,0,False
69c7b35b90595c7341286be0,Geometría Analítica,2026-2,,2,True
ae57537b66da4afe3b8f1262,Cálculo Diferencial,2026-2,,2,True
ae57537b66da4afe3b8f1262,Fortalecimiento Académico: Matemáticas,2026-2,,0,False
ae57537b66da4afe3b8f1262,Fundamentos de Química,2026-2,,0,False
ae57537b66da4afe3b8f1262,Fundamentos Matemáticos,2026-2,,0,False
ae57537b66da4afe3b8f1262,Geometría Analítica,2026-2,,2,True
f471b9e449159dc53bc9c2d2,Cálculo Diferencial,2026-2,,0,False
f471b9e449159dc53bc9c2d2,Fundamentos Matemáticos,2026-2,,0,False
76e36c1409ad844fc992f102,Cálculo Diferencial,2026-2,,0,False
76e36c1409ad844fc992f102,Fortalecimiento Académico: Matemáticas,2026-2,,0,False
76e36c1409ad844fc992f102,Fundamentos de Química,2026-2,,0,False
76e36c1409ad844fc992f102,Geometría Analítica,2026-2,,0,False
b74ab1e58629304f0401f545,Cálculo Diferencial,2026-2,,0,False
b74ab1e58629304f0401f545,Fundamentos de Química,2026-2,,0,False
b74ab1e58629304f0401f545,Geometría Analítica,2026-2,,0,False
5ad4754ecf05e2bea0ca2cb0,Cálculo Diferencial,2026-2,,0,False
5ad4754ecf05e2bea0ca2cb0,Fundamentos Matemáticos,2026-2,,0,False
5ad4754ecf05e2bea0ca2cb0,Geometría Analítica,2026-2,,0,False
acf60b23080d566dee732a41,Cálculo Diferencial,2026-2,,0,False
acf60b23080d566dee732a41,Fortalecimiento Académico: Matemáticas,2026-2,,0,False
acf60b23080d566dee732a41,Geometría Analítica,2026-2,,0,False
94f0f4535477a11747351108,Fundamentos Matemáticos,2026-2,,0,False
44ae9edda3bd0cfac27b7ef8,Cálculo Diferencial,2026-2,,0,False
44ae9edda3bd0cfac27b7ef8,Fortalecimiento Académico: Matemáticas,2026-2,,0,False
44ae9edda3bd0cfac27b7ef8,Geometría Analítica,2026-2,,0,False
51075ff28075d59397c2e9b9,Cálculo Diferencial,2026-2,,0,False
51075ff28075d59397c2e9b9,Fortalecimiento Académico: Matemáticas,2026-2,,0,False
51075ff28075d59397c2e9b9,Geometría Analítica,2026-2,,0,False
46e45e10e91497457a57d18e,Cálculo Diferencial,2026-2,,1,True
46e45e10e91497457a57d18e,Fortalecimiento Académico: Matemáticas,2026-2,,0,False
46e45e10e91497457a57d18e,Fundamentos Matemáticos,2026-2,,0,False
46e45e10e91497457a57d18e,Geometría Analítica,2026-2,,1,True
5c12d28fceae040fe425a934,Cálculo Diferencial,2026-2,,0,False
5c12d28fceae040fe425a934,Fortalecimiento Académico: Matemáticas,2026-2,,0,False
5c12d28fceae040fe425a934,Geometría Analítica,2026-2,,0,False
df2a96fe2ad21f422c21cfa8,Cálculo Diferencial,2026-2,,1,True
df2a96fe2ad21f422c21cfa8,Geometría Analítica,2026-2,,1,True
87e7d4eb0f70c0cd9955a83f,Fortalecimiento Académico: Matemáticas,2026-2,,0,False
7f44b434b42f7a089731b6bf,Cálculo Diferencial,2026-2,,0,False
7f44b434b42f7a089731b6bf,Geometría Analítica,2026-2,,0,False
51237846cb448a9a23136cb8,Cálculo Diferencial,2026-2,,1,True
51237846cb448a9a23136cb8,Fortalecimiento Académico: Matemáticas,2026-2,,0,False
51237846cb448a9a23136cb8,Geometría Analítica,2026-2,,1,True
e590cd0268a591f2077a8c7d,Fundamentos Matemáticos,2026-2,,0,False
f1cad316ba02de20e517959e,Cálculo Diferencial,2026-2,,1,True
f1cad316ba02de20e517959e,Fortalecimiento Académico: Matemáticas,2026-2,,0,False
f1cad316ba02de20e517959e,Geometría Analítica,2026-2,,1,True
081a8f7c5343c00137b38d5a,Cálculo Diferencial,2026-2,,1,True
081a8f7c5343c00137b38d5a,Fundamentos de Química,2026-2,,0,False
081a8f7c5343c00137b38d5a,Geometría Analítica,2026-2,,1,True
c2a5e45d749ac58f7b84ef99,Fundamentos Matemáticos,2026-2,,0,False
bbdab3cce931392d8bf80a73,Fundamentos Matemáticos,2026-2,,0,False
0bba0e2ffd43e0b78387fbf1,Cálculo Diferencial,2026-2,,0,False
77f4f6a65fbb3c3734b27fce,Cálculo Diferencial,2026-2,,0,False
77f4f6a65fbb3c3734b27fce,Fortalecimiento Académico: Matemáticas,2026-2,,0,False
77f4f6a65fbb3c3734b27fce,Fundamentos Matemáticos,2026-2,,0,False
3a649b5fbc345bff43e7f46c,Fundamentos Matemáticos,2026-2,,0,False
ceea7048d6c6c51e0ef74bd2,Cálculo Diferencial,2026-2,,0,False
ceea7048d6c6c51e0ef74bd2,Geometría Analítica,2026-2,,0,False
11e83d0d3930064aa02a6753,Cálculo Diferencial,2026-2,,1,True
11e83d0d3930064aa02a6753,Geometría Analítica,2026-2,,0,False
20f0c69fd35aa6fc7bca93ca,Fundamentos de Química,2026-2,,0,False
20f0c69fd35aa6fc7bca93ca,Geometría Analítica,2026-2,,0,False
3697f690d3cb604fc24363d0,Cálculo Diferencial,2026-2,,1,True
3697f690d3cb604fc24363d0,Fundamentos de Química,2026-2,,0,False
3697f690d3cb604fc24363d0,Geometría Analítica,2026-2,,1,True
4208d2baf999b02ea1b3211d,Cálculo Diferencial,2026-2,,0,False
4208d2baf999b02ea1b3211d,Fortalecimiento Académico: Matemáticas,2026-2,,0,False
4208d2baf999b02ea1b3211d,Fundamentos Matemáticos,2026-2,,0,False
4208d2baf999b02ea1b3211d,Geometría Analítica,2026-2,,0,False
dca318a63ca377156e649f2a,Cálculo Diferencial,2026-2,,0,False
dca318a63ca377156e649f2a,Fundamentos Matemáticos,2026-2,,0,False
99146012c9809c397fc0416c,Álgebra Lineal,2026-2,,0,False
468e122bb9ae9d6c4e9bf85d,Cálculo Diferencial,2026-2,,1,True
468e122bb9ae9d6c4e9bf85d,Fortalecimiento Académico: Matemáticas,2026-2,,0,False
468e122bb9ae9d6c4e9bf85d,Fundamentos de Química,2026-2,,0,False
468e122bb9ae9d6c4e9bf85d,Fundamentos Matemáticos,2026-2,,0,False
468e122bb9ae9d6c4e9bf85d,Geometría Analítica,2026-2,,0,False
66b21a689b2f9819a9c6d49c,Fortalecimiento Académico: Matemáticas,2026-2,,0,False
bd1d23a7e7f27ca97454317c,Cálculo Diferencial,2026-2,,0,False
bd1d23a7e7f27ca97454317c,Fortalecimiento Académico: Matemáticas,2026-2,,0,False
bd1d23a7e7f27ca97454317c,Geometría Analítica,2026-2,,0,False
14b3eeae4c4560e6a38f2124,Cálculo Diferencial,2026-2,,0,False
14b3eeae4c4560e6a38f2124,Fortalecimiento Académico: Matemáticas,2026-2,,0,False
14b3eeae4c4560e6a38f2124,Geometría Analítica,2026-2,,0,False
086351fbaf23fc37399ca7cf,Cálculo Diferencial,2026-2,,0,False
086351fbaf23fc37399ca7cf,Geometría Analítica,2026-2,,0,False
256bd2a6c800d4bafaee26ed,Cálculo Diferencial,2026-2,,0,False
256bd2a6c800d4bafaee26ed,Fortalecimiento Académico: Matemáticas,2026-2,,0,False
256bd2a6c800d4bafaee26ed,Fundamentos Matemáticos,2026-2,,0,False
256bd2a6c800d4bafaee26ed,Fundamentos Matemáticos,2026-2,4.60,0,False
df3518f89a88d31e95edd9ed,Cálculo Diferencial,2026-2,,1,True
df3518f89a88d31e95edd9ed,Fundamentos de Química,2026-2,,0,False
df3518f89a88d31e95edd9ed,Fundamentos Matemáticos,2026-2,,0,False
df3518f89a88d31e95edd9ed,Geometría Analítica,2026-2,,0,False
02025cc511789f50b1cd0157,Cálculo Diferencial,2026-2,,2,True
02025cc511789f50b1cd0157,Fortalecimiento Académico: Matemáticas,2026-2,,0,False
02025cc511789f50b1cd0157,Fundamentos de Química,2026-2,,0,False
02025cc511789f50b1cd0157,Geometría Analítica,2026-2,,4,True
7d1e310d9d21e3f1a418e3cb,Fortalecimiento Académico: Matemáticas,2026-2,,0,False
5150d19876c9e4e4cc8027c2,Cálculo Diferencial,2026-2,,0,False
5150d19876c9e4e4cc8027c2,Geometría Analítica,2026-2,,0,False
8af8bc10269a1d4fd15523d9,Cálculo Diferencial,2026-2,,0,False
8af8bc10269a1d4fd15523d9,Fundamentos de Química,2026-2,,0,False
8af8bc10269a1d4fd15523d9,Fundamentos Matemáticos,2026-2,,0,False
8af8bc10269a1d4fd15523d9,Geometría Analítica,2026-2,,0,False
aa3f6baa109fca63c052c8c5,Cálculo Diferencial,2026-2,,1,True
aa3f6baa109fca63c052c8c5,Fortalecimiento Académico: Matemáticas,2026-2,,0,False
aa3f6baa109fca63c052c8c5,Geometría Analítica,2026-2,,1,True
b8382af3bf350c095996864d,Geometría Analítica,2026-2,,0,False
6cb819cc0bf41a43c6aa8ede,Cálculo Diferencial,2026-2,,1,True
6cb819cc0bf41a43c6aa8ede,Fortalecimiento Académico: Matemáticas,2026-2,,0,False
6cb819cc0bf41a43c6aa8ede,Fundamentos Matemáticos,2026-2,,0,False
6cb819cc0bf41a43c6aa8ede,Geometría Analítica,2026-2,,0,False
eb955bcaa9caf78292243f20,Fundamentos Matemáticos,2026-2,,0,False
3840f618d94c6f2a3736b67c,Cálculo Diferencial,2026-2,,0,False
3840f618d94c6f2a3736b67c,Fortalecimiento Académico: Matemáticas,2026-2,,0,False
3840f618d94c6f2a3736b67c,Fundamentos de Química,2026-2,,0,False
3840f618d94c6f2a3736b67c,Fundamentos Matemáticos,2026-2,,0,False
3840f618d94c6f2a3736b67c,Geometría Analítica,2026-2,,0,False
e2693e9428c16fb65571cd99,Cálculo Diferencial,2026-2,,0,False
e2693e9428c16fb65571cd99,Fundamentos Matemáticos,2026-2,,0,False
713a2988b7278eb687040411,Cálculo Diferencial,2026-2,,1,True
713a2988b7278eb687040411,Fortalecimiento Académico: Matemáticas,2026-2,,0,False
713a2988b7278eb687040411,Geometría Analítica,2026-2,,2,True
78514bcbfd88f38cdf2dca55,Cálculo Diferencial,2026-2,,0,False
78514bcbfd88f38cdf2dca55,Fortalecimiento Académico: Matemáticas,2026-2,,0,False
78514bcbfd88f38cdf2dca55,Geometría Analítica,2026-2,,0,False
65abeda8588652a6e41ee960,Cálculo Diferencial,2026-2,,0,False
65abeda8588652a6e41ee960,Fortalecimiento Académico: Matemáticas,2026-2,,0,False
225a28e6442e09f8eebd2f0b,Cálculo Diferencial,2026-2,,0,False
225a28e6442e09f8eebd2f0b,Fundamentos de Química,2026-2,,0,False
225a28e6442e09f8eebd2f0b,Geometría Analítica,2026-2,,1,True
368a64055accdb41aaff8496,Álgebra Lineal,2026-2,,0,False
368a64055accdb41aaff8496,Cálculo Integral,2026-2,,0,False
61b73f98c0e09a50be6f3d5d,Cálculo Diferencial,2026-2,,0,False
61b73f98c0e09a50be6f3d5d,Fundamentos de Química,2026-2,,0,False
61b73f98c0e09a50be6f3d5d,Fundamentos Matemáticos,2026-2,,0,False
61b73f98c0e09a50be6f3d5d,Geometría Analítica,2026-2,,0,False
14635167bc5e6e1c618b1bd9,Cálculo Diferencial,2026-2,,0,False
14635167bc5e6e1c618b1bd9,Geometría Analítica,2026-2,,0,False
094c1bbe63662be775ae5b8f,Fortalecimiento Académico: Matemáticas,2026-2,,0,False
921ba091a0953756f0b18ba7,Cálculo Diferencial,2026-2,,2,True
ae3d8f557bbf432553d378f1,Cálculo Diferencial,2026-2,,0,False
ae3d8f557bbf432553d378f1,Fundamentos de Química,2026-2,,0,False
ae3d8f557bbf432553d378f1,Fundamentos Matemáticos,2026-2,,0,False
ae3d8f557bbf432553d378f1,Geometría Analítica,2026-2,,0,False
c8e4b3521cc87c8c82cada51,Fundamentos Matemáticos,2026-2,,0,False
0bba78923ca7f9d67819d26e,Electricidad y Magnetismo,2026-2,,0,False
0bba78923ca7f9d67819d26e,Física Mecánica,2026-2,,0,False
0bba78923ca7f9d67819d26e,Fortalecimiento Académico: Física,2026-2,,0,False
0bba78923ca7f9d67819d26e,Fundamentos de Química,2026-2,,0,False
0bba78923ca7f9d67819d26e,Geometría Analítica,2026-2,,0,False
c4c09a7a607c5e093950c6fa,Cálculo Diferencial,2026-2,,0,False
c4c09a7a607c5e093950c6fa,Geometría Analítica,2026-2,,0,False
b27645962fb69c98a5b4c483,Fortalecimiento Académico: Matemáticas,2026-2,,0,False
ff1106f6aa3be82472c268aa,Fortalecimiento Académico: Matemáticas,2026-2,,0,False
2b798221b06edae9682c6e81,Cálculo Diferencial,2026-2,,0,False
2b798221b06edae9682c6e81,Fortalecimiento Académico: Matemáticas,2026-2,,0,False
2b798221b06edae9682c6e81,Fundamentos de Química,2026-2,,0,False
2b798221b06edae9682c6e81,Geometría Analítica,2026-2,,0,False
4f7f775a72545e8ec1864851,Fundamentos de Química,2026-2,,0,False
4f7f775a72545e8ec1864851,Geometría Analítica,2026-2,,0,False
e62a182a8990fe932dd77974,Geometría Analítica,2026-2,,0,False
9b017105e0ea3dfaccca06d2,Fundamentos Matemáticos,2026-2,,0,False
d41d72fc5f2a5d3fb00e24db,Cálculo Diferencial,2026-2,,0,False
d41d72fc5f2a5d3fb00e24db,Fortalecimiento Académico: Matemáticas,2026-2,,0,False
d41d72fc5f2a5d3fb00e24db,Fundamentos Matemáticos,2026-2,,0,False
f60522e60c1d646b88f67db9,Cálculo Diferencial,2026-2,,0,False
f60522e60c1d646b88f67db9,Fundamentos de Química,2026-2,,0,False
f60522e60c1d646b88f67db9,Geometría Analítica,2026-2,,0,False
